desc: I1 cache:         65536 B, 64 B, 4-way associative
desc: D1 cache:         32768 B, 64 B, 8-way associative
desc: LL cache:         4194304 B, 64 B, 16-way associative
cmd: ./EmbeddedNet test 1
events: Ir I1mr ILmr Dr D1mr DLmr Dw D1mw DLmw 
fl=/build/glibc-sMfBJT/glibc-2.31/csu/../csu/libc-start.c
fn=(below main)
137 14 1 1 0 0 0 9 0 0
141 4 1 1 1 0 0 1 0 0
237 2 0 0 0 0 0 0 0 0
238 3 0 0 0 0 0 1 0 0
260 4 0 0 2 0 0 0 0 0
263 2 0 0 0 0 0 0 0 0
264 5 0 0 4 0 0 1 0 0
268 4 1 1 2 1 0 0 0 0
283 2 0 0 0 0 0 0 0 0
295 3 0 0 0 0 0 1 0 0
296 2 0 0 0 0 0 0 0 0
301 2 0 0 1 1 0 1 0 0
302 2 1 1 1 1 0 1 0 0
305 2 0 0 0 0 0 1 0 0
308 6 0 0 5 0 0 1 0 0
342 2 0 0 0 0 0 1 0 0
fl=/build/glibc-sMfBJT/glibc-2.31/csu/init-first.c
fn=_init
52 4 1 1 0 0 0 1 0 0
55 4 1 1 1 1 0 1 1 0
62 5 1 1 4 1 0 0 0 0
67 1 0 0 0 0 0 1 1 0
68 1 0 0 0 0 0 1 0 0
69 2 0 0 1 1 0 1 1 0
77 2 0 0 0 0 0 1 0 0
80 1 0 0 0 0 0 0 0 0
85 2 0 0 1 0 0 0 0 0
fl=/build/glibc-sMfBJT/glibc-2.31/ctype/ctype-info.c
fn=__ctype_init
29 1 1 1 0 0 0 0 0 0
31 7 1 1 5 4 0 1 1 0
33 4 0 0 2 1 0 1 0 0
35 4 1 1 2 1 0 1 0 0
36 1 0 0 1 0 0 0 0 0
fl=/build/glibc-sMfBJT/glibc-2.31/debug/fprintf_chk.c
fn=__fprintf_chk
25 1040 2 2 52 0 0 624 0 0
28 208 0 0 0 0 0 0 0 0
32 312 1 1 0 0 0 208 0 0
33 104 0 0 0 0 0 52 0 0
37 260 0 0 156 0 0 0 0 0
fl=/build/glibc-sMfBJT/glibc-2.31/debug/printf_chk.c
fn=__printf_chk
25 237 3 3 15 0 0 147 0 0
28 60 0 0 0 0 0 0 0 0
32 90 1 1 0 0 0 60 0 0
33 60 0 0 30 2 0 15 0 0
37 75 0 0 45 0 0 0 0 0
fl=/build/glibc-sMfBJT/glibc-2.31/debug/sprintf_chk.c
fn=__sprintf_chk
25 1908 2 2 159 0 0 477 160 11
28 636 2 2 0 0 0 0 0 0
36 318 0 0 0 0 0 0 0 0
39 954 0 0 0 0 0 636 36 4
40 318 0 0 0 0 0 159 34 2
44 795 1 1 477 0 0 0 0 0
fl=/build/glibc-sMfBJT/glibc-2.31/elf/../elf/dl-runtime.c
fn=_dl_fixup
66 12 2 2 0 0 0 3 0 0
68 3 0 0 3 0 0 0 0 0
69 6 0 0 6 2 0 0 0 0
72 15 0 0 6 4 0 0 0 0
73 21 0 0 6 3 0 3 0 0
75 9 1 1 6 1 0 0 0 0
80 6 0 0 0 0 0 0 0 0
84 6 0 0 3 2 0 0 0 0
86 12 1 1 3 2 0 0 0 0
88 9 0 0 3 2 0 0 0 0
92 6 0 0 6 3 0 0 0 0
93 12 0 0 3 1 0 0 0 0
101 3 0 0 0 0 0 0 0 0
102 9 0 0 3 1 0 0 0 0
112 33 1 1 6 2 0 9 0 0
116 15 0 0 9 0 0 0 0 0
126 27 0 0 9 0 0 0 0 0
133 3 0 0 3 0 0 0 0 0
141 12 1 1 3 0 0 0 0 0
145 9 0 0 3 1 0 0 0 0
149 9 0 0 6 0 0 0 0 0
fl=/build/glibc-sMfBJT/glibc-2.31/elf/../elf/dl-sysdep.c
fn=_dl_sysdep_start
89 9 2 2 0 0 0 6 0 0
90 2 0 0 1 1 1 0 0 0
91 1 0 0 0 0 0 0 0 0
113 1 0 0 0 0 0 1 0 0
114 222 1 1 72 10 10 4 3 3
117 2 0 0 0 0 0 1 1 1
118 1 0 0 0 0 0 1 0 0
120 137 6 6 36 6 6 19 1 1
121 108 1 1 17 3 3 0 0 0
124 1 1 1 1 0 0 0 0 0
127 1 0 0 1 0 0 0 0 0
130 1 1 1 1 0 0 0 0 0
131 1 0 0 0 0 0 0 0 0
133 1 0 0 1 0 0 0 0 0
134 1 0 0 0 0 0 0 0 0
154 1 1 1 1 0 0 0 0 0
155 1 0 0 0 0 0 0 0 0
157 1 0 0 1 0 0 0 0 0
158 1 0 0 0 0 0 0 0 0
160 2 2 2 1 0 0 1 0 0
161 1 0 0 0 0 0 1 0 0
166 2 0 0 1 0 0 1 0 0
167 1 0 0 0 0 0 1 0 0
182 2 0 0 1 0 0 1 0 0
183 2 0 0 0 0 0 1 0 0
223 1 1 1 0 0 0 1 0 0
234 3 0 0 1 0 0 0 0 0
235 2 1 1 0 0 0 2 0 0
237 5 0 0 0 0 0 1 0 0
249 3 0 0 1 0 0 0 0 0
252 5 0 0 1 0 0 1 0 0
253 1 0 0 1 1 0 0 0 0
254 8 1 1 7 1 0 0 0 0
fn=_dl_sysdep_start_cleanup
258 1 1 1 0 0 0 0 0 0
259 1 0 0 1 0 0 0 0 0
fl=/build/glibc-sMfBJT/glibc-2.31/elf/../elf/dl-tls.c
fn=_dl_add_to_slotinfo
887 8 1 1 0 0 0 4 0 0
893 1 0 0 1 0 0 0 0 0
896 1 0 0 1 1 0 0 0 0
897 1 0 0 0 0 0 0 0 0
901 3 0 0 1 0 0 0 0 0
942 2 1 1 0 0 0 0 0 0
944 1 0 0 0 0 0 1 0 0
945 5 0 0 1 1 0 1 0 0
947 6 0 0 5 0 0 0 0 0
fn=_dl_allocate_tls_init
437 9 1 1 0 0 0 7 0 0
438 2 0 0 0 0 0 0 0 0
442 2 0 0 1 1 0 1 0 0
444 2 0 0 0 0 0 0 0 0
445 1 0 0 0 0 0 0 0 0
448 3 0 0 2 1 0 0 0 0
460 1 0 0 1 0 0 0 0 0
465 8 1 1 2 0 0 0 0 0
471 6 1 1 0 0 0 0 0 0
474 3 0 0 1 0 0 0 0 0
475 2 0 0 0 0 0 0 0 0
481 3 0 0 2 0 0 0 0 0
482 2 1 1 0 0 0 0 0 0
484 6 0 0 3 2 0 1 0 0
487 2 0 0 0 0 0 0 0 0
488 2 0 0 1 0 0 0 0 0
491 2 0 0 0 0 0 0 0 0
492 4 1 1 2 1 0 0 0 0
494 2 0 0 0 0 0 0 0 0
495 2 0 0 1 0 0 0 0 0
504 1 0 0 0 0 0 1 0 0
507 9 0 0 2 0 0 2 0 0
521 2 0 0 1 0 0 1 0 0
524 9 0 0 8 0 0 0 0 0
fn=_dl_allocate_tls_storage
285 2 0 0 1 0 0 0 0 0
286 3 0 0 0 0 0 1 0 0
287 2 0 0 0 0 0 0 0 0
290 1 0 0 0 0 0 1 1 1
296 2 1 1 0 0 0 1 0 0
332 4 1 1 0 0 0 3 0 0
334 1 0 0 1 0 0 0 0 0
345 1 0 0 1 0 0 0 0 0
346 2 0 0 0 0 0 1 0 0
347 3 1 1 0 0 0 0 0 0
355 4 0 0 0 0 0 0 0 0
356 1 0 0 0 0 0 0 0 0
360 297 1 1 0 0 0 289 36 36
379 1 0 0 0 0 0 1 1 1
385 5 0 0 4 0 0 0 0 0
fn=_dl_count_modids
108 1 1 1 0 0 0 0 0 0
113 2 0 0 1 0 0 0 0 0
114 1 0 0 1 0 0 0 0 0
129 2 0 0 1 0 0 0 0 0
fn=_dl_determine_tlsoffset
135 6 1 1 0 0 0 5 0 0
136 2 0 0 0 0 0 0 0 0
137 1 0 0 0 0 0 0 0 0
138 1 1 1 0 0 0 0 0 0
141 3 0 0 1 0 0 0 0 0
144 2 0 0 1 0 0 0 0 0
178 1 0 0 0 0 0 0 0 0
180 10 0 0 2 0 0 0 0 0
182 3 1 1 1 0 0 0 0 0
184 3 0 0 1 0 0 0 0 0
185 2 1 1 1 0 0 0 0 0
187 2 0 0 0 0 0 0 0 0
189 5 0 0 1 0 0 0 0 0
201 6 1 1 0 0 0 0 0 0
205 8 0 0 0 0 0 0 0 0
207 2 0 0 0 0 0 0 0 0
208 2 0 0 0 0 0 0 0 0
217 1 0 0 0 0 0 1 0 0
221 3 1 1 0 0 0 1 0 0
272 1 0 0 0 0 0 1 0 0
273 6 0 0 6 0 0 0 0 0
fn=_dl_next_tls_modid
48 1 1 1 0 0 0 0 0 0
51 4 0 0 2 0 0 0 0 0
99 1 0 0 0 0 0 1 0 0
103 1 0 0 1 0 0 0 0 0
fl=/build/glibc-sMfBJT/glibc-2.31/elf/../include/scratch_buffer.h
fn=_dl_map_object_deps
77 3 0 0 0 0 0 2 1 1
78 1 1 1 0 0 0 1 0 0
85 3 1 1 2 0 0 0 0 0
131 12 0 0 0 0 0 4 0 0
fl=/build/glibc-sMfBJT/glibc-2.31/elf/../misc/sbrk.c
fn=sbrk
32 5 1 1 0 0 0 2 0 0
40 6 0 0 2 1 1 0 0 0
44 2 0 0 0 0 0 0 0 0
60 5 1 1 3 0 0 0 0 0
fl=/build/glibc-sMfBJT/glibc-2.31/elf/../sysdeps/generic/dl-cache.h
fn=_dl_load_cache_lookup
153 5 0 0 0 0 0 0 0 0
fl=/build/glibc-sMfBJT/glibc-2.31/elf/../sysdeps/generic/ldsodefs.h
fn=_dl_relocate_object
126 426 0 0 142 0 0 0 0 0
fn=do_lookup_x
126 390 0 0 130 0 0 0 0 0
fl=/build/glibc-sMfBJT/glibc-2.31/elf/../sysdeps/posix/dl-fileid.h
fn=_dl_map_object_from_fd
37 24 1 1 4 0 0 4 0 0
40 12 0 0 8 1 1 4 0 0
41 4 0 0 4 0 0 0 0 0
49 46 1 1 23 1 1 0 0 0
fl=/build/glibc-sMfBJT/glibc-2.31/elf/../sysdeps/unix/sysv/linux/dl-osinfo.h
fn=dl_main
64 2 1 1 1 1 0 0 0 0
77 1 0 0 1 0 0 0 0 0
fl=/build/glibc-sMfBJT/glibc-2.31/elf/../sysdeps/unix/sysv/linux/dl-sysdep.c
fn=_dl_discover_osversion
46 5 1 1 0 0 0 3 0 0
48 3 0 0 1 0 0 0 0 0
88 4 1 1 0 0 0 1 1 1
103 1 1 1 0 0 0 0 0 0
107 1 0 0 0 0 0 0 0 0
108 1 0 0 0 0 0 0 0 0
110 12 0 0 3 1 1 0 0 0
112 6 0 0 0 0 0 0 0 0
114 17 0 0 4 0 0 0 0 0
116 1 0 0 0 0 0 0 0 0
117 2 0 0 0 0 0 0 0 0
120 3 0 0 0 0 0 0 0 0
121 3 1 1 0 0 0 0 0 0
122 3 0 0 0 0 0 0 0 0
124 13 0 0 0 0 0 0 0 0
129 2 0 0 0 0 0 0 0 0
133 5 0 0 4 0 0 0 0 0
fn=_dl_sysdep_start
36 2 0 0 0 0 0 1 0 0
fl=/build/glibc-sMfBJT/glibc-2.31/elf/../sysdeps/unix/sysv/linux/dl-vdso-setup.h
fn=dl_main
30 5 2 2 0 0 0 3 0 0
33 1 0 0 0 0 0 1 0 0
36 1 0 0 0 0 0 1 0 0
39 1 0 0 0 0 0 1 0 0
45 1 1 1 0 0 0 1 0 0
fl=/build/glibc-sMfBJT/glibc-2.31/elf/../sysdeps/unix/sysv/linux/dl-vdso.h
fn=dl_main
40 1 1 1 1 0 0 0 0 0
41 2 1 1 0 0 0 0 0 0
55 2 0 0 0 0 0 0 0 0
fl=/build/glibc-sMfBJT/glibc-2.31/elf/../sysdeps/unix/sysv/linux/x86/cpu-features.c
fn=_dl_sysdep_start
28 6 0 0 0 0 0 0 0 0
fl=/build/glibc-sMfBJT/glibc-2.31/elf/../sysdeps/unix/sysv/linux/x86_64/brk.c
fn=brk
28 1 1 1 0 0 0 0 0 0
31 5 1 1 0 0 0 1 0 0
33 2 0 0 0 0 0 0 0 0
39 1 0 0 0 0 0 0 0 0
40 1 0 0 1 0 0 0 0 0
fl=/build/glibc-sMfBJT/glibc-2.31/elf/../sysdeps/x86/cpu-features.c
fn=_dl_sysdep_start
49 4 0 0 0 0 0 0 0 0
50 2 1 1 0 0 0 0 0 0
51 6 0 0 0 0 0 4 0 0
56 2 0 0 0 0 0 0 0 0
57 6 1 1 0 0 0 4 0 0
62 2 0 0 0 0 0 0 0 0
63 6 0 0 0 0 0 4 0 0
309 1 0 0 0 0 0 1 0 0
310 1 0 0 0 0 0 1 0 0
311 1 0 0 0 0 0 1 0 0
322 3 0 0 0 0 0 1 1 1
325 6 1 1 0 0 0 0 0 0
326 1 0 0 0 0 0 0 0 0
329 1 0 0 0 0 0 0 0 0
331 6 1 1 0 0 0 1 0 0
336 7 1 1 5 0 0 0 0 0
338 10 1 1 2 1 1 1 0 0
376 2 0 0 1 0 0 0 0 0
390 1 0 0 0 0 0 0 0 0
400 5 1 1 0 0 0 0 0 0
414 2 0 0 0 0 0 1 0 0
415 1 0 0 0 0 0 0 0 0
425 6 0 0 0 0 0 1 0 0
476 3 1 1 1 0 0 0 0 0
477 1 0 0 1 0 0 0 0 0
480 2 0 0 0 0 0 0 0 0
481 1 0 0 1 0 0 0 0 0
487 1 0 0 0 0 0 1 0 0
488 1 0 0 0 0 0 1 0 0
489 1 0 0 0 0 0 1 0 0
490 1 0 0 0 0 0 1 0 0
493 4 1 1 0 0 0 1 0 0
495 6 0 0 1 0 0 2 0 0
497 6 1 1 1 0 0 2 0 0
499 6 0 0 1 0 0 2 0 0
510 1 0 0 0 0 0 1 0 0
511 2 0 0 1 0 0 0 0 0
515 3 1 1 1 0 0 0 0 0
534 3 1 1 0 0 0 0 0 0
536 4 0 0 1 0 0 0 0 0
537 2 0 0 1 0 0 0 0 0
539 4 1 1 1 0 0 0 0 0
540 2 0 0 0 0 0 0 0 0
543 2 1 1 0 0 0 1 0 0
558 4 1 1 0 0 0 1 0 0
560 4 0 0 0 0 0 1 0 0
fn=get_common_indices.constprop.0
71 2 1 1 0 0 0 1 0 0
75 4 0 0 0 0 0 0 0 0
78 5 1 1 0 0 0 3 0 0
81 1 0 0 0 0 0 1 0 0
82 4 0 0 0 0 0 1 0 0
83 4 0 0 0 0 0 1 0 0
84 4 0 0 0 0 0 1 0 0
85 3 0 0 0 0 0 1 0 0
86 2 0 0 1 0 0 0 0 0
93 2 0 0 1 0 0 0 0 0
94 7 1 1 0 0 0 4 0 0
100 2 0 0 1 0 0 0 0 0
101 7 1 1 0 0 0 4 0 0
108 3 0 0 1 0 0 0 0 0
112 2 0 0 0 0 0 0 0 0
114 4 0 0 0 0 0 0 0 0
118 2 1 1 0 0 0 0 0 0
121 4 1 1 1 0 0 1 0 0
124 2 0 0 1 0 0 0 0 0
127 3 0 0 0 0 0 1 0 0
132 1 0 0 1 0 0 0 0 0
135 2 0 0 0 0 0 0 0 0
137 2 1 1 0 0 0 1 0 0
139 3 0 0 1 0 0 0 0 0
143 2 0 0 0 0 0 0 0 0
147 2 0 0 1 0 0 0 0 0
154 3 1 1 0 0 0 0 0 0
225 2 0 0 1 0 0 0 0 0
229 3 1 1 0 0 0 0 0 0
230 2 0 0 0 0 0 0 0 0
232 1 0 0 0 0 0 0 0 0
233 1 0 0 0 0 0 0 0 0
236 2 0 0 0 0 0 1 0 0
238 1 0 0 0 0 0 1 1 1
241 2 0 0 1 0 0 0 0 0
291 3 0 0 2 0 0 0 0 0
fl=/build/glibc-sMfBJT/glibc-2.31/elf/../sysdeps/x86/dl-cet.c
fn=_dl_cet_check
343 1 1 1 0 0 0 0 0 0
344 1 0 0 0 0 0 0 0 0
fn=dl_cet_check
97 7 1 1 0 0 0 6 0 0
99 2 0 0 0 0 0 0 0 0
100 1 0 0 1 1 0 0 0 0
102 1 0 0 0 0 0 0 0 0
103 1 0 0 0 0 0 0 0 0
106 4 0 0 0 0 0 0 0 0
107 2 0 0 0 0 0 0 0 0
112 1 0 0 1 0 0 0 0 0
117 2 1 1 0 0 0 0 0 0
326 8 1 1 7 0 0 0 0 0
fl=/build/glibc-sMfBJT/glibc-2.31/elf/../sysdeps/x86/dl-hwcap.h
fn=_dl_important_hwcaps
57 6 1 1 0 0 0 2 0 0
fl=/build/glibc-sMfBJT/glibc-2.31/elf/../sysdeps/x86/dl-procinfo.h
fn=_dl_load_cache_lookup
39 6 0 0 0 0 0 0 0 0
42 21 1 1 0 0 0 6 0 0
fl=/build/glibc-sMfBJT/glibc-2.31/elf/../sysdeps/x86/dl-prop.h
fn=_dl_process_pt_note
53 16 1 1 8 0 0 0 0 0
59 8 0 0 4 0 0 0 0 0
62 4 0 0 0 0 0 0 0 0
67 32 0 0 0 0 0 0 0 0
70 12 1 1 4 0 0 0 0 0
71 8 0 0 4 0 0 0 0 0
72 8 0 0 4 0 0 0 0 0
76 12 1 1 4 0 0 0 0 0
80 12 0 0 0 0 0 4 0 0
83 12 0 0 4 0 0 0 0 0
84 8 0 0 0 0 0 0 0 0
88 4 0 0 0 0 0 0 0 0
89 8 0 0 0 0 0 0 0 0
93 8 1 1 4 0 0 0 0 0
94 4 0 0 4 0 0 0 0 0
97 10 0 0 0 0 0 0 0 0
100 4 1 1 0 0 0 0 0 0
101 16 0 0 0 0 0 0 0 0
106 8 0 0 0 0 0 0 0 0
113 8 1 1 0 0 0 0 0 0
116 8 0 0 4 0 0 4 0 0
120 4 0 0 0 0 0 0 0 0
136 4 0 0 0 0 0 0 0 0
137 16 0 0 0 0 0 0 0 0
142 20 1 1 4 0 0 0 0 0
143 4 0 0 4 0 0 0 0 0
144 8 0 0 0 0 0 0 0 0
145 8 0 0 4 0 0 0 0 0
153 80 1 1 0 0 0 48 2 2
156 12 0 0 0 0 0 4 0 0
157 8 0 0 8 0 0 0 0 0
159 32 0 0 16 0 0 0 0 0
160 3 0 0 0 0 0 0 0 0
163 4 0 0 0 0 0 0 0 0
164 32 1 1 2 1 1 0 0 0
170 14 0 0 0 0 0 2 0 0
179 8 1 1 0 0 0 0 0 0
182 8 0 0 0 0 0 0 0 0
183 64 1 1 56 0 0 0 0 0
fn=dl_main
33 3 0 0 1 0 0 1 0 0
59 6 1 1 3 0 0 0 0 0
64 1 0 0 0 0 0 0 0 0
65 1 0 0 0 0 0 0 0 0
67 11 1 1 2 0 0 1 0 0
70 4 1 1 1 1 1 1 0 0
71 2 0 0 1 1 1 0 0 0
72 2 0 0 1 0 0 0 0 0
76 3 1 1 1 0 0 0 0 0
80 3 0 0 0 0 0 1 0 0
83 3 0 0 1 0 0 0 0 0
84 2 0 0 0 0 0 0 0 0
88 1 0 0 0 0 0 0 0 0
89 3 0 0 0 0 0 1 0 0
93 1 0 0 1 0 0 0 0 0
94 4 1 1 1 0 0 1 0 0
97 2 0 0 0 0 0 0 0 0
100 1 0 0 0 0 0 0 0 0
101 4 0 0 1 0 0 0 0 0
106 2 0 0 0 0 0 0 0 0
113 2 1 1 1 0 0 0 0 0
116 1 0 0 1 0 0 0 0 0
120 1 0 0 0 0 0 0 0 0
136 1 0 0 0 0 0 0 0 0
137 5 0 0 1 0 0 0 0 0
142 3 0 0 0 0 0 0 0 0
143 1 0 0 1 0 0 0 0 0
144 2 0 0 0 0 0 0 0 0
145 1 0 0 1 0 0 0 0 0
189 2 0 0 2 0 0 0 0 0
190 2 0 0 1 0 0 1 0 0
fl=/build/glibc-sMfBJT/glibc-2.31/elf/../sysdeps/x86_64/dl-machine.h
fn=_dl_fixup
242 3 0 0 0 0 0 3 0 0
fn=_dl_relocate_object
76 24 0 0 6 0 0 0 0 0
82 8 0 0 8 3 0 0 0 0
86 12 0 0 4 4 3 0 0 0
92 4 0 0 0 0 0 4 0 0
100 12 0 0 4 0 0 0 0 0
120 8 1 1 4 1 0 0 0 0
122 8 1 1 0 0 0 4 0 0
124 16 1 1 4 0 0 0 0 0
131 16 0 0 4 3 1 0 0 0
276 318 0 0 0 0 0 0 0 0
297 318 1 1 0 0 0 0 0 0
301 318 0 0 0 0 0 0 0 0
308 6441 10 10 1289 113 90 981 3 0
309 1291 4 4 571 0 0 0 0 0
312 441 1 1 0 0 0 0 0 0
314 40 0 0 8 0 0 0 0 0
317 16 0 0 0 0 0 0 0 0
318 24 0 0 8 0 0 0 0 0
319 16 0 0 0 0 0 0 0 0
323 8 1 1 0 0 0 8 0 0
330 24 0 0 8 0 0 8 0 0
333 988 1 1 159 4 3 0 0 0
429 54 1 1 18 0 0 0 0 0
433 72 1 1 18 1 0 0 0 0
438 54 0 0 36 2 2 0 0 0
447 54 0 0 18 0 0 18 8 8
457 423 0 0 282 19 17 141 17 13
458 141 0 0 0 0 0 0 0 0
481 18 0 0 0 0 0 6 0 0
491 15 0 0 0 0 0 5 0 0
536 3669 0 0 1223 154 154 0 0 0
541 2446 0 0 0 0 0 0 0 0
542 3669 0 0 1223 152 152 1223 235 229
552 216 0 0 108 0 0 0 0 0
556 64 0 0 0 0 0 0 0 0
559 96 0 0 32 1 0 0 0 0
560 32 0 0 32 9 8 0 0 0
577 152 0 0 152 1 1 0 0 0
579 76 0 0 0 0 0 76 0 0
580 76 0 0 0 0 0 76 3 3
fn=_dl_start
59 3 0 0 1 1 1 0 0 0
301 27 0 0 0 0 0 0 0 0
309 90 1 1 36 8 8 0 0 0
312 18 0 0 0 0 0 0 0 0
333 63 0 0 0 0 0 0 0 0
353 18 1 1 9 2 2 9 2 2
354 9 0 0 0 0 0 0 0 0
421 1 0 0 0 0 0 0 0 0
541 84 0 0 42 5 5 0 0 0
542 126 1 1 42 5 5 42 25 25
fl=/build/glibc-sMfBJT/glibc-2.31/elf/../sysdeps/x86_64/dl-trampoline.h
fn=_dl_runtime_resolve_xsave
67 3 1 1 0 0 0 0 0 0
72 3 0 0 0 0 0 3 0 0
75 3 0 0 0 0 0 0 0 0
77 3 0 0 0 0 0 0 0 0
87 3 0 0 3 1 0 0 0 0
93 3 0 0 0 0 0 3 1 0
94 3 0 0 0 0 0 3 0 0
95 3 1 1 0 0 0 3 0 0
96 3 0 0 0 0 0 3 0 0
97 3 0 0 0 0 0 3 0 0
98 3 0 0 0 0 0 3 0 0
99 3 0 0 0 0 0 3 0 0
103 3 0 0 0 0 0 0 0 0
104 3 0 0 0 0 0 0 0 0
107 3 0 0 0 0 0 3 2 1
108 3 0 0 0 0 0 3 0 0
110 3 0 0 0 0 0 3 0 0
111 3 0 0 0 0 0 3 0 0
112 3 1 1 0 0 0 3 0 0
113 3 0 0 0 0 0 3 0 0
114 3 0 0 0 0 0 3 0 0
115 3 0 0 0 0 0 3 0 0
117 3 0 0 3 0 0 99 14 1
124 3 0 0 3 0 0 0 0 0
125 3 0 0 3 0 0 0 0 0
126 3 0 0 0 0 0 3 1 0
127 3 0 0 0 0 0 0 0 0
132 3 0 0 0 0 0 0 0 0
133 3 0 0 0 0 0 0 0 0
134 3 0 0 108 0 0 0 0 0
136 3 1 1 3 0 0 0 0 0
137 3 0 0 3 0 0 0 0 0
138 3 0 0 3 0 0 0 0 0
139 3 0 0 3 0 0 0 0 0
140 3 0 0 3 0 0 0 0 0
141 3 0 0 3 0 0 0 0 0
142 3 0 0 3 0 0 0 0 0
144 3 0 0 0 0 0 0 0 0
146 3 0 0 3 0 0 0 0 0
150 3 0 0 0 0 0 0 0 0
153 3 0 0 0 0 0 0 0 0
fl=/build/glibc-sMfBJT/glibc-2.31/elf/./dl-load.h
fn=_dl_map_object_from_fd
90 32 0 0 0 0 0 0 0 0
91 12 0 0 8 0 0 4 0 0
93 32 1 1 16 0 0 0 0 0
94 15 1 1 9 0 0 0 0 0
95 18 1 1 6 0 0 0 0 0
96 12 0 0 3 0 0 0 0 0
98 12 0 0 0 0 0 3 0 0
fl=/build/glibc-sMfBJT/glibc-2.31/elf/./dl-map-segments.h
fn=_dl_map_object_from_fd
50 8 0 0 4 0 0 0 0 0
56 32 0 0 12 0 0 8 0 0
60 8 0 0 0 0 0 0 0 0
63 12 1 1 4 0 0 4 0 0
64 8 0 0 0 0 0 4 0 0
66 8 0 0 4 0 0 0 0 0
80 4 1 1 4 0 0 0 0 0
82 4 0 0 4 0 0 0 0 0
90 80 0 0 16 0 0 0 0 0
92 60 0 0 36 0 0 0 0 0
94 120 1 1 36 0 0 12 0 0
104 64 0 0 32 0 0 0 0 0
110 8 0 0 4 0 0 0 0 0
111 4 0 0 0 0 0 0 0 0
112 12 0 0 4 0 0 0 0 0
113 8 0 0 0 0 0 0 0 0
115 8 0 0 0 0 0 0 0 0
120 8 1 1 0 0 0 0 0 0
123 8 0 0 0 0 0 0 0 0
131 28 0 0 0 0 0 12 0 0
132 8 0 0 8 0 0 0 0 0
137 8 0 0 0 0 0 0 0 0
141 8 0 0 0 0 0 1 0 0
144 2 0 0 0 0 0 0 0 0
149 16 1 1 0 0 0 0 0 0
fl=/build/glibc-sMfBJT/glibc-2.31/elf/./setup-vdso.h
fn=dl_main
24 2 0 0 1 0 0 0 0 0
fl=/build/glibc-sMfBJT/glibc-2.31/elf/dl-addr.c
fn=_dl_addr
30 4 0 0 2 0 0 1 0 0
34 2 0 0 1 1 0 0 0 0
38 1 0 0 1 0 0 0 0 0
39 1 0 0 1 0 0 0 0 0
40 3 0 0 2 0 0 1 0 0
42 3 1 1 2 1 0 1 0 0
44 4 0 0 0 0 0 0 0 0
45 3 0 0 1 1 0 0 0 0
49 4048 0 0 2 0 0 0 0 0
51 1011 1 1 1011 54 13 0 0 0
52 2022 0 0 0 0 0 0 0 0
54 2757 0 0 919 0 0 0 0 0
60 7074 2 2 0 0 0 0 0 0
61 14148 0 0 2358 508 459 0 0 0
63 7043 0 0 0 0 0 0 0 0
64 9308 0 0 2327 0 0 0 0 0
65 16996 1 1 5320 364 318 0 0 0
70 7074 0 0 2358 136 68 0 0 0
100 2 0 0 0 0 0 0 0 0
101 1 0 0 0 0 0 1 1 0
102 3 0 0 1 1 0 0 0 0
105 2 1 1 0 0 0 0 0 0
117 3 1 1 0 0 0 1 0 0
126 12 1 1 0 0 0 7 0 0
128 1 0 0 0 0 0 0 0 0
131 3 0 0 2 2 0 1 0 0
133 2 0 0 0 0 0 1 0 0
135 2 1 1 0 0 0 0 0 0
138 1 0 0 0 0 0 0 0 0
141 2 0 0 1 1 0 1 0 0
144 9 1 1 7 1 0 0 0 0
fl=/build/glibc-sMfBJT/glibc-2.31/elf/dl-cache.c
fn=_dl_cache_libcmp
141 35 1 1 0 0 0 0 0 0
142 450 0 0 70 25 25 0 0 0
144 744 0 0 0 0 0 0 0 0
146 8 0 0 0 0 0 0 0 0
152 12 0 0 0 0 0 0 0 0
153 12 0 0 0 0 0 0 0 0
154 16 1 1 4 0 0 0 0 0
156 16 0 0 4 0 0 0 0 0
158 8 0 0 0 0 0 0 0 0
164 364 0 0 0 0 0 0 0 0
166 364 0 0 0 0 0 0 0 0
167 62 0 0 31 0 0 0 0 0
170 151 0 0 0 0 0 0 0 0
171 453 1 1 302 3 3 0 0 0
174 12 0 0 4 0 0 0 0 0
fn=_dl_load_cache_lookup
187 30 2 2 0 0 0 18 0 0
195 6 0 0 3 0 0 0 0 0
198 9 0 0 3 0 0 0 0 0
201 5 1 1 0 0 0 1 1 1
209 5 0 0 1 0 0 0 0 0
210 8 1 1 3 1 1 0 0 0
213 1 0 0 1 0 0 0 0 0
218 1 1 1 0 0 0 1 0 0
219 2 1 1 0 0 0 1 0 0
264 6 0 0 2 0 0 0 0 0
270 15 1 1 3 0 0 3 0 0
279 3 0 0 0 0 0 0 0 0
281 3 0 0 3 0 0 0 0 0
285 18 1 1 3 0 0 6 0 0
293 18 0 0 9 0 0 6 0 0
294 9 0 0 3 0 0 0 0 0
308 708 6 6 138 22 22 48 0 0
320 21 1 1 6 0 0 0 0 0
324 6 1 1 3 0 0 0 0 0
328 6 0 0 0 0 0 0 0 0
336 57 2 2 3 0 0 3 0 0
337 12 0 0 0 0 0 3 0 0
338 3 1 1 0 0 0 3 0 0
339 24 0 0 21 0 0 0 0 0
fn=_dl_unload_cache
348 2 1 1 0 0 0 0 0 0
349 4 0 0 1 1 0 0 0 0
351 2 0 0 1 0 0 1 0 0
352 1 0 0 0 0 0 1 0 0
354 2 0 0 1 0 0 0 0 0
fl=/build/glibc-sMfBJT/glibc-2.31/elf/dl-debug.c
fn=_dl_debug_initialize
46 6 1 1 0 0 0 0 0 0
49 12 0 0 0 0 0 0 0 0
50 6 1 1 6 0 0 0 0 0
54 22 0 0 6 2 1 0 0 0
57 1 0 0 0 0 0 1 0 0
58 8 0 0 5 0 0 1 0 0
59 5 1 1 1 0 0 1 0 0
60 2 0 0 0 0 0 1 0 0
64 1 0 0 1 0 0 0 0 0
fn=_dl_debug_state
73 2 0 0 0 0 0 0 0 0
74 2 0 0 2 0 0 0 0 0
fl=/build/glibc-sMfBJT/glibc-2.31/elf/dl-deps.c
fn=_dl_map_object_deps
144 3 0 0 0 0 0 2 0 0
145 6 0 0 1 0 0 2 1 1
146 8 1 1 0 0 0 1 0 0
148 3 0 0 0 0 0 1 0 0
152 9 1 1 2 0 0 3 1 1
159 12 2 2 0 0 0 9 1 1
160 21 2 2 1 1 1 0 0 0
176 10 1 1 1 0 0 1 0 0
177 1 0 0 1 0 0 0 0 0
180 1 0 0 0 0 0 1 0 0
198 2 0 0 1 0 0 1 0 0
199 3 0 0 1 0 0 1 0 0
200 2 0 0 0 0 0 2 0 0
202 16 0 0 10 0 0 0 0 0
206 6 0 0 0 0 0 0 0 0
209 6 0 0 0 0 0 6 0 0
213 24 1 1 6 0 0 6 0 0
214 39 2 2 17 0 0 0 0 0
217 12 0 0 0 0 0 0 0 0
221 12 1 1 4 0 0 4 0 0
224 20 0 0 10 2 2 0 0 0
226 12 1 1 8 0 0 4 0 0
231 4 0 0 0 0 0 4 0 0
232 4 0 0 0 0 0 4 0 0
233 8 0 0 4 0 0 4 0 0
234 8 0 0 4 0 0 4 0 0
237 468 2 2 123 5 0 4 0 0
238 226 0 0 0 0 0 0 0 0
244 81 2 2 18 0 0 9 0 0
246 9 0 0 0 0 0 9 0 0
248 36 2 2 18 0 0 9 0 0
249 18 0 0 9 0 0 0 0 0
258 9 0 0 9 0 0 0 0 0
260 18 0 0 9 0 0 0 0 0
265 28 1 1 4 0 0 0 0 0
268 4 0 0 0 0 0 4 0 0
269 4 0 0 0 0 0 4 0 0
270 4 1 1 0 0 0 4 0 0
271 8 0 0 4 0 0 4 0 0
273 4 0 0 4 0 0 0 0 0
275 20 0 0 4 0 0 8 0 0
279 27 0 0 9 0 0 0 0 0
280 18 0 0 0 0 0 6 0 0
282 306 0 0 0 0 0 0 0 0
287 1 0 0 0 0 0 1 0 0
303 16 0 0 0 0 0 8 0 0
380 10 1 1 0 0 0 5 0 0
433 18 1 1 6 0 0 0 0 0
435 12 0 0 0 0 0 4 1 1
438 16 0 0 0 0 0 4 0 0
439 8 0 0 0 0 0 0 0 0
445 4 0 0 0 0 0 4 1 1
446 20 0 0 4 0 0 4 0 0
447 20 0 0 0 0 0 4 0 0
450 4 0 0 0 0 0 4 0 0
451 4 0 0 4 0 0 0 0 0
455 24 1 1 12 0 0 0 0 0
457 6 1 1 6 0 0 0 0 0
458 27 0 0 5 0 0 0 0 0
464 6 0 0 2 0 0 0 0 0
465 1 0 0 0 0 0 1 0 0
468 5 1 1 2 0 0 1 0 0
479 5 0 0 1 0 0 1 0 0
481 2 1 1 0 0 0 0 0 0
486 6 0 0 3 0 0 1 0 0
487 1 0 0 0 0 0 1 0 0
489 22 0 0 6 0 0 0 0 0
491 6 1 1 6 0 0 0 0 0
495 18 0 0 0 0 0 6 2 2
499 12 0 0 12 0 0 0 0 0
502 2 0 0 1 0 0 0 0 0
553 3 0 0 2 0 0 0 0 0
554 1 0 0 0 0 0 0 0 0
555 3 1 1 1 0 0 0 0 0
590 5 1 1 0 0 0 1 0 0
594 5 1 1 0 0 0 1 0 0
597 1 0 0 0 0 0 1 0 0
599 2 0 0 1 0 0 1 0 0
600 1 0 0 1 0 0 0 0 0
601 2 0 0 0 0 0 0 0 0
608 3 0 0 1 0 0 0 0 0
611 3 0 0 1 0 0 0 0 0
614 8 0 0 7 0 0 0 0 0
fn=openaux
61 27 1 1 0 0 0 9 0 0
64 99 0 0 36 0 0 18 0 0
65 9 0 0 9 0 0 0 0 0
68 9 0 0 9 0 0 0 0 0
69 18 0 0 18 0 0 0 0 0
fl=/build/glibc-sMfBJT/glibc-2.31/elf/dl-environ.c
fn=_dl_next_ld_env_entry
28 3 1 1 0 0 0 0 0 0
29 3 0 0 3 0 0 0 0 0
32 214 0 0 71 0 0 0 0 0
34 140 1 1 70 0 0 0 0 0
35 40 0 0 20 0 0 0 0 0
37 2 0 0 0 0 0 0 0 0
40 4 0 0 0 0 0 2 0 0
42 2 0 0 2 0 0 0 0 0
45 68 0 0 0 0 0 0 0 0
49 1 0 0 1 0 0 0 0 0
fl=/build/glibc-sMfBJT/glibc-2.31/elf/dl-error-skeleton.c
fn=_dl_catch_error
225 10 2 2 0 0 0 3 0 0
227 2 0 0 0 0 0 1 0 0
228 2 0 0 1 0 0 1 0 0
229 2 0 0 1 0 0 1 0 0
230 2 0 0 1 0 0 1 0 0
232 5 0 0 4 0 0 0 0 0
fn=_dl_catch_exception
175 80 1 1 10 0 0 50 3 3
178 20 0 0 0 0 0 0 0 0
199 10 0 0 0 0 0 10 0 0
200 20 1 1 0 0 0 10 0 0
203 20 0 0 0 0 0 10 0 0
206 70 0 0 0 0 0 10 1 1
208 30 0 0 20 0 0 10 0 0
209 20 0 0 10 0 0 10 0 0
210 40 1 1 10 0 0 20 0 0
219 40 0 0 20 0 0 0 0 0
fn=_dl_receive_error
238 6 1 1 0 0 0 2 0 0
239 1 0 0 1 0 0 0 0 0
240 1 0 0 1 0 0 0 0 0
243 1 0 0 0 0 0 1 0 0
244 1 0 0 0 0 0 1 0 0
246 1 0 0 0 0 0 1 0 0
248 1 0 0 0 0 0 1 0 0
249 1 0 0 0 0 0 1 0 0
250 4 1 1 3 0 0 0 0 0
fl=/build/glibc-sMfBJT/glibc-2.31/elf/dl-fini.c
fn=_dl_fini
30 9 1 1 0 0 0 6 0 0
47 6 1 1 0 0 0 1 0 0
50 7 0 0 1 1 1 0 0 0
53 2 1 1 1 1 1 1 0 0
55 1 0 0 1 1 1 0 0 0
58 2 0 0 0 0 0 0 0 0
60 6 0 0 3 1 1 0 0 0
65 1 0 0 0 0 0 1 0 0
68 17 1 1 1 0 0 0 0 0
73 20 2 2 6 1 1 0 0 0
75 12 0 0 6 6 6 0 0 0
77 12 0 0 0 0 0 0 0 0
79 12 0 0 0 0 0 6 0 0
80 6 0 0 0 0 0 6 6 6
81 6 0 0 0 0 0 0 0 0
85 6 0 0 6 5 5 0 0 0
87 6 0 0 0 0 0 0 0 0
88 4 0 0 0 0 0 0 0 0
94 10 2 2 0 0 0 1 0 0
104 2 0 0 1 0 0 1 0 0
109 26 0 0 7 0 0 1 0 0
111 6 0 0 6 0 0 0 0 0
113 18 1 1 6 5 0 0 0 0
116 12 0 0 0 0 0 6 0 0
119 18 0 0 6 6 6 0 0 0
120 6 1 1 2 2 2 0 0 0
123 8 0 0 4 2 1 0 0 0
134 16 0 0 8 7 4 4 0 0
135 4 0 0 4 1 1 0 0 0
136 8 1 1 4 0 0 0 0 0
137 40 0 0 8 4 4 0 0 0
138 4 0 0 4 4 4 4 0 0
142 8 0 0 0 0 0 0 0 0
143 12 0 0 8 3 3 4 0 0
149 36 1 1 12 1 1 0 0 0
168 6 0 0 6 1 0 0 0 0
174 6 1 1 2 0 0 0 0 0
180 2 0 0 1 0 0 0 0 0
187 8 0 0 7 0 0 0 0 0
fl=/build/glibc-sMfBJT/glibc-2.31/elf/dl-hwcaps.c
fn=_dl_important_hwcaps
42 14 1 1 0 0 0 10 2 2
43 8 1 1 1 0 0 3 0 0
45 2 0 0 1 0 0 1 0 0
46 3 1 1 0 0 0 0 0 0
55 17 1 1 0 0 0 0 0 0
56 8 0 0 2 0 0 2 1 1
57 1 0 0 0 0 0 0 0 0
65 3 0 0 1 0 0 0 0 0
148 19 2 2 1 0 0 0 0 0
149 1 0 0 0 0 0 0 0 0
185 12 2 2 1 0 0 0 0 0
186 10 0 0 2 0 0 2 1 1
188 1 0 0 0 0 0 1 1 1
189 2 0 0 0 0 0 2 0 0
190 13 0 0 1 0 0 1 0 0
193 3 1 1 1 0 0 0 0 0
195 1 0 0 0 0 0 1 0 0
196 2 0 0 1 0 0 1 0 0
197 4 0 0 0 0 0 0 0 0
200 2 1 1 0 0 0 1 0 0
201 1 0 0 0 0 0 1 0 0
204 2 0 0 0 0 0 0 0 0
207 5 0 0 1 0 0 1 0 0
211 7 1 1 1 0 0 2 0 0
212 2 0 0 0 0 0 0 0 0
214 2 0 0 0 0 0 0 0 0
215 8 1 1 0 0 0 0 0 0
216 3 1 1 1 0 0 0 0 0
217 4 1 1 0 0 0 0 0 0
224 2 1 1 0 0 0 0 0 0
230 11 1 1 1 0 0 5 1 1
231 5 0 0 0 0 0 1 0 0
232 5 0 0 2 0 0 0 0 0
263 10 1 1 0 0 0 3 1 1
266 4 0 0 0 0 0 2 0 0
273 3 0 0 2 0 0 0 0 0
276 2 0 0 0 0 0 0 0 0
279 12 0 0 4 0 0 4 0 0
282 11 0 0 3 0 0 0 0 0
283 21 2 2 1 0 0 4 0 0
284 7 0 0 2 0 0 2 0 0
287 10 1 1 2 0 0 4 0 0
289 6 0 0 2 0 0 0 0 0
294 28 1 1 2 0 0 0 0 0
295 24 0 0 0 0 0 8 1 1
299 21 0 0 0 0 0 0 0 0
302 24 0 0 0 0 0 0 0 0
303 96 1 1 0 0 0 0 0 0
304 48 0 0 24 0 0 12 0 0
306 9 0 0 0 0 0 0 0 0
309 3 0 0 1 0 0 0 0 0
310 2 0 0 0 0 0 0 0 0
311 19 2 2 2 0 0 0 0 0
313 6 0 0 0 0 0 0 0 0
314 2 0 0 2 0 0 0 0 0
316 1 0 0 1 0 0 0 0 0
317 4 0 0 0 0 0 2 0 0
324 18 1 1 6 0 0 4 0 0
325 4 0 0 0 0 0 0 0 0
327 8 0 0 0 0 0 0 0 0
330 3 0 0 2 0 0 1 0 0
333 9 1 1 7 0 0 0 0 0
fl=/build/glibc-sMfBJT/glibc-2.31/elf/dl-init.c
fn=_dl_init
30 35 3 3 7 6 0 6 0 0
79 12 1 1 0 0 0 6 0 0
80 1 0 0 1 1 0 0 0 0
81 1 0 0 1 0 0 0 0 0
84 3 1 1 1 0 0 0 0 0
87 2 0 0 0 0 0 1 1 0
92 2 0 0 0 0 0 0 0 0
117 1 0 0 1 1 0 0 0 0
118 23 0 0 0 0 0 0 0 0
119 12 0 0 12 3 0 0 0 0
125 8 0 0 7 0 0 0 0 0
fn=call_init.part.0
28 54 1 1 0 0 0 30 0 0
36 18 1 1 6 0 0 6 0 0
39 24 0 0 12 10 0 0 0 0
40 3 1 1 0 0 0 0 0 0
44 15 0 0 5 5 0 0 0 0
45 3 0 0 1 1 0 0 0 0
49 8 0 0 4 1 0 0 0 0
58 28 1 1 12 8 0 4 0 0
62 8 0 0 0 0 0 0 0 0
68 12 0 0 8 2 0 0 0 0
70 8 0 0 8 2 0 0 0 0
71 35 0 0 0 0 0 0 0 0
72 20 1 1 5 4 0 5 0 0
74 36 0 0 36 1 0 0 0 0
fl=/build/glibc-sMfBJT/glibc-2.31/elf/dl-iteratephdr.c
fn=dl_iterate_phdr
34 13 2 2 1 0 0 8 0 0
40 3 0 0 2 0 0 1 0 0
45 1 0 0 1 0 0 0 0 0
46 2 1 1 0 0 0 0 0 0
48 1 1 1 1 0 0 0 0 0
49 4 0 0 1 0 0 0 0 0
63 7 1 1 1 0 0 0 0 0
65 3 1 1 2 0 0 1 0 0
66 2 0 0 1 0 0 1 0 0
67 2 0 0 1 1 1 1 0 0
68 2 0 0 1 1 1 1 0 0
69 2 0 0 1 0 0 1 0 0
70 2 0 0 0 0 0 1 0 0
71 1 0 0 0 0 0 1 0 0
72 2 1 1 1 1 1 1 0 0
73 2 0 0 0 0 0 0 0 0
75 5 0 0 1 0 0 1 0 0
76 3 1 1 0 0 0 1 0 0
82 2 0 0 1 0 0 1 0 0
85 12 0 0 10 0 0 0 0 0
fl=/build/glibc-sMfBJT/glibc-2.31/elf/dl-load.c
fn=_dl_dst_count
231 54 1 1 0 0 0 45 1 1
234 18 0 0 0 0 0 9 0 0
237 18 0 0 0 0 0 0 0 0
238 9 0 0 0 0 0 0 0 0
257 63 1 1 54 0 0 0 0 0
fn=_dl_init_paths
681 10 1 1 0 0 0 7 0 0
694 6 1 1 2 0 0 2 0 0
698 1 0 0 0 0 0 1 0 0
699 2 0 0 0 0 0 1 0 0
700 2 0 0 0 0 0 0 0 0
707 5 0 0 0 0 0 0 0 0
708 4 1 1 1 0 0 1 0 0
711 6 0 0 0 0 0 2 0 0
713 2 0 0 0 0 0 0 0 0
719 1 1 1 0 0 0 1 0 0
720 1 0 0 0 0 0 1 0 0
728 11 1 1 0 0 0 3 0 0
730 8 1 1 0 0 0 4 2 2
731 4 0 0 0 0 0 4 1 1
733 5 0 0 0 0 0 4 0 0
734 7 0 0 3 1 1 4 1 1
735 7 1 1 0 0 0 0 0 0
738 6 0 0 3 1 1 0 0 0
739 24 0 0 4 0 0 4 0 0
742 26 0 0 6 0 0 6 0 0
748 1 0 0 0 0 0 1 0 0
749 1 0 0 0 0 0 1 0 0
753 1 0 0 1 0 0 0 0 0
754 2 0 0 0 0 0 0 0 0
756 4 1 1 1 0 0 0 0 0
758 3 0 0 1 0 0 0 0 0
775 1 1 1 0 0 0 1 0 0
777 3 1 1 1 0 0 0 0 0
791 2 1 1 0 0 0 1 0 0
796 5 0 0 2 0 0 0 0 0
798 24 2 2 2 0 0 2 0 0
802 2 0 0 0 0 0 0 0 0
803 61 1 1 15 0 0 0 0 0
804 56 0 0 0 0 0 0 0 0
807 1 1 1 0 0 0 1 0 0
808 2 0 0 0 0 0 1 0 0
809 2 0 0 0 0 0 0 0 0
815 6 0 0 0 0 0 1 0 0
818 3 0 0 2 0 0 0 0 0
824 1 0 0 0 0 0 1 0 0
828 8 0 0 7 0 0 0 0 0
fn=_dl_map_object
659 27 1 1 9 0 0 0 0 0
1927 100 1 1 0 0 0 80 4 4
1929 4 0 0 0 0 0 4 0 0
1935 20 1 1 0 0 0 0 0 0
1936 40 0 0 10 1 1 0 0 0
1939 170 0 0 40 0 0 0 0 0
1944 252 1 1 36 0 0 0 0 0
1946 180 0 0 0 0 0 36 1 1
1950 60 0 0 30 0 0 0 0 0
1951 90 1 1 30 0 0 0 0 0
1954 14 0 0 14 0 0 0 0 0
1955 28 0 0 28 0 0 0 0 0
1956 56 0 0 0 0 0 14 0 0
1972 24 1 1 4 0 0 4 1 1
1982 12 0 0 4 0 0 0 0 0
2016 4 0 0 0 0 0 4 1 1
2018 20 1 1 0 0 0 4 0 0
2022 12 2 2 0 0 0 6 0 0
2024 6 0 0 3 0 0 0 0 0
2031 12 0 0 3 0 0 0 0 0
2035 15 1 1 6 0 0 9 0 0
2040 9 1 1 3 0 0 0 0 0
2041 3 0 0 0 0 0 0 0 0
2043 12 0 0 0 0 0 3 0 0
2055 12 2 2 9 0 0 0 0 0
2056 24 0 0 6 0 0 3 0 0
2057 3 0 0 0 0 0 0 0 0
2066 6 1 1 3 0 0 0 0 0
2067 45 1 1 3 0 0 12 0 0
2073 15 0 0 0 0 0 0 0 0
2074 3 1 1 0 0 0 0 0 0
2082 3 1 1 0 0 0 3 0 0
2096 6 0 0 0 0 0 0 0 0
2098 9 1 1 3 0 0 0 0 0
2102 9 0 0 0 0 0 3 0 0
2104 6 0 0 0 0 0 0 0 0
2108 6 0 0 0 0 0 0 0 0
2116 9 0 0 3 0 0 0 0 0
2139 21 1 1 0 0 0 6 0 0
2143 9 0 0 3 0 0 0 0 0
2144 6 0 0 0 0 0 3 0 0
2161 6 1 1 3 0 0 0 0 0
2167 1 0 0 0 0 0 1 1 1
2168 4 0 0 0 0 0 1 0 0
2169 2 0 0 0 0 0 0 0 0
2170 3 0 0 0 0 0 0 0 0
2174 5 1 1 0 0 0 1 0 0
2177 2 0 0 0 0 0 0 0 0
2189 16 0 0 4 0 0 0 0 0
2191 12 0 0 0 0 0 0 0 0
2235 8 0 0 4 0 0 4 0 0
2236 60 1 1 12 0 0 20 0 0
2238 90 0 0 70 0 0 0 0 0
fn=_dl_map_object_from_fd
866 56 1 1 0 0 0 44 2 2
876 16 1 1 4 0 0 8 1 1
877 4 0 0 0 0 0 4 0 0
883 16 0 0 4 0 0 4 0 0
901 70 1 1 22 0 0 0 0 0
902 28 1 1 14 0 0 0 0 0
920 8 1 1 4 0 0 0 0 0
944 16 1 1 4 0 0 4 0 0
954 8 0 0 4 0 0 0 0 0
961 16 0 0 8 0 0 0 0 0
994 8 0 0 0 0 0 0 0 0
997 32 1 1 20 0 0 4 0 0
998 8 0 0 0 0 0 0 0 0
1009 12 0 0 8 0 0 4 3 3
1010 16 0 0 8 0 0 8 0 0
1011 8 0 0 4 0 0 4 0 0
1013 12 0 0 0 0 0 0 0 0
1014 16 0 0 8 0 0 0 0 0
1015 4 1 1 0 0 0 0 0 0
1018 17 3 3 1 0 0 0 0 0
1019 6 0 0 1 0 0 1 1 1
1030 8 0 0 0 0 0 4 0 0
1032 4 1 1 0 0 0 4 0 0
1034 84 1 1 8 0 0 8 0 0
1035 4 0 0 0 0 0 0 0 0
1036 4 0 0 0 0 0 4 0 0
1042 302 1 1 0 0 0 0 0 0
1043 414 2 2 78 5 5 0 0 0
1049 8 1 1 4 0 0 0 0 0
1054 8 0 0 4 0 0 4 0 0
1055 16 0 0 4 0 0 4 0 0
1060 2 0 0 1 0 0 1 0 0
1061 1 0 0 0 0 0 0 0 0
1066 80 2 2 32 0 0 0 0 0
1071 112 0 0 32 0 0 0 0 0
1079 48 0 0 0 0 0 0 0 0
1080 96 0 0 16 0 0 16 4 4
1081 160 1 1 32 0 0 16 0 0
1082 32 0 0 16 0 0 16 2 2
1084 32 0 0 0 0 0 16 2 2
1088 32 1 1 0 0 0 0 0 0
1089 72 0 0 36 0 0 12 0 0
1093 32 0 0 0 0 0 0 0 0
1094 128 1 1 32 0 0 16 0 0
1107 3 0 0 1 0 0 0 0 0
1111 1 0 0 0 0 0 1 1 1
1112 2 1 1 1 0 0 1 1 1
1113 1 0 0 1 0 0 0 0 0
1116 5 0 0 0 0 0 1 0 0
1117 2 0 0 1 0 0 1 0 0
1120 1 0 0 0 0 0 1 0 0
1125 4 1 1 1 0 0 0 0 0
1132 16 0 0 4 0 0 4 0 0
1140 8 1 1 4 0 0 4 0 0
1141 4 0 0 0 0 0 0 0 0
1144 16 0 0 8 0 0 4 2 2
1146 4 0 0 0 0 0 0 0 0
1149 72 1 1 24 0 0 8 0 0
1157 8 0 0 0 0 0 0 0 0
1170 8 1 1 0 0 0 0 0 0
1180 36 1 1 16 0 0 4 0 0
1192 16 1 1 8 0 0 0 0 0
1201 12 0 0 4 0 0 4 0 0
1208 8 0 0 0 0 0 0 0 0
1210 8 0 0 0 0 0 0 0 0
1229 12 1 1 4 0 0 0 0 0
1248 8 0 0 4 0 0 4 0 0
1250 20 0 0 8 0 0 0 0 0
1298 12 1 1 4 3 3 0 0 0
1299 2 0 0 1 0 0 1 0 0
1302 16 0 0 4 0 0 4 0 0
1311 8 0 0 4 0 0 0 0 0
1313 16 1 1 8 0 0 4 0 0
1315 8 0 0 4 0 0 0 0 0
1331 8 0 0 0 0 0 4 0 0
1335 8 0 0 4 0 0 0 0 0
1336 8 0 0 4 0 0 0 0 0
1353 8 1 1 4 0 0 0 0 0
1354 2 0 0 0 0 0 1 0 0
1357 8 0 0 4 0 0 4 0 0
1362 8 0 0 4 0 0 0 0 0
1372 8 1 1 4 0 0 0 0 0
1381 8 0 0 4 0 0 0 0 0
1382 4 0 0 1 0 0 0 0 0
1387 2 0 0 0 0 0 2 0 0
1394 12 0 0 4 0 0 4 0 0
1398 12 1 1 4 0 0 0 0 0
1417 36 1 1 28 0 0 0 0 0
fn=expand_dynamic_string_token
234 6 0 0 0 0 0 2 0 0
237 4 0 0 0 0 0 0 0 0
378 18 1 1 0 0 0 12 1 1
392 4 0 0 0 0 0 0 0 0
403 14 1 1 12 0 0 0 0 0
fn=fillin_rpath
447 16 2 2 0 0 0 12 0 0
449 1 0 0 0 0 0 0 0 0
451 12 1 1 4 0 0 2 0 0
458 2 0 0 1 0 0 0 0 0
460 4 0 0 1 0 0 1 0 0
464 2 0 0 0 0 0 0 0 0
469 3 0 0 0 0 0 1 0 0
470 2 0 0 0 0 0 0 0 0
477 5 1 1 1 0 0 0 0 0
482 4 1 1 0 0 0 2 0 0
486 17 0 0 5 0 0 0 0 0
487 8 1 1 4 0 0 0 0 0
505 4 1 1 1 0 0 1 0 0
509 8 1 1 2 0 0 3 0 0
511 3 1 1 1 0 0 0 0 0
515 2 0 0 0 0 0 2 1 1
516 1 0 0 0 0 0 0 0 0
517 4 0 0 0 0 0 2 0 0
518 2 0 0 1 0 0 1 0 0
520 2 0 0 1 0 0 0 0 0
526 4 1 1 1 0 0 0 0 0
527 18 1 1 0 0 0 0 0 0
528 8 0 0 0 0 0 2 0 0
530 2 1 1 1 0 0 1 0 0
531 2 0 0 1 0 0 0 0 0
536 2 1 1 0 0 0 1 0 0
538 1 0 0 0 0 0 1 0 0
539 1 0 0 0 0 0 1 0 0
542 3 0 0 0 0 0 1 0 0
544 3 0 0 1 0 0 1 0 0
548 1 0 0 0 0 0 1 0 0
551 9 0 0 7 0 0 0 0 0
fn=open_path
1443 6 1 1 0 0 0 3 0 0
1779 42 1 1 3 0 0 33 3 3
1780 6 1 1 3 0 0 3 0 0
1783 3 0 0 0 0 0 3 0 0
1784 3 0 0 0 0 0 3 0 0
1786 6 0 0 0 0 0 0 0 0
1791 66 2 2 9 0 0 0 0 0
1794 6 0 0 6 0 0 0 0 0
1798 3 0 0 0 0 0 3 0 0
1803 18 0 0 3 0 0 3 1 1
1810 15 1 1 6 0 0 3 1 1
1811 128 1 1 13 0 0 0 0 0
1814 48 0 0 24 0 0 0 0 0
1818 110 1 1 50 0 0 20 0 0
1821 20 0 0 0 0 0 10 0 0
1824 30 0 0 10 0 0 0 0 0
1827 70 1 1 30 0 0 10 0 0
1829 30 0 0 10 0 0 0 0 0
1831 16 0 0 0 0 0 0 0 0
1836 16 1 1 0 0 0 0 0 0
1837 56 0 0 24 0 0 0 0 0
1843 56 3 3 19 0 0 11 0 0
1845 56 0 0 8 0 0 8 0 0
1846 2 0 0 1 0 0 0 0 0
1848 32 1 1 1 0 0 9 0 0
1855 8 0 0 2 0 0 0 0 0
1857 4 0 0 0 0 0 0 0 0
1865 6 0 0 0 0 0 3 0 0
1893 3 1 1 0 0 0 0 0 0
1896 24 1 1 6 0 0 0 0 0
1901 6 0 0 6 0 0 0 0 0
1903 12 0 0 9 0 0 0 0 0
1906 9 1 1 3 0 0 0 0 0
1920 27 0 0 21 0 0 0 0 0
fn=open_verify.constprop.0
1466 143 1 1 0 0 0 78 1 1
1505 39 0 0 13 0 0 0 0 0
1518 10 1 1 0 0 0 0 0 0
1536 65 0 0 0 0 0 13 1 1
1538 26 1 1 0 0 0 0 0 0
1543 6 0 0 0 0 0 0 0 0
1549 9 0 0 0 0 0 3 0 0
1550 6 0 0 0 0 0 6 0 0
1555 18 0 0 3 0 0 3 0 0
1557 6 1 1 0 0 0 0 0 0
1559 9 0 0 3 0 0 3 0 0
1561 6 0 0 0 0 0 0 0 0
1567 6 0 0 0 0 0 0 0 0
1583 57 3 3 27 0 0 0 0 0
1657 6 0 0 3 0 0 0 0 0
1662 6 0 0 3 0 0 0 0 0
1664 12 1 1 3 0 0 0 0 0
1670 6 0 0 3 1 1 0 0 0
1676 15 0 0 3 0 0 0 0 0
1677 12 1 1 3 0 0 0 0 0
1678 4 0 0 2 0 0 0 0 0
1681 16 1 1 1 0 0 0 0 0
1682 13 0 0 2 0 0 2 0 0
1698 132 0 0 0 0 0 0 0 0
1699 64 1 1 29 7 7 0 0 0
1700 24 0 0 6 0 0 0 0 0
1704 24 0 0 12 0 0 0 0 0
1705 12 1 1 4 0 0 0 0 0
1710 4 0 0 0 0 0 0 0 0
1711 32 1 1 2 0 0 0 0 0
1721 30 1 1 6 0 0 8 1 1
1729 54 1 1 36 3 3 0 0 0
1731 6 0 0 0 0 0 0 0 0
1732 54 1 1 18 0 0 0 0 0
1735 18 0 0 0 0 0 0 0 0
1740 3 0 0 0 0 0 0 0 0
1741 12 1 1 3 0 0 0 0 0
1744 6 0 0 0 0 0 0 0 0
1747 6 0 0 3 0 0 0 0 0
1748 12 1 1 3 0 0 0 0 0
1749 3 0 0 3 0 0 0 0 0
1750 9 0 0 3 0 0 0 0 0
1751 9 0 0 3 0 0 0 0 0
1761 9 0 0 0 0 0 3 0 0
1765 117 0 0 91 0 0 0 0 0
fn=open_verify.constprop.1
1466 11 1 1 0 0 0 6 0 0
1536 4 0 0 0 0 0 1 0 0
1538 2 0 0 0 0 0 0 0 0
1543 2 0 0 0 0 0 0 0 0
1549 3 1 1 0 0 0 1 0 0
1550 2 0 0 0 0 0 2 0 0
1555 6 0 0 1 0 0 1 0 0
1557 2 0 0 0 0 0 0 0 0
1559 3 0 0 1 0 0 1 0 0
1561 2 0 0 0 0 0 0 0 0
1567 2 1 1 0 0 0 0 0 0
1583 16 2 2 8 0 0 0 0 0
1657 2 0 0 1 0 0 0 0 0
1662 2 0 0 1 0 0 0 0 0
1664 4 0 0 1 0 0 0 0 0
1670 2 0 0 1 1 1 0 0 0
1676 5 0 0 1 0 0 0 0 0
1677 4 1 1 1 0 0 0 0 0
1678 2 0 0 1 0 0 0 0 0
1698 70 0 0 0 0 0 0 0 0
1699 28 1 1 13 9 9 0 0 0
1700 8 0 0 2 0 0 0 0 0
1704 8 1 1 4 0 0 0 0 0
1705 6 1 1 2 0 0 0 0 0
1721 4 1 1 0 0 0 0 0 0
1729 12 0 0 8 2 2 0 0 0
1731 2 0 0 0 0 0 0 0 0
1732 18 1 1 6 0 0 0 0 0
1735 6 0 0 0 0 0 0 0 0
1741 4 1 1 2 0 0 0 0 0
1761 2 0 0 0 0 0 1 0 0
1765 9 0 0 7 0 0 0 0 0
fl=/build/glibc-sMfBJT/glibc-2.31/elf/dl-lookup.c
fn=_dl_lookup_symbol_x
581 284 0 0 0 0 0 0 0 0
582 7986 0 0 1961 109 102 0 0 0
583 7276 0 0 0 0 0 0 0 0
841 1988 2 2 0 0 0 1420 5 1
843 284 0 0 0 0 0 142 1 0
844 284 1 1 0 0 0 142 0 0
847 142 0 0 142 2 0 0 0 0
851 536 0 0 268 0 0 0 0 0
853 852 0 0 142 0 0 142 0 0
854 710 0 0 568 4 0 0 0 0
860 356 1 1 24 0 0 0 0 0
861 2402 1 1 840 0 0 994 2 0
866 284 1 1 142 0 0 0 0 0
868 72 2 2 12 0 0 0 0 0
885 12 1 1 0 0 0 12 0 0
886 24 0 0 0 0 0 0 0 0
890 1040 0 0 260 0 0 0 0 0
930 520 0 0 130 0 0 0 0 0
944 390 0 0 130 5 1 0 0 0
945 2 1 1 0 0 0 1 0 0
947 520 1 1 260 0 0 0 0 0
952 130 0 0 0 0 0 130 0 0
954 1278 0 0 994 0 0 0 0 0
fn=_dl_setup_hash
961 6 1 1 0 0 0 0 0 0
964 18 0 0 6 0 0 0 0 0
966 6 0 0 6 0 0 0 0 0
968 12 0 0 6 6 6 6 1 1
969 6 1 1 6 0 0 0 0 0
970 6 0 0 6 1 1 0 0 0
972 18 0 0 0 0 0 0 0 0
973 6 0 0 0 0 0 6 0 0
974 18 0 0 6 0 0 6 0 0
976 6 0 0 0 0 0 6 0 0
977 12 0 0 0 0 0 0 0 0
979 6 0 0 0 0 0 6 0 0
981 18 1 1 0 0 0 6 0 0
986 6 0 0 6 0 0 0 0 0
fn=check_match
75 1742 2 2 402 51 46 670 4 2
78 804 0 0 134 15 13 0 0 0
91 780 1 1 0 0 0 0 0 0
94 632 0 0 124 0 0 62 0 0
98 130 0 0 130 1 0 0 0 0
99 260 0 0 0 0 0 0 0 0
101 252 0 0 0 0 0 0 0 0
120 252 0 0 252 34 18 0 0 0
121 1008 1 1 378 8 0 0 0 0
122 630 1 1 252 2 0 126 0 0
149 8 0 0 0 0 0 0 0 0
151 24 1 1 8 1 1 0 0 0
152 16 0 0 0 0 0 0 0 0
160 138 0 0 0 0 0 0 0 0
167 804 0 0 804 0 0 0 0 0
fn=do_lookup_x
294 910 1 1 650 0 0 0 0 0
325 66 1 1 55 0 0 0 0 0
368 1988 1 1 284 0 0 1420 8 3
369 142 0 0 142 2 0 0 0 0
375 142 0 0 142 0 0 0 0 0
379 1410 1 1 1410 15 0 0 0 0
382 1410 0 0 0 0 0 0 0 0
386 1836 0 0 142 0 0 142 0 0
390 1410 0 0 705 11 0 0 0 0
394 1410 0 0 705 2 0 0 0 0
400 2115 0 0 705 6 0 0 0 0
404 705 1 1 0 0 0 705 0 0
405 705 0 0 0 0 0 705 0 0
408 2115 0 0 1410 22 0 705 0 0
409 2115 0 0 1410 3 0 705 0 0
412 705 0 0 705 0 0 0 0 0
413 1410 0 0 0 0 0 0 0 0
415 705 0 0 705 77 49 0 0 0
416 284 0 0 0 0 0 142 0 0
417 1410 0 0 1410 0 0 0 0 0
420 3525 0 0 1410 0 0 0 0 0
423 4935 0 0 0 0 0 0 0 0
426 288 1 1 288 79 65 0 0 0
427 432 1 1 0 0 0 0 0 0
428 288 0 0 0 0 0 0 0 0
430 282 0 0 141 0 0 0 0 0
433 1375 0 0 275 106 94 0 0 0
435 402 1 1 134 0 0 0 0 0
436 3702 2 2 1093 0 0 1650 3 1
437 268 0 0 0 0 0 0 0 0
440 410 0 0 4 0 0 0 0 0
443 435 0 0 0 0 0 0 0 0
451 710 1 1 0 0 0 142 0 0
474 22 2 2 11 0 0 0 0 0
482 260 1 1 130 0 0 0 0 0
533 260 0 0 0 0 0 0 0 0
536 972 0 0 130 0 0 0 0 0
540 51 1 1 17 1 0 0 0 0
552 650 0 0 130 0 0 130 0 0
554 260 0 0 0 0 0 0 0 0
571 1725 0 0 0 0 0 0 0 0
574 12 0 0 0 0 0 0 0 0
575 1136 0 0 994 0 0 0 0 0
fl=/build/glibc-sMfBJT/glibc-2.31/elf/dl-minimal.c
fn=calloc
92 24 1 1 0 0 0 0 0 0
96 12 0 0 0 0 0 0 0 0
99 24 1 1 0 0 0 0 0 0
100 36 0 0 0 0 0 0 0 0
103 12 0 0 0 0 0 0 0 0
fn=free
109 5 0 0 0 0 0 0 0 0
111 20 1 1 10 0 0 0 0 0
fn=malloc
49 160 1 1 0 0 0 64 0 0
50 128 0 0 64 0 0 0 0 0
55 3 0 0 0 0 0 1 0 0
56 2 1 1 1 0 0 0 0 0
57 2 0 0 0 0 0 0 0 0
61 96 1 1 0 0 0 32 0 0
64 216 0 0 0 0 0 0 0 0
69 8 1 1 2 0 0 0 0 0
70 4 0 0 0 0 0 0 0 0
72 2 0 0 0 0 0 0 0 0
73 16 0 0 0 0 0 2 0 0
75 4 0 0 0 0 0 0 0 0
77 4 0 0 2 0 0 0 0 0
79 8 0 0 0 0 0 2 0 0
82 32 0 0 0 0 0 32 0 0
83 32 0 0 0 0 0 32 0 0
85 128 0 0 96 0 0 0 0 0
fn=strsep
262 2 1 1 0 0 0 0 0 0
265 4 0 0 2 1 1 0 0 0
267 2 0 0 2 0 0 0 0 0
268 4 0 0 0 0 0 0 0 0
272 77 1 1 15 0 0 0 0 0
277 56 0 0 28 0 0 0 0 0
279 84 0 0 28 0 0 0 0 0
287 14 0 0 0 0 0 0 0 0
290 1 0 0 0 0 0 1 0 0
294 4 0 0 2 0 0 0 0 0
fl=/build/glibc-sMfBJT/glibc-2.31/elf/dl-misc.c
fn=_dl_name_match_p
282 474 1 1 0 0 0 158 0 0
283 395 0 0 79 0 0 79 0 0
284 94 0 0 0 0 0 0 0 0
286 79 0 0 79 0 0 0 0 0
288 312 0 0 0 0 0 0 0 0
289 460 1 1 92 0 0 92 0 0
292 77 0 0 77 0 0 0 0 0
294 64 0 0 0 0 0 0 0 0
295 316 0 0 237 0 0 0 0 0
fn=_dl_sysdep_read_whole_file
44 9 2 2 0 0 0 4 0 0
47 3 0 0 0 0 0 1 0 0
48 2 0 0 0 0 0 0 0 0
50 7 0 0 0 0 0 1 0 0
52 2 0 0 1 0 0 1 0 0
55 2 1 1 0 0 0 0 0 0
57 8 0 0 0 0 0 1 0 0
68 3 0 0 0 0 0 1 0 0
71 7 0 0 5 0 0 0 0 0
fl=/build/glibc-sMfBJT/glibc-2.31/elf/dl-object.c
fn=_dl_add_to_namespace_list
31 30 1 1 0 0 0 15 0 0
33 15 1 1 5 0 0 5 1 1
35 34 0 0 5 0 0 0 0 0
38 56 0 0 14 0 0 0 0 0
40 4 0 0 0 0 0 4 0 0
42 4 0 0 0 0 0 4 0 0
45 2 1 1 0 0 0 1 0 0
46 15 0 0 5 0 0 0 0 0
47 10 0 0 5 0 0 5 0 0
48 10 0 0 0 0 0 5 0 0
50 10 0 0 5 0 0 0 0 0
51 15 0 0 15 0 0 0 0 0
fn=_dl_new_object
59 65 1 1 0 0 0 45 3 3
62 15 0 0 0 0 0 5 0 0
64 2 1 1 0 0 0 0 0 0
65 6 0 0 0 0 0 0 0 0
69 2 0 0 0 0 0 0 0 0
74 1 0 0 0 0 0 0 0 0
77 36 0 0 4 0 0 4 1 1
89 25 1 1 0 0 0 15 0 0
92 10 0 0 0 0 0 0 0 0
95 5 0 0 0 0 0 5 5 5
96 15 1 1 5 0 0 5 5 5
100 10 0 0 0 0 0 5 1 1
101 40 0 0 10 0 0 15 1 1
103 5 0 0 0 0 0 5 0 0
116 33 1 1 15 0 0 0 0 0
122 1 0 0 0 0 0 0 0 0
124 35 1 1 10 5 5 10 0 0
127 10 0 0 5 0 0 0 0 0
128 10 1 1 0 0 0 5 5 5
129 5 0 0 0 0 0 5 0 0
133 5 0 0 0 0 0 5 0 0
136 74 2 2 4 0 0 0 0 0
138 16 0 0 0 0 0 16 4 4
146 10 0 0 0 0 0 5 0 0
147 5 0 0 0 0 0 5 5 5
150 1 1 1 0 0 0 0 0 0
152 30 1 1 5 0 0 0 0 0
154 16 0 0 0 0 0 4 3 3
157 12 0 0 0 0 0 0 0 0
161 16 0 0 4 0 0 0 0 0
165 20 0 0 0 0 0 0 0 0
167 1 1 1 0 0 0 0 0 0
173 1 0 0 0 0 0 1 1 1
176 10 0 0 0 0 0 5 0 0
186 15 0 0 0 0 0 5 0 0
188 20 1 1 4 0 0 8 0 0
192 16 0 0 4 0 0 0 0 0
196 12 0 0 0 0 0 4 0 0
197 16 0 0 0 0 0 0 0 0
205 4 0 0 0 0 0 0 0 0
209 4 0 0 0 0 0 0 0 0
242 16 1 1 8 0 0 4 0 0
247 134 0 0 0 0 0 0 0 0
248 134 0 0 67 0 0 0 0 0
250 8 0 0 0 0 0 0 0 0
253 4 0 0 0 0 0 4 0 0
256 4 0 0 0 0 0 4 1 1
260 45 0 0 35 0 0 0 0 0
fl=/build/glibc-sMfBJT/glibc-2.31/elf/dl-open.c
fn=_dl_find_dso_for_object
201 9 1 1 0 0 0 4 0 0
205 3 0 0 1 0 0 0 0 0
206 16 0 0 5 0 0 0 0 0
207 20 1 1 10 1 0 0 0 0
208 2 0 0 1 0 0 0 0 0
211 2 1 1 1 0 0 0 0 0
215 7 0 0 5 0 0 0 0 0
fl=/build/glibc-sMfBJT/glibc-2.31/elf/dl-reloc.c
fn=_dl_relocate_object
148 78 1 1 0 0 0 48 0 0
158 10 0 0 0 0 0 0 0 0
159 18 1 1 0 0 0 12 0 0
163 12 1 1 0 0 0 0 0 0
164 30 0 0 6 2 0 6 0 0
170 12 0 0 6 0 0 0 0 0
176 30 1 1 12 0 0 0 0 0
177 12 1 1 6 5 0 0 0 0
180 13 0 0 0 0 0 0 0 0
187 24 0 0 6 2 0 6 0 0
227 18 1 1 12 0 0 6 0 0
255 300 4 4 126 21 0 46 0 0
258 24 1 1 6 0 0 0 0 0
282 6 0 0 6 0 0 0 0 0
285 12 0 0 6 0 0 0 0 0
302 18 0 0 6 4 0 0 0 0
304 48 0 0 42 1 0 0 0 0
310 36 1 1 18 1 0 0 0 0
313 12 0 0 0 0 0 0 0 0
317 12 1 1 0 0 0 0 0 0
318 36 0 0 0 0 0 6 0 0
fl=/build/glibc-sMfBJT/glibc-2.31/elf/dl-sort-maps.c
fn=_dl_sort_maps
28 26 2 2 0 0 0 20 0 0
30 4 0 0 0 0 0 0 0 0
33 8 2 2 0 0 0 2 0 0
34 40 4 4 2 0 0 2 0 0
35 26 0 0 4 0 0 8 0 0
39 72 0 0 24 0 0 24 0 0
40 36 0 0 24 0 0 0 0 0
42 24 0 0 12 0 0 0 0 0
46 24 2 2 12 0 0 0 0 0
54 150 2 2 42 0 0 0 0 0
56 78 0 0 52 1 1 0 0 0
57 52 0 0 0 0 0 0 0 0
59 162 2 2 54 4 4 0 0 0
60 120 2 2 0 0 0 0 0 0
65 16 0 0 2 0 0 8 0 0
66 8 0 0 0 0 0 4 0 0
67 2 0 0 0 0 0 2 0 0
69 16 2 2 12 0 0 0 0 0
77 14 0 0 6 0 0 0 0 0
84 12 0 0 0 0 0 6 0 0
85 8 0 0 6 0 0 2 0 0
87 4 0 0 2 0 0 0 0 0
90 84 1 1 12 0 0 0 0 0
115 54 0 0 18 0 0 0 0 0
118 72 4 4 8 0 0 8 0 0
122 16 0 0 14 0 0 0 0 0
fl=/build/glibc-sMfBJT/glibc-2.31/elf/dl-tunables.c
fn=__GI___tunables_init
67 355 1 1 71 0 0 0 0 0
70 140 1 1 0 0 0 0 0 0
73 6146 0 0 878 32 32 0 0 0
77 140 1 1 0 0 0 0 0 0
82 420 0 0 0 0 0 70 1 1
278 5 0 0 1 0 0 0 0 0
287 9 1 1 0 0 0 6 1 1
310 7280 1 1 0 0 0 0 0 0
316 9100 0 0 3640 0 0 0 0 0
328 280 0 0 70 0 0 0 0 0
362 8 0 0 7 0 0 0 0 0
fn=__tunable_get_val
368 22 1 1 0 0 0 0 0 0
371 214 0 0 22 11 0 0 0 0
380 25 0 0 22 4 0 3 0 0
390 19 1 1 0 0 0 19 0 0
391 19 0 0 0 0 0 0 0 0
397 110 0 0 22 1 0 0 0 0
399 22 0 0 22 0 0 0 0 0
fl=/build/glibc-sMfBJT/glibc-2.31/elf/dl-tunables.h
fn=__GI___tunables_init
119 4876 1 1 1434 9 9 0 0 0
120 2868 0 0 0 0 0 0 0 0
fl=/build/glibc-sMfBJT/glibc-2.31/elf/dl-version.c
fn=_dl_check_all_versions
362 6 1 1 0 0 0 4 0 0
364 2 0 0 0 0 0 0 0 0
366 23 0 0 6 0 0 0 0 0
368 60 1 1 6 0 0 6 0 0
371 7 0 0 5 0 0 0 0 0
fn=_dl_check_map_versions
37 131 0 0 18 0 0 0 0 0
38 34 0 0 34 0 0 0 0 0
39 215 1 1 0 0 0 43 0 0
57 54 0 0 36 0 0 18 0 0
65 54 0 0 18 0 0 0 0 0
71 54 1 1 18 0 0 0 0 0
87 18 0 0 18 1 0 0 0 0
88 36 0 0 0 0 0 0 0 0
90 18 0 0 18 0 0 0 0 0
95 380 0 0 145 20 20 36 0 0
109 290 0 0 145 4 4 0 0 0
111 18 1 1 18 1 1 0 0 0
114 153 1 1 45 1 1 18 0 0
121 381 1 1 127 5 5 0 0 0
125 127 0 0 0 0 0 0 0 0
143 45 1 1 0 0 0 27 0 0
156 60 1 1 0 0 0 48 0 0
157 6 0 0 0 0 0 6 0 0
165 6 0 0 0 0 0 0 0 0
171 18 0 0 6 0 0 0 0 0
173 12 0 0 6 1 0 6 0 0
175 12 1 1 6 0 0 6 0 0
176 18 0 0 6 0 0 6 0 0
178 12 0 0 0 0 0 0 0 0
181 12 0 0 8 0 0 4 0 0
185 28 1 1 8 2 2 0 0 0
198 5 0 0 0 0 0 0 0 0
199 5 0 0 0 0 0 0 0 0
201 18 0 0 18 1 1 0 0 0
209 27 0 0 9 0 0 0 0 0
210 4 1 1 0 0 0 0 0 0
214 27 0 0 18 0 0 0 0 0
218 179 1 1 140 1 0 0 0 0
220 18 0 0 18 1 1 0 0 0
222 45 0 0 18 4 4 18 0 0
225 72 1 1 18 0 0 0 0 0
228 54 0 0 18 0 0 0 0 0
233 9 0 0 0 0 0 0 0 0
237 36 0 0 18 0 0 0 0 0
242 10 0 0 0 0 0 5 0 0
251 21 0 0 6 0 0 0 0 0
254 16 0 0 12 0 0 0 0 0
257 208 0 0 52 0 0 0 0 0
260 156 0 0 52 0 0 0 0 0
264 48 0 0 0 0 0 0 0 0
268 10 1 1 0 0 0 0 0 0
273 5 0 0 0 0 0 5 1 0
274 25 2 2 0 0 0 5 0 0
275 10 0 0 0 0 0 0 0 0
285 5 0 0 0 0 0 5 0 0
288 15 0 0 10 1 0 5 0 0
290 15 1 1 5 0 0 0 0 0
293 16 0 0 12 0 0 0 0 0
295 5 0 0 0 0 0 0 0 0
297 27 0 0 9 0 0 0 0 0
300 54 1 1 18 0 0 0 0 0
302 72 0 0 0 0 0 0 0 0
304 90 0 0 18 0 0 18 0 0
305 54 0 0 0 0 0 18 8 8
306 54 0 0 18 0 0 18 1 1
307 54 0 0 18 0 0 18 0 0
310 54 0 0 18 0 0 0 0 0
315 9 0 0 0 0 0 0 0 0
318 27 1 1 9 0 0 0 0 0
323 5 0 0 0 0 0 0 0 0
328 15 0 0 5 0 0 0 0 0
331 16 0 0 12 0 0 0 0 0
335 48 0 0 48 0 0 0 0 0
337 104 1 1 52 0 0 0 0 0
341 48 0 0 48 0 0 0 0 0
342 240 0 0 48 0 0 48 14 14
343 144 0 0 48 0 0 48 0 0
344 48 0 0 0 0 0 48 6 6
347 156 0 0 52 0 0 0 0 0
351 48 0 0 0 0 0 0 0 0
357 54 0 0 48 0 0 0 0 0
fl=/build/glibc-sMfBJT/glibc-2.31/elf/do-rel.h
fn=_dl_relocate_object
47 36 0 0 12 0 0 12 0 0
48 12 0 0 12 1 0 0 0 0
50 13 0 0 0 0 0 5 0 0
51 10 1 1 0 0 0 6 1 0
58 36 0 0 12 0 0 0 0 0
61 332 0 0 0 0 0 0 0 0
63 432 1 1 108 40 40 0 0 0
65 231 1 1 0 0 0 0 0 0
74 8 0 0 0 0 0 0 0 0
75 252 0 0 3 0 0 0 0 0
76 152 0 0 76 0 0 0 0 0
83 16 0 0 8 0 0 8 0 0
84 8 1 1 8 0 0 0 0 0
86 24 0 0 8 0 0 0 0 0
98 24 0 0 0 0 0 0 0 0
108 12 0 0 0 0 0 0 0 0
111 3686 2 2 0 0 0 0 0 0
112 2446 0 0 1223 156 153 0 0 0
118 24 0 0 8 6 0 0 0 0
121 14 1 1 7 4 0 7 1 0
124 476 1 1 161 0 0 0 0 0
127 616 0 0 154 39 36 0 0 0
136 616 0 0 308 44 39 0 0 0
137 462 1 1 154 0 0 0 0 0
138 710 0 0 154 1 0 154 0 0
139 462 0 0 308 0 0 154 0 0
143 25 0 0 10 0 0 0 0 0
160 21 2 2 7 0 0 2 0 0
162 20 0 0 5 1 1 0 0 0
170 30 1 1 5 0 0 5 0 0
171 15 0 0 10 0 0 5 0 0
174 3 0 0 1 0 0 0 0 0
fn=_dl_start
83 1 0 0 1 0 0 0 0 0
84 1 0 0 1 0 0 0 0 0
111 129 0 0 0 0 0 0 0 0
112 84 0 0 42 6 6 0 0 0
116 2 0 0 1 0 0 0 0 0
124 29 0 0 0 0 0 0 0 0
136 27 1 1 9 2 2 0 0 0
137 18 0 0 0 0 0 0 0 0
139 18 0 0 9 0 0 0 0 0
fl=/build/glibc-sMfBJT/glibc-2.31/elf/get-dynamic-info.h
fn=_dl_map_object_from_fd
42 4 0 0 0 0 0 0 0 0
46 4 0 0 0 0 0 0 0 0
48 321 1 1 107 30 30 0 0 0
50 206 1 1 0 0 0 0 0 0
63 100 0 0 0 0 0 0 0 0
64 68 0 0 0 0 0 20 10 10
65 20 0 0 0 0 0 0 0 0
67 4 0 0 0 0 0 0 0 0
68 20 1 1 0 0 0 0 0 0
69 4 0 0 0 0 0 0 0 0
71 20 0 0 0 0 0 0 0 0
72 16 0 0 0 0 0 0 0 0
73 166 0 0 0 0 0 83 16 16
74 103 0 0 0 0 0 0 0 0
81 8 0 0 0 0 0 0 0 0
101 15 0 0 7 0 0 0 0 0
102 16 1 1 8 0 0 0 0 0
103 16 0 0 8 0 0 0 0 0
104 16 0 0 8 0 0 0 0 0
106 16 0 0 8 0 0 0 0 0
111 16 0 0 8 0 0 0 0 0
112 15 1 1 7 1 1 0 0 0
113 16 0 0 8 0 0 0 0 0
118 12 0 0 4 0 0 0 0 0
123 8 0 0 4 0 0 0 0 0
130 8 1 1 4 0 0 0 0 0
131 12 0 0 8 0 0 0 0 0
149 12 0 0 4 0 0 0 0 0
154 4 0 0 2 0 0 2 0 0
156 4 0 0 0 0 0 0 0 0
158 4 0 0 0 0 0 0 0 0
160 4 0 0 0 0 0 0 0 0
163 12 1 1 4 0 0 0 0 0
165 3 0 0 1 0 0 1 1 1
166 2 0 0 0 0 0 0 0 0
175 2 1 1 1 0 0 0 0 0
180 2 0 0 0 0 0 0 0 0
183 8 0 0 4 0 0 0 0 0
fn=_dl_start
48 57 1 1 19 6 6 0 0 0
50 36 1 1 0 0 0 0 0 0
63 21 0 0 0 0 0 0 0 0
64 14 0 0 0 0 0 4 2 2
65 5 1 1 0 0 0 0 0 0
67 1 0 0 0 0 0 0 0 0
68 5 1 1 0 0 0 0 0 0
69 1 0 0 0 0 0 0 0 0
71 5 1 1 0 0 0 0 0 0
72 4 0 0 0 0 0 0 0 0
73 16 0 0 0 0 0 14 5 5
74 18 0 0 0 0 0 0 0 0
81 2 0 0 0 0 0 0 0 0
101 4 1 1 2 0 0 0 0 0
102 4 0 0 2 0 0 0 0 0
103 4 0 0 2 0 0 0 0 0
104 4 0 0 2 0 0 0 0 0
106 4 1 1 2 0 0 0 0 0
111 4 0 0 2 0 0 0 0 0
112 4 0 0 2 0 0 0 0 0
113 4 0 0 2 0 0 0 0 0
118 3 1 1 1 0 0 0 0 0
123 2 0 0 1 0 0 0 0 0
130 3 0 0 1 0 0 0 0 0
131 3 0 0 2 0 0 0 0 0
139 3 0 0 1 0 0 0 0 0
142 3 1 1 1 1 1 0 0 0
146 2 0 0 1 0 0 0 0 0
147 2 1 1 1 0 0 0 0 0
fn=dl_main
33 1 0 0 1 0 0 0 0 0
42 2 0 0 0 0 0 0 0 0
46 1 0 0 0 0 0 0 0 0
48 87 1 1 29 8 8 0 0 0
50 56 0 0 0 0 0 0 0 0
63 25 0 0 0 0 0 0 0 0
64 17 0 0 0 0 0 5 2 2
65 5 0 0 0 0 0 0 0 0
68 5 0 0 0 0 0 0 0 0
69 1 1 1 0 0 0 0 0 0
71 5 0 0 0 0 0 0 0 0
72 5 0 0 0 0 0 0 0 0
73 23 0 0 0 0 0 23 4 4
74 28 0 0 0 0 0 0 0 0
81 3 0 0 1 0 0 0 0 0
101 3 0 0 1 0 0 0 0 0
102 4 0 0 2 0 0 0 0 0
103 4 0 0 2 0 0 0 0 0
104 4 1 1 2 0 0 0 0 0
106 4 0 0 2 0 0 0 0 0
111 4 0 0 2 0 0 0 0 0
112 4 0 0 2 0 0 0 0 0
113 4 1 1 2 0 0 0 0 0
118 3 0 0 1 0 0 0 0 0
123 2 0 0 1 0 0 0 0 0
130 2 0 0 1 0 0 0 0 0
131 3 0 0 2 0 0 0 0 0
149 3 0 0 1 0 0 0 0 0
154 2 1 1 1 0 0 1 0 0
156 2 0 0 0 0 0 0 0 0
158 2 0 0 0 0 0 0 0 0
160 2 0 0 0 0 0 0 0 0
161 2 1 1 0 0 0 1 0 0
163 3 0 0 1 0 0 0 0 0
165 3 1 1 1 0 0 1 0 0
166 2 0 0 0 0 0 0 0 0
175 2 0 0 1 0 0 0 0 0
180 2 0 0 0 0 0 0 0 0
181 3 0 0 1 0 0 1 0 0
183 2 0 0 1 0 0 0 0 0
fl=/build/glibc-sMfBJT/glibc-2.31/elf/rtld.c
fn=_dl_start
66 8 0 0 0 0 0 2 1 1
430 2 0 0 0 0 0 1 1 1
431 2 1 1 0 0 0 1 0 0
432 2 0 0 0 0 0 1 0 0
433 2 0 0 0 0 0 1 1 1
434 2 0 0 0 0 0 1 0 0
443 1 0 0 0 0 0 1 0 0
449 4 0 0 0 0 0 1 0 0
451 2 0 0 1 0 0 0 0 0
463 10 2 2 0 0 0 6 1 1
504 1 0 0 0 0 0 1 0 0
507 1 0 0 0 0 0 1 1 1
518 2 0 0 0 0 0 0 0 0
523 25 2 2 9 0 0 0 0 0
525 1 0 0 1 1 1 0 0 0
550 9 0 0 7 2 0 0 0 0
fn=dl_main
66 16 5 5 0 0 0 0 0 0
73 12 0 0 0 0 0 0 0 0
74 2 0 0 0 0 0 1 1 0
82 8 0 0 3 0 0 0 0 0
817 1 0 0 1 1 0 0 0 0
819 1 0 0 0 0 0 1 0 0
828 1 0 0 0 0 0 1 0 0
830 1 0 0 0 0 0 1 0 0
835 1 0 0 0 0 0 1 0 0
1090 14 2 2 0 0 0 8 1 1
1096 1 0 0 0 0 0 0 0 0
1099 1 0 0 0 0 0 1 0 0
1102 2 0 0 0 0 0 1 1 1
1106 6 0 0 0 0 0 1 1 1
1112 2 1 1 0 0 0 1 1 1
1122 3 0 0 1 0 0 0 0 0
1330 8 1 1 0 0 0 1 0 0
1332 2 0 0 0 0 0 0 0 0
1333 1 1 1 0 0 0 1 1 1
1334 2 0 0 1 0 0 1 0 0
1335 2 0 0 1 0 0 1 0 0
1339 3 0 0 0 0 0 1 0 0
1340 2 0 0 1 0 0 0 0 0
1362 1 0 0 0 0 0 1 0 0
1364 2 1 1 1 1 1 1 0 0
1366 1 0 0 1 0 0 0 0 0
1369 47 4 4 14 0 0 1 0 0
1370 118 2 2 22 7 7 0 0 0
1374 3 1 1 1 0 0 1 0 0
1379 3 0 0 2 0 0 1 0 0
1388 2 0 0 0 0 0 1 1 1
1389 2 0 0 2 1 1 0 0 0
1391 1 1 1 0 0 0 1 0 0
1398 3 1 1 1 0 0 0 0 0
1410 3 0 0 0 0 0 1 0 0
1416 1 0 0 0 0 0 0 0 0
1424 8 1 1 4 0 0 0 0 0
1425 17 1 1 9 1 1 1 0 0
1426 8 0 0 4 0 0 0 0 0
1427 1 0 0 0 0 0 1 0 0
1430 8 0 0 4 3 3 0 0 0
1431 8 0 0 4 0 0 0 0 0
1432 4 0 0 0 0 0 4 0 0
1433 10 0 0 5 0 0 0 0 0
1434 1 0 0 0 0 0 1 0 0
1461 2 1 1 1 0 0 1 0 0
1465 4 0 0 2 0 0 1 1 1
1478 7 0 0 4 1 1 0 0 0
1481 2 0 0 0 0 0 0 0 0
1483 2 1 1 0 0 0 0 0 0
1485 3 0 0 1 0 0 0 0 0
1498 3 0 0 1 0 0 0 0 0
1499 5 1 1 1 0 0 1 0 0
1501 3 0 0 3 0 0 0 0 0
1504 1 0 0 0 0 0 1 0 0
1506 1 0 0 0 0 0 1 1 1
1507 1 0 0 0 0 0 1 0 0
1509 2 0 0 1 0 0 0 0 0
1510 2 0 0 0 0 0 1 0 0
1514 2 1 1 1 0 0 0 0 0
1516 2 0 0 1 0 0 0 0 0
1521 2 1 1 0 0 0 1 0 0
1524 2 0 0 1 0 0 0 0 0
1549 10 0 0 1 0 0 2 0 0
1554 2 1 1 1 0 0 1 0 0
1557 4 0 0 1 0 0 2 0 0
1559 1 0 0 0 0 0 1 0 0
1564 2 1 1 1 0 0 0 0 0
1567 4 1 1 2 0 0 1 0 0
1568 4 0 0 1 0 0 1 0 0
1569 2 0 0 1 0 0 1 0 0
1570 1 0 0 0 0 0 1 0 0
1571 1 0 0 1 0 0 0 0 0
1572 1 1 1 1 0 0 0 0 0
1577 2 0 0 1 0 0 0 0 0
1578 6 0 0 1 0 0 1 0 0
1595 2 0 0 1 1 1 0 0 0
1596 2 0 0 1 0 0 0 0 0
1598 2 1 1 1 0 0 0 0 0
1600 1 0 0 0 0 0 1 0 0
1601 3 0 0 1 0 0 1 0 0
1606 5 1 1 0 0 0 0 0 0
1607 5 0 0 1 1 1 0 0 0
1609 4 1 1 2 1 1 1 1 1
1615 2 0 0 1 1 1 0 0 0
1620 1 0 0 0 0 0 1 0 0
1621 3 0 0 1 0 0 0 0 0
1622 4 1 1 1 0 0 1 0 0
1640 2 0 0 0 0 0 2 0 0
1648 3 0 0 1 0 0 0 0 0
1651 2 0 0 1 0 0 1 0 0
1655 3 0 0 1 0 0 0 0 0
1660 2 1 1 1 0 0 1 0 0
1661 1 0 0 0 0 0 1 0 0
1662 1 0 0 0 0 0 0 0 0
1666 3 0 0 1 0 0 0 0 0
1682 3 0 0 2 0 0 0 0 0
1684 1 0 0 0 0 0 0 0 0
1686 2 1 1 1 0 0 0 0 0
1690 5 0 0 1 0 0 1 0 0
1694 2 0 0 1 0 0 0 0 0
1709 5 0 0 0 0 0 1 0 0
1785 4 0 0 2 0 0 0 0 0
1789 20 3 3 1 0 0 0 0 0
1790 1 0 0 0 0 0 0 0 0
1793 3 0 0 0 0 0 1 0 0
1794 1 0 0 1 0 0 0 0 0
1795 2 0 0 0 0 0 0 0 0
1796 2 0 0 0 0 0 0 0 0
1805 8 0 0 1 0 0 1 0 0
1810 27 1 1 1 0 0 0 0 0
1811 15 0 0 13 0 0 0 0 0
1814 3 0 0 2 0 0 1 0 0
1815 3 1 1 1 0 0 0 0 0
1816 1 0 0 0 0 0 1 0 0
1818 15 0 0 0 0 0 0 0 0
1819 24 1 1 11 0 0 0 0 0
1829 5 1 1 1 0 0 1 0 0
1831 3 0 0 1 0 0 1 0 0
1832 3 0 0 1 0 0 0 0 0
1834 2 0 0 0 0 0 1 0 0
1836 3 0 0 0 0 0 0 0 0
1838 3 0 0 1 0 0 0 0 0
1839 1 1 1 1 0 0 0 0 0
1852 2 0 0 0 0 0 0 0 0
1853 2 0 0 1 0 0 1 0 0
1854 3 0 0 1 0 0 0 0 0
1865 5 1 1 1 0 0 1 0 0
1866 1 0 0 0 0 0 1 1 1
1867 5 1 1 0 0 0 1 0 0
1877 2 0 0 1 0 0 1 0 0
1878 2 0 0 1 0 0 0 0 0
1879 3 1 1 0 0 0 2 0 0
1881 2 0 0 1 1 0 0 0 0
1886 3 0 0 1 0 0 0 0 0
2116 3 1 1 1 0 0 0 0 0
2172 1 0 0 0 0 0 1 0 0
2176 2 1 1 1 0 0 1 0 0
2182 2 0 0 1 0 0 1 0 0
2185 2 0 0 0 0 0 0 0 0
2193 1 1 1 1 0 0 0 0 0
2239 3 0 0 1 0 0 0 0 0
2242 1 0 0 1 0 0 0 0 0
2246 1 0 0 1 0 0 0 0 0
2247 22 1 1 0 0 0 0 0 0
2249 12 0 0 12 2 0 0 0 0
2254 12 0 0 12 4 0 0 0 0
2256 14 0 0 0 0 0 0 0 0
2258 1 1 1 0 0 0 1 0 0
2259 1 0 0 1 0 0 0 0 0
2262 6 1 1 6 0 0 0 0 0
2264 12 0 0 6 1 0 0 0 0
2265 40 0 0 10 4 0 5 0 0
2269 14 0 0 7 1 0 0 0 0
2270 4 1 1 0 0 0 1 0 0
2278 2 0 0 1 0 0 0 0 0
2283 4 1 1 2 1 0 0 0 0
2285 1 1 1 1 1 0 0 0 0
2292 3 0 0 1 0 0 1 0 0
2295 2 0 0 1 0 0 0 0 0
2304 3 0 0 2 0 0 0 0 0
2306 2 0 0 1 0 0 0 0 0
2319 1 0 0 1 0 0 0 0 0
2320 5 0 0 1 1 0 1 0 0
2330 1 0 0 0 0 0 1 0 0
2334 3 1 1 1 0 0 0 0 0
2355 4 0 0 0 0 0 1 0 0
2356 1 0 0 0 0 0 1 0 0
2357 1 0 0 0 0 0 1 0 0
2358 1 0 0 0 0 0 0 0 0
2362 1 0 0 0 0 0 1 0 0
2367 8 0 0 7 2 0 0 0 0
2533 2 0 0 1 0 0 1 1 1
2535 1 0 0 0 0 0 1 0 0
2536 1 1 1 0 0 0 0 0 0
2540 6 0 0 1 0 0 1 0 0
2542 17 0 0 3 0 0 4 1 1
2544 2 0 0 0 0 0 0 0 0
2546 105 0 0 21 0 0 0 0 0
2547 19 1 1 0 0 0 0 0 0
2555 12 0 0 2 1 1 0 0 0
2576 2 1 1 1 0 0 0 0 0
2583 6 1 1 3 0 0 0 0 0
2585 2 0 0 0 0 0 1 1 1
2586 1 0 0 0 0 0 0 0 0
2631 3 1 1 1 0 0 0 0 0
2632 5 2 2 2 0 0 0 0 0
2634 2 1 1 0 0 0 1 1 1
2635 1 0 0 0 0 0 0 0 0
2704 3 0 0 1 0 0 0 0 0
2736 3 1 1 1 0 0 0 0 0
fn=handle_preload_list
168 3 0 0 1 0 0 0 0 0
770 1 0 0 0 0 0 1 0 0
774 1 0 0 0 0 0 1 0 0
775 1 0 0 0 0 0 1 0 0
776 1 0 0 0 0 0 1 0 0
778 1 0 0 1 0 0 0 0 0
780 6 1 1 0 0 0 1 0 0
781 3 0 0 1 0 0 0 0 0
789 4 0 0 1 0 0 0 0 0
858 10 1 1 1 1 1 6 0 0
859 1 1 1 0 0 0 0 0 0
863 7 0 0 2 0 0 0 0 0
866 4 0 0 0 0 0 1 1 1
867 3 0 0 0 0 0 0 0 0
869 6 1 1 0 0 0 1 0 0
870 2 0 0 0 0 0 1 0 0
876 1 1 1 0 0 0 0 0 0
878 2 0 0 1 0 0 0 0 0
880 2 0 0 1 0 0 0 0 0
884 9 0 0 7 0 0 0 0 0
fn=init_tls
699 1 1 1 0 0 0 1 0 0
701 2 1 1 1 0 0 1 0 0
705 2 0 0 1 1 0 0 0 0
711 2 0 0 0 0 0 1 0 0
714 1 0 0 0 0 0 1 0 0
715 3 0 0 0 0 0 1 0 0
716 1 0 0 0 0 0 0 0 0
720 1 0 0 0 0 0 0 0 0
722 1 1 1 0 0 0 1 0 0
726 2 0 0 1 1 1 0 0 0
727 2 0 0 0 0 0 0 0 0
728 16 0 0 1 0 0 0 0 0
729 8 2 2 6 0 0 0 0 0
730 18 0 0 6 3 0 0 0 0
734 2 0 0 0 0 0 1 0 0
736 1 0 0 0 0 0 0 0 0
738 2 0 0 0 0 0 0 0 0
741 1 0 0 0 0 0 1 0 0
748 2 0 0 0 0 0 1 0 0
749 2 0 0 0 0 0 0 0 0
755 2 0 0 1 0 0 1 0 0
758 7 0 0 0 0 0 2 0 0
761 1 0 0 0 0 0 1 0 0
764 3 0 0 2 0 0 0 0 0
fn=map_doit
606 3 1 1 0 0 0 1 0 0
608 4 0 0 1 0 0 0 0 0
609 6 0 0 2 0 0 2 0 0
611 2 0 0 2 0 0 0 0 0
fn=rtld_lock_default_lock_recursive
801 8 1 1 0 0 0 0 0 0
802 8 0 0 8 3 2 0 0 0
803 8 0 0 8 0 0 0 0 0
fn=rtld_lock_default_unlock_recursive
807 8 0 0 0 0 0 0 0 0
808 8 0 0 8 1 0 0 0 0
809 8 0 0 8 0 0 0 0 0
fn=version_check_doit
639 3 1 1 0 0 0 1 0 0
641 6 0 0 2 0 0 1 0 0
645 2 0 0 2 0 0 0 0 0
fl=/build/glibc-sMfBJT/glibc-2.31/gmon/../sysdeps/posix/profil.c
fn=__profil_counter
42 9248 98 12 4624 3324 58 0 0 0
47 16184 0 0 2312 0 0 0 0 0
49 4624 0 0 2312 0 0 0 0 0
50 2282 0 0 2282 1138 50 0 0 0
fn=profil
66 22 2 2 4 2 1 10 1 0
75 7 0 0 0 0 0 0 0 0
78 2 0 0 0 0 0 0 0 0
82 6 1 1 0 0 0 1 0 0
84 1 0 0 0 0 0 1 0 0
85 5 0 0 0 0 0 1 0 0
88 2 1 1 0 0 0 0 0 0
103 2 0 0 0 0 0 1 0 0
104 2 1 1 0 0 0 1 0 0
105 1 0 0 0 0 0 1 0 0
106 1 0 0 0 0 0 1 0 0
109 3 0 0 0 0 0 1 1 0
115 1 1 1 0 0 0 1 0 0
116 8 0 0 0 0 0 8 1 0
117 5 1 1 0 0 0 1 1 0
120 1 0 0 0 0 0 1 0 0
121 7 0 0 0 0 0 2 0 0
122 2 0 0 1 0 0 1 0 0
123 4 0 0 0 0 0 1 0 0
124 18 1 1 14 0 0 0 0 0
fl=/build/glibc-sMfBJT/glibc-2.31/gmon/../sysdeps/unix/sysv/linux/not-cancel.h
fn=write_gmon
60 2 1 1 0 0 0 1 0 0
69 20 3 3 1 0 0 0 0 0
fl=/build/glibc-sMfBJT/glibc-2.31/gmon/../sysdeps/unix/sysv/linux/prof-freq.c
fn=__profile_frequency
26 2 2 1 0 0 0 0 0 0
27 4 0 0 4 3 1 0 0 0
28 2 0 0 2 0 0 0 0 0
fl=/build/glibc-sMfBJT/glibc-2.31/gmon/../sysdeps/unix/sysv/linux/profil-counter.h
fn=__profil_counter
25 2312 1 1 0 0 0 0 0 0
32 2312 0 0 2312 1684 58 0 0 0
fl=/build/glibc-sMfBJT/glibc-2.31/gmon/../sysdeps/x86_64/_mcount.S
fn=mcount
27 439 6 5 0 0 0 0 0 0
29 439 0 0 0 0 0 0 0 0
31 439 0 0 0 0 0 439 101 4
33 439 9 6 0 0 0 439 0 0
35 439 0 0 0 0 0 439 0 0
37 439 0 0 0 0 0 439 0 0
39 439 0 0 0 0 0 439 0 0
41 439 0 0 0 0 0 439 0 0
43 439 0 0 0 0 0 439 0 0
48 439 0 0 439 0 0 0 0 0
50 439 0 0 439 0 0 0 0 0
51 439 0 0 0 0 0 439 29 3
54 439 0 0 439 0 0 0 0 0
56 439 0 0 439 0 0 0 0 0
58 439 0 0 439 0 0 0 0 0
60 439 0 0 439 0 0 0 0 0
62 439 1 1 439 0 0 0 0 0
64 439 0 0 439 0 0 0 0 0
66 439 0 0 439 0 0 0 0 0
68 439 0 0 0 0 0 0 0 0
70 439 0 0 439 0 0 0 0 0
fl=/build/glibc-sMfBJT/glibc-2.31/gmon/gmon.c
fn=_mcleanup
101 2 0 0 1 0 0 0 0 0
113 5 0 0 0 0 0 1 0 0
114 1 0 0 0 0 0 1 0 0
440 2 1 1 0 0 0 0 0 0
444 1 0 0 0 0 0 1 0 0
447 2 0 0 1 0 0 0 0 0
448 1 0 0 0 0 0 0 0 0
fn=callback
54 1 0 0 0 0 0 0 0 0
55 3 0 0 2 1 1 0 0 0
62 2 0 0 1 0 0 1 0 0
63 1 0 0 0 0 0 0 0 0
66 1 0 0 0 0 0 0 0 0
67 1 0 0 1 0 0 0 0 0
fn=monstartup
101 3 0 0 1 0 0 1 1 1
107 3 0 0 0 0 0 1 0 0
108 1 0 0 0 0 0 1 0 0
123 6 1 1 0 0 0 4 0 0
132 3 0 0 0 0 0 1 1 1
133 3 0 0 0 0 0 1 0 0
134 3 1 1 0 0 0 1 0 0
135 5 0 0 0 0 0 1 1 1
136 1 0 0 0 0 0 1 0 0
143 1 0 0 0 0 0 1 1 1
145 1 0 0 0 0 0 1 0 0
146 10 1 1 0 0 0 1 0 0
147 2 0 0 0 0 0 0 0 0
149 2 0 0 0 0 0 0 0 0
150 1 1 1 0 0 0 0 0 0
151 1 0 0 0 0 0 1 0 0
153 4 1 1 0 0 0 1 0 0
154 2 0 0 0 0 0 0 0 0
161 1 0 0 0 0 0 1 1 0
162 1 0 0 0 0 0 0 0 0
163 1 0 0 0 0 0 1 1 0
164 2 0 0 0 0 0 1 0 0
167 1 1 1 0 0 0 1 1 0
169 1 0 0 0 0 0 0 0 0
170 3 0 0 0 0 0 0 0 0
173 10 1 1 1 1 1 0 0 0
188 1 0 0 0 0 0 0 0 0
191 6 0 0 5 1 0 0 0 0
fn=write_gmon
198 1 0 0 0 0 0 1 0 0
200 3 1 1 1 0 0 0 0 0
211 9 2 2 1 0 0 6 0 0
233 5 1 1 1 0 0 1 0 0
235 2 0 0 0 0 0 1 0 0
236 2 0 0 0 0 0 2 0 0
237 6 0 0 0 0 0 4 0 0
238 1 1 1 0 0 0 1 0 0
249 1 0 0 0 0 0 1 0 0
258 69 1 1 0 0 0 0 0 0
260 32 0 0 0 0 0 32 0 0
261 32 0 0 0 0 0 32 0 0
263 96 0 0 0 0 0 32 5 0
264 32 0 0 0 0 0 32 0 0
267 1 0 0 0 0 0 0 0 0
269 8621 1 1 2872 0 0 1 0 0
271 11484 0 0 5742 356 349 0 0 0
276 385 1 1 165 0 0 0 0 0
277 240 0 0 0 0 0 0 0 0
279 93 0 0 93 3 2 0 0 0
289 93 0 0 0 0 0 93 0 0
290 372 0 0 0 0 0 93 0 0
291 186 0 0 93 24 18 0 0 0
292 186 1 1 93 4 4 93 0 0
293 651 0 0 186 0 0 186 0 0
295 279 0 0 0 0 0 0 0 0
298 4 0 0 2 0 0 0 0 0
302 2 0 0 0 0 0 0 0 0
303 1 0 0 0 0 0 0 0 0
311 1 0 0 0 0 0 1 0 0
315 4 0 0 0 0 0 4 0 0
325 4 2 2 0 0 0 4 0 0
326 4 0 0 0 0 0 4 0 0
332 3 0 0 1 1 1 0 0 0
355 11 2 2 1 0 0 7 0 0
359 2 0 0 0 0 0 1 0 0
360 2 0 0 0 0 0 0 0 0
370 6 1 1 0 0 0 1 0 0
372 2 0 0 0 0 0 0 0 0
395 2 0 0 0 0 0 1 0 0
396 1 0 0 0 0 0 1 0 0
397 2 0 0 0 0 0 2 0 0
398 3 0 0 0 0 0 1 0 0
401 1 0 0 0 0 0 1 0 0
403 3 0 0 0 0 0 1 0 0
407 1 0 0 1 0 0 0 0 0
416 11 0 0 9 1 0 0 0 0
fl=/build/glibc-sMfBJT/glibc-2.31/gmon/mcount.c
fn=__mcount_internal
60 439 1 1 0 0 0 0 0 0
72 1756 0 0 439 181 9 0 0 0
81 439 0 0 439 182 9 0 0 0
82 878 0 0 439 0 0 0 0 0
93 870 1 1 435 192 9 0 0 0
97 1305 0 0 435 0 0 0 0 0
98 870 0 0 870 370 77 0 0 0
99 870 0 0 0 0 0 0 0 0
103 165 0 0 55 42 8 55 0 0
104 110 0 0 55 0 0 0 0 0
108 55 1 1 0 0 0 55 0 0
109 110 0 0 0 0 0 0 0 0
110 55 0 0 0 0 0 55 46 15
111 55 0 0 0 0 0 55 7 6
112 55 0 0 0 0 0 55 9 8
115 760 0 0 0 0 0 0 0 0
116 962 0 0 380 264 44 0 0 0
120 202 0 0 202 0 0 0 0 0
121 202 0 0 0 0 0 0 0 0
130 549 1 1 183 34 6 0 0 0
137 114 0 0 38 16 1 38 0 0
138 76 0 0 38 0 0 0 0 0
141 76 0 0 0 0 0 0 0 0
142 38 0 0 0 0 0 38 6 4
143 38 0 0 0 0 0 38 5 4
144 76 0 0 38 0 0 38 2 2
145 38 0 0 0 0 0 38 0 0
152 290 0 0 0 0 0 0 0 0
153 295 0 0 145 34 6 0 0 0
159 140 0 0 140 0 0 0 0 0
161 280 0 0 140 0 0 140 0 0
162 280 0 0 140 0 0 140 0 0
163 140 0 0 0 0 0 140 0 0
169 439 1 1 0 0 0 439 0 0
170 439 0 0 439 0 0 0 0 0
fl=/build/glibc-sMfBJT/glibc-2.31/io/../sysdeps/unix/sysv/linux/access.c
fn=access
25 1 1 1 0 0 0 0 0 0
27 7 0 0 0 0 0 1 0 0
31 1 0 0 1 0 0 0 0 0
fl=/build/glibc-sMfBJT/glibc-2.31/io/../sysdeps/unix/sysv/linux/close_nocancel.c
fn=__GI___close_nocancel
25 5 1 1 0 0 0 0 0 0
26 20 0 0 0 0 0 0 0 0
27 5 0 0 5 0 0 0 0 0
fn=__close_nocancel
25 165 1 1 0 0 0 0 0 0
26 660 1 1 0 0 0 0 0 0
27 165 0 0 165 0 0 0 0 0
fl=/build/glibc-sMfBJT/glibc-2.31/io/../sysdeps/unix/sysv/linux/lseek64.c
fn=lseek
28 3 2 1 0 0 0 0 0 0
36 12 2 1 0 0 0 0 0 0
38 3 0 0 3 0 0 0 0 0
fl=/build/glibc-sMfBJT/glibc-2.31/io/../sysdeps/unix/sysv/linux/open64.c
fn=open
37 1640 126 9 164 0 0 656 2 0
40 1140 137 9 0 0 0 0 0 0
43 10 0 0 0 0 0 6 0 0
44 2 0 0 2 0 0 0 0 0
45 2 0 0 0 0 0 0 0 0
48 1672 0 0 164 0 0 0 0 0
50 1148 1 1 820 0 0 0 0 0
fl=/build/glibc-sMfBJT/glibc-2.31/io/../sysdeps/unix/sysv/linux/open64_nocancel.c
fn=__open_nocancel
34 68 3 3 1 0 0 17 2 2
37 108 1 1 0 0 0 0 0 0
40 5 1 1 0 0 0 3 0 0
41 1 0 0 1 0 0 0 0 0
42 1 0 0 0 0 0 0 0 0
45 142 1 1 0 0 0 10 0 0
47 20 0 0 18 0 0 0 0 0
fl=/build/glibc-sMfBJT/glibc-2.31/io/../sysdeps/unix/sysv/linux/pread64_nocancel.c
fn=__pread64_nocancel
29 12 1 1 0 0 0 0 0 0
30 24 0 0 0 0 0 0 0 0
31 6 0 0 6 0 0 0 0 0
fl=/build/glibc-sMfBJT/glibc-2.31/io/../sysdeps/unix/sysv/linux/read.c
fn=read
25 8829 1 1 0 0 0 0 0 0
26 54006 1 1 8829 0 0 0 0 0
27 8829 0 0 8829 0 0 0 0 0
fl=/build/glibc-sMfBJT/glibc-2.31/io/../sysdeps/unix/sysv/linux/read_nocancel.c
fn=__read_nocancel
25 4 1 1 0 0 0 0 0 0
26 16 0 0 0 0 0 0 0 0
27 4 0 0 4 0 0 0 0 0
fl=/build/glibc-sMfBJT/glibc-2.31/io/../sysdeps/unix/sysv/linux/wordsize-64/fxstat.c
fn=_fxstat
33 680 3 3 0 0 0 0 0 0
34 340 2 2 0 0 0 0 0 0
35 680 0 0 0 0 0 0 0 0
39 170 0 0 170 0 0 0 0 0
fl=/build/glibc-sMfBJT/glibc-2.31/io/../sysdeps/unix/sysv/linux/wordsize-64/xstat.c
fn=_xstat
33 32 1 1 0 0 0 0 0 0
34 16 0 0 0 0 0 0 0 0
35 60 0 0 7 0 0 7 0 0
39 1 0 0 1 0 0 0 0 0
fl=/build/glibc-sMfBJT/glibc-2.31/io/../sysdeps/unix/sysv/linux/write.c
fn=write
25 29 1 1 0 0 0 0 0 0
26 208 0 0 29 0 0 0 0 0
27 29 0 0 29 0 0 0 0 0
fl=/build/glibc-sMfBJT/glibc-2.31/io/../sysdeps/unix/sysv/linux/write_nocancel.c
fn=__write_nocancel
25 1 1 1 0 0 0 0 0 0
26 4 0 0 0 0 0 0 0 0
27 1 0 0 1 0 0 0 0 0
fl=/build/glibc-sMfBJT/glibc-2.31/libio/../include/sys/sysmacros.h
fn=_IO_file_doallocate
47 6 0 0 0 0 0 0 0 0
fl=/build/glibc-sMfBJT/glibc-2.31/libio/../libio/libioP.h
fn=_IO_seekoff_unlocked
941 6 0 0 0 0 0 0 0 0
943 4 0 0 0 0 0 0 0 0
944 4 0 0 0 0 0 0 0 0
fl=/build/glibc-sMfBJT/glibc-2.31/libio/../sysdeps/unix/sysv/linux/x86/lowlevellock.h
fn=_IO_cleanup
47 4 1 1 2 0 0 0 0 0
fn=_IO_flush_all_lockp
47 2 0 0 1 0 0 0 0 0
fn=_IO_link_in
47 656 0 0 328 0 0 0 0 0
fn=__GI__IO_un_link.part.0
47 656 0 0 328 0 0 0 0 0
fn=fclose@@GLIBC_2.2.5
47 328 0 0 164 0 0 0 0 0
fn=putchar
47 8 1 1 4 0 0 0 0 0
fn=puts
47 4 0 0 2 0 0 0 0 0
fn=rewind
47 4 0 0 2 0 0 0 0 0
fl=/build/glibc-sMfBJT/glibc-2.31/libio/filedoalloc.c
fn=_IO_file_doallocate
78 1485 2 2 165 0 0 660 0 0
84 1485 122 9 495 0 0 165 3 0
86 660 0 0 165 1 0 0 0 0
89 2 0 0 0 0 0 0 0 0
91 2 1 1 1 0 0 0 0 0
94 2 1 1 1 0 0 0 0 0
97 660 0 0 165 0 0 0 0 0
101 495 0 0 0 0 0 165 0 0
102 330 0 0 0 0 0 0 0 0
104 660 137 9 0 0 0 165 0 0
105 165 0 0 0 0 0 0 0 0
106 1320 0 0 990 0 0 0 0 0
fl=/build/glibc-sMfBJT/glibc-2.31/libio/fileops.c
fn=_IO_do_write@@GLIBC_2.2.5
424 495 2 2 29 0 0 174 1 0
426 209 0 0 0 0 0 0 0 0
427 234 0 0 205 0 0 0 0 0
434 58 0 0 29 0 0 0 0 0
440 2 0 0 0 0 0 1 0 0
441 112 0 0 56 0 0 0 0 0
449 145 1 1 29 1 0 29 0 0
450 145 0 0 29 0 0 0 0 0
452 116 0 0 29 0 0 87 0 0
453 58 0 0 0 0 0 58 0 0
454 29 0 0 0 0 0 29 0 0
455 60 1 1 29 0 0 0 0 0
456 89 0 0 31 0 0 0 0 0
fn=_IO_file_close
1165 164 1 1 0 0 0 0 0 0
1168 328 0 0 164 0 0 0 0 0
fn=_IO_file_close_it@@GLIBC_2.2.5
129 656 2 2 0 0 0 492 0 0
131 492 0 0 164 0 0 0 0 0
134 328 0 0 0 0 0 0 0 0
135 492 1 1 164 0 0 0 0 0
136 18 1 1 6 0 0 2 0 0
138 164 0 0 0 0 0 0 0 0
140 328 0 0 0 0 0 164 0 0
143 1148 0 0 492 0 0 164 0 0
146 492 0 0 164 0 0 0 0 0
154 820 1 1 0 0 0 164 0 0
155 656 0 0 0 0 0 492 0 0
158 328 0 0 0 0 0 164 0 0
159 164 1 1 0 0 0 164 0 0
160 164 0 0 0 0 0 164 0 0
161 164 0 0 0 0 0 164 0 0
163 328 0 0 0 0 0 0 0 0
164 820 0 0 656 0 0 0 0 0
fn=_IO_file_finish@@GLIBC_2.2.5
169 820 1 1 0 0 0 328 0 0
170 328 0 0 164 0 0 0 0 0
176 492 0 0 0 0 0 0 0 0
177 492 1 1 328 0 0 0 0 0
fn=_IO_file_fopen@@GLIBC_2.2.5
214 1804 1 1 164 0 0 1148 0 0
215 324 0 0 0 0 0 0 0 0
223 328 0 0 164 0 0 0 0 0
225 993 1 1 164 107 8 0 0 0
228 162 0 0 0 0 0 0 0 0
229 162 1 1 0 0 0 0 0 0
237 1 0 0 0 0 0 0 0 0
238 2 0 0 0 0 0 0 0 0
239 1 1 0 0 0 0 0 0 0
248 1312 8 8 164 0 0 0 0 0
281 820 4 3 0 0 0 164 1 0
284 328 0 0 0 0 0 0 0 0
287 656 0 0 0 0 0 164 0 0
288 328 0 0 0 0 0 0 0 0
357 1968 0 0 1476 0 0 0 0 0
fn=_IO_file_open
183 1476 1 1 0 0 0 492 0 0
185 328 1 1 164 0 0 0 0 0
186 164 0 0 0 0 0 0 0 0
189 328 0 0 0 0 0 164 0 0
190 328 0 0 0 0 0 0 0 0
192 164 0 0 0 0 0 164 0 0
193 984 0 0 164 0 0 164 0 0
196 492 0 0 0 0 0 0 0 0
199 5 0 0 2 0 0 1 0 0
200 2 0 0 0 0 0 0 0 0
206 328 1 1 0 0 0 164 0 0
207 164 0 0 0 0 0 0 0 0
208 656 0 0 656 0 0 0 0 0
fn=_IO_file_overflow@@GLIBC_2.2.5
732 1385 1 1 0 0 0 831 0 0
733 1108 1 1 277 0 0 0 0 0
740 1653 0 0 551 0 0 0 0 0
743 6 1 1 0 0 0 0 0 0
745 6 1 1 0 0 0 3 0 0
746 18 0 0 6 0 0 9 0 0
755 6 0 0 0 0 0 0 0 0
764 12 1 1 6 0 0 0 0 0
769 27 0 0 0 0 0 9 0 0
771 9 0 0 0 0 0 3 0 0
772 15 1 1 3 0 0 0 0 0
773 1 0 0 0 0 0 1 0 0
775 554 0 0 0 0 0 0 0 0
776 44 0 0 0 0 0 0 0 0
777 22 0 0 0 0 0 0 0 0
778 510 0 0 255 0 0 0 0 0
781 765 0 0 0 0 0 510 2 2
782 765 0 0 255 0 0 0 0 0
783 1018 0 0 0 0 0 0 0 0
784 28 1 1 0 0 0 7 0 0
785 21 0 0 14 0 0 0 0 0
787 255 0 0 0 0 0 0 0 0
788 1086 0 0 1086 0 0 0 0 0
fn=_IO_file_read
1131 8829 1 1 0 0 0 0 0 0
1132 8829 0 0 8829 0 0 0 0 0
1133 8829 0 0 0 0 0 0 0 0
1134 26487 0 0 8829 0 0 0 0 0
fn=_IO_file_seek
1140 3 1 1 0 0 0 0 0 0
1141 6 0 0 3 0 0 0 0 0
fn=_IO_file_seekoff@@GLIBC_2.2.5
901 24 1 1 2 0 0 14 0 0
909 6 1 1 0 0 0 0 0 0
914 6 0 0 4 0 0 0 0 0
915 6 0 0 4 0 0 0 0 0
917 2 0 0 0 0 0 0 0 0
918 8 1 1 2 0 0 0 0 0
930 4 0 0 2 0 0 0 0 0
943 8 1 1 0 0 0 0 0 0
976 4 1 1 0 0 0 2 0 0
981 10 0 0 5 0 0 0 0 0
982 2 0 0 0 0 0 0 0 0
984 1 0 0 0 0 0 0 0 0
985 3 0 0 2 0 0 0 0 0
986 4 0 0 0 0 0 0 0 0
988 8 1 1 0 0 0 3 0 0
993 2 0 0 0 0 0 1 0 0
998 5 1 1 0 0 0 0 0 0
1002 5 0 0 2 0 0 0 0 0
1003 2 1 1 0 0 0 0 0 0
1004 3 0 0 0 0 0 0 0 0
1007 2 1 1 0 0 0 0 0 0
1009 5 0 0 2 0 0 1 0 0
1010 2 0 0 0 0 0 0 0 0
1012 2 1 1 0 0 0 0 0 0
1027 10 1 1 1 0 0 3 0 0
1030 2 0 0 0 0 0 1 0 0
1031 1 0 0 1 0 0 0 0 0
1032 2 1 1 0 0 0 0 0 0
1051 2 0 0 0 0 0 0 0 0
1052 6 1 1 2 0 0 1 0 0
1055 22 2 2 18 0 0 0 0 0
fn=_IO_file_setbuf@@GLIBC_2.2.5
382 3 0 0 0 0 0 1 0 0
383 3 0 0 0 0 0 1 0 0
388 4 1 1 1 0 0 3 0 0
390 2 0 0 0 0 0 0 0 0
391 2 0 0 2 0 0 0 0 0
fn=_IO_file_stat
1147 330 1 1 0 0 0 0 0 0
1148 495 1 1 165 0 0 0 0 0
fn=_IO_file_sync@@GLIBC_2.2.5
793 5 1 1 0 0 0 2 0 0
798 4 1 1 2 0 0 0 0 0
800 1 1 1 1 0 0 0 0 0
801 2 0 0 1 0 0 0 0 0
812 2 1 1 0 0 0 1 0 0
816 4 0 0 3 0 0 0 0 0
fn=_IO_file_underflow@@GLIBC_2.2.5
462 79461 1 1 0 0 0 52974 0 0
466 26487 0 0 8829 0 0 0 0 0
469 17658 0 0 0 0 0 0 0 0
475 26487 1 1 17658 0 0 0 0 0
478 17658 0 0 8829 0 0 0 0 0
481 486 2 2 162 0 0 0 0 0
486 486 0 0 162 0 0 162 0 0
490 17820 0 0 0 0 0 0 0 0
506 17658 0 0 0 0 0 8829 2028 0
512 52974 0 0 17658 0 0 26487 0 0
517 44145 0 0 26487 2396 0 8829 0 0
519 17658 0 0 0 0 0 0 0 0
522 642 1 1 0 0 0 107 0 0
526 8722 0 0 8722 0 0 0 0 0
532 214 0 0 107 0 0 107 0 0
533 107 0 0 0 0 0 0 0 0
535 26166 0 0 8722 0 0 0 0 0
536 2 0 0 0 0 0 1 0 0
537 17444 0 0 17444 2380 1 0 0 0
538 70632 1 1 61803 0 0 0 0 0
fn=_IO_file_write@@GLIBC_2.2.5
1174 203 0 0 0 0 0 116 0 0
1176 232 0 0 0 0 0 0 0 0
1178 29 1 1 29 0 0 0 0 0
1180 58 0 0 0 0 0 0 0 0
1181 87 0 0 29 0 0 29 0 0
1182 58 0 0 0 0 0 0 0 0
1187 29 0 0 0 0 0 0 0 0
1188 29 0 0 0 0 0 0 0 0
1191 87 0 0 29 0 0 0 0 0
1194 261 1 1 145 0 0 0 0 0
fn=_IO_file_xsputn@@GLIBC_2.2.5
1198 1696 2 2 0 0 0 1272 3 0
1204 1044 0 0 155 2 1 0 0 0
1205 212 0 0 0 0 0 0 0 0
1211 620 0 0 155 0 0 0 0 0
1213 98 2 1 49 0 0 0 0 0
1214 98 0 0 0 0 0 0 0 0
1217 741 1 1 0 0 0 0 0 0
1219 864 0 0 288 0 0 0 0 0
1221 20 1 1 0 0 0 0 0 0
1228 318 0 0 106 0 0 0 0 0
1229 208 0 0 0 0 0 0 0 0
1232 374 1 1 0 0 0 0 0 0
1234 153 1 1 0 0 0 0 0 0
1236 459 0 0 0 0 0 306 0 0
1237 153 0 0 0 0 0 0 0 0
1238 612 0 0 0 0 0 0 0 0
1240 572 0 0 0 0 0 0 0 0
1244 132 0 0 44 0 0 22 1 0
1250 44 0 0 44 0 0 0 0 0
1251 154 1 1 0 0 0 0 0 0
1253 44 0 0 0 0 0 0 0 0
1264 66 0 0 0 0 0 0 0 0
1265 77 0 0 0 0 0 11 0 0
1268 1908 1 1 1484 0 0 0 0 0
fn=_IO_new_file_init_internal
107 492 1 1 0 0 0 164 0 0
111 164 0 0 0 0 0 164 0 0
112 164 0 0 164 0 0 0 0 0
114 164 0 0 0 0 0 164 0 0
115 164 1 1 0 0 0 164 0 0
116 328 0 0 328 0 0 0 0 0
fl=/build/glibc-sMfBJT/glibc-2.31/libio/genops.c
fn=_IO_cleanup
786 7 1 1 1 0 0 2 0 0
787 10 1 1 4 0 0 2 0 0
790 12 1 1 4 0 0 0 0 0
799 9 1 1 3 0 0 0 0 0
801 6 0 0 2 0 0 0 0 0
807 19 2 2 7 0 0 3 0 0
815 5 0 0 2 0 0 0 0 0
817 2 0 0 0 0 0 1 0 0
819 4 1 1 2 0 0 1 0 0
820 1 0 0 0 0 0 1 0 0
824 5 0 0 2 1 0 1 0 0
826 3 0 0 1 0 0 0 0 0
830 5 1 1 1 0 0 0 0 0
831 12 1 1 4 0 0 2 0 0
838 3 0 0 0 0 0 3 0 0
842 8 0 0 2 0 0 2 0 0
843 2 0 0 0 0 0 0 0 0
863 11 1 1 1 0 0 7 0 0
866 3 1 1 0 0 0 1 0 0
878 12 1 1 9 0 0 0 0 0
fn=_IO_default_finish
54 328 0 0 164 0 0 0 0 0
601 492 2 2 0 0 0 164 0 0
603 492 42 6 164 0 0 0 0 0
609 492 0 0 164 0 0 0 0 0
612 492 0 0 164 0 0 0 0 0
624 328 45 6 328 0 0 0 0 0
fn=_IO_default_setbuf
330 4 0 0 0 0 0 0 0 0
332 4 0 0 0 0 0 1 0 0
337 3 0 0 0 0 0 1 0 0
452 9 1 1 0 0 0 4 0 0
453 5 0 0 2 1 0 1 0 0
455 4 0 0 2 0 0 0 0 0
457 2 1 1 0 0 0 1 0 0
458 2 0 0 0 0 0 0 0 0
462 1 0 0 0 0 0 0 0 0
466 4 1 1 0 0 0 3 0 0
467 1 0 0 0 0 0 0 0 0
468 6 0 0 5 0 0 0 0 0
fn=_IO_default_uflow
361 44145 1 1 0 0 0 17658 0 0
362 26487 0 0 17658 0 0 8829 0 0
363 17658 0 0 0 0 0 0 0 0
365 34888 1 1 17444 0 0 8722 0 0
366 35316 0 0 26487 0 0 0 0 0
fn=_IO_default_xsputn
371 5856 0 0 0 0 0 2928 71 6
374 976 0 0 0 0 0 0 0 0
379 2722 1 1 1284 0 0 0 0 0
381 478 0 0 0 0 0 0 0 0
382 956 0 0 0 0 0 0 0 0
384 956 0 0 0 0 0 0 0 0
389 956 0 0 0 0 0 0 0 0
393 10797 2 2 0 0 0 0 0 0
394 3686 0 0 1843 0 0 1843 1 1
395 1912 1 1 0 0 0 478 0 0
397 478 0 0 0 0 0 0 0 0
399 2362 0 0 462 0 0 154 0 0
401 154 0 0 0 0 0 0 0 0
404 3904 1 1 3416 0 0 0 0 0
fn=_IO_doallocbuf
343 660 2 2 0 0 0 495 0 0
344 330 0 0 165 0 0 0 0 0
346 660 0 0 165 0 0 0 0 0
347 825 1 1 330 105 8 165 1 0
350 660 0 0 660 0 0 0 0 0
fn=_IO_flush_all_lockp
686 12 2 2 1 0 0 7 0 0
687 1 0 0 0 0 0 0 0 0
691 8 2 2 1 1 0 3 0 0
692 10 2 2 4 0 0 2 0 0
695 12 0 0 4 4 2 0 0 0
697 3 1 1 0 0 0 3 1 0
698 6 0 0 0 0 0 0 0 0
699 2 0 0 1 0 0 0 0 0
701 23 1 1 10 6 3 0 0 0
709 6 1 1 0 0 0 0 0 0
711 3 1 1 0 0 0 3 0 0
715 8 1 1 2 0 0 2 0 0
716 3 0 0 1 0 0 0 0 0
720 12 0 0 9 0 0 0 0 0
fn=_IO_free_backup_area
187 6 1 1 0 0 0 2 0 0
188 4 0 0 2 0 0 0 0 0
190 4 0 0 2 0 0 2 0 0
191 4 0 0 0 0 0 2 0 0
192 2 0 0 0 0 0 2 0 0
194 4 0 0 4 0 0 0 0 0
fn=_IO_link_in
87 2624 1 1 328 0 0 1312 0 0
88 984 0 0 328 0 0 0 0 0
90 492 1 1 0 0 0 164 0 0
92 984 0 0 164 104 8 328 0 0
93 1640 1 1 656 105 9 328 0 0
94 164 0 0 0 0 0 164 0 0
95 2296 3 3 1312 0 0 164 0 0
97 328 0 0 164 105 8 164 0 0
98 164 0 0 0 0 0 164 0 0
100 2296 2 2 820 0 0 328 0 0
101 164 0 0 0 0 0 164 0 0
102 1312 1 1 328 0 0 328 0 0
103 328 0 0 0 0 0 0 0 0
106 2624 1 1 1968 0 0 0 0 0
fn=_IO_no_init
563 3230 1 1 0 0 0 1292 71 6
564 323 0 0 0 0 0 323 38 4
565 323 0 0 0 0 0 323 176 15
566 646 0 0 0 0 0 0 0 0
568 164 1 1 0 0 0 164 0 0
572 984 0 0 0 0 0 820 0 0
579 164 0 0 0 0 0 164 107 9
581 164 0 0 0 0 0 164 106 8
586 318 1 1 0 0 0 159 0 0
587 323 0 0 0 0 0 323 0 0
588 1938 0 0 1615 0 0 0 0 0
fn=_IO_old_init
531 323 1 1 0 0 0 0 0 0
532 646 0 0 0 0 0 323 34 3
533 323 0 0 0 0 0 323 34 3
534 969 0 0 323 107 9 0 0 0
539 2261 0 0 0 0 0 1938 172 15
544 323 0 0 0 0 0 323 7 0
550 646 1 1 0 0 0 323 0 0
555 969 0 0 323 0 0 0 0 0
556 328 0 0 0 0 0 328 105 9
558 323 0 0 323 0 0 0 0 0
fn=_IO_setb
329 3904 1 1 0 0 0 1952 34 2
330 2280 0 0 976 0 0 0 0 0
331 492 0 0 164 0 0 164 0 0
332 1464 0 0 976 0 0 488 0 0
334 488 0 0 0 0 0 488 0 0
335 2440 0 0 0 0 0 0 0 0
338 1952 0 0 1464 0 0 0 0 0
fn=_IO_switch_to_get_mode
164 44145 1 1 0 0 0 17658 356 0
165 26487 1 1 17658 0 0 0 0 0
168 26487 1 1 8829 0 0 0 0 0
172 17658 0 0 8829 0 0 8829 0 0
173 17658 0 0 8829 0 0 0 0 0
176 8829 0 0 0 0 0 8829 0 0
178 17658 0 0 0 0 0 17658 0 0
180 17658 0 0 0 0 0 8829 0 0
181 8829 0 0 0 0 0 0 0 0
182 35316 0 0 26487 0 0 0 0 0
fn=_IO_un_link
53 328 1 1 0 0 0 0 0 0
54 820 0 0 328 0 0 0 0 0
82 164 0 0 164 0 0 0 0 0
fn=_IO_unsave_markers
960 492 3 2 0 0 0 164 0 0
962 328 0 0 164 0 0 0 0 0
967 492 0 0 164 0 0 0 0 0
969 328 23 7 328 0 0 0 0 0
fn=__GI__IO_un_link.part.0
52 1312 36 5 164 0 0 656 0 0
58 1148 1 1 164 34 0 328 0 0
59 1640 37 6 656 37 0 328 0 0
60 164 0 0 0 0 0 164 34 0
61 2624 1 1 1312 35 0 164 0 0
63 656 1 1 164 26 0 0 0 0
65 492 0 0 164 0 0 0 0 0
66 164 0 0 0 0 0 164 0 0
74 328 0 0 0 0 0 164 0 0
76 2296 1 1 984 0 0 328 0 0
77 164 0 0 0 0 0 164 0 0
78 1312 1 1 328 0 0 328 0 0
79 328 0 0 0 0 0 0 0 0
82 1312 0 0 984 0 0 0 0 0
fn=__overflow
199 303 1 1 0 0 0 101 0 0
201 303 0 0 101 1 1 0 0 0
203 303 0 0 202 0 0 0 0 0
204 202 0 0 101 0 0 0 0 0
fn=__uflow
299 44145 1 1 0 0 0 17658 0 0
300 43983 138 10 8829 2403 0 162 0 0
305 44145 0 0 26487 0 0 0 0 0
308 17658 0 0 0 0 0 0 0 0
310 17658 0 0 0 0 0 0 0 0
316 17658 0 0 8829 0 0 0 0 0
321 26487 3 3 8829 2239 0 0 0 0
323 35316 1 1 17658 2341 8 0 0 0
324 26487 0 0 17658 0 0 0 0 0
fl=/build/glibc-sMfBJT/glibc-2.31/libio/getc.c
fn=getc
34 176766765 1 1 0 0 0 70706706 0 0
37 70706706 0 0 35353353 0 0 0 0 0
38 212102460 1 1 106051230 150081 431 35344524 0 0
43 176749107 0 0 106051230 0 0 0 0 0
fl=/build/glibc-sMfBJT/glibc-2.31/libio/iofclose.c
fn=fclose@@GLIBC_2.2.5
34 820 1 1 0 0 0 492 0 0
48 492 0 0 164 0 0 0 0 0
49 164 1 1 0 0 0 164 0 0
51 2296 1 1 1312 0 0 164 0 0
52 656 0 0 0 0 0 0 0 0
53 984 0 0 164 0 0 164 0 0
57 656 0 0 328 106 8 164 0 0
58 492 0 0 164 0 0 0 0 0
71 328 0 0 164 0 0 0 0 0
76 820 0 0 656 0 0 0 0 0
fl=/build/glibc-sMfBJT/glibc-2.31/libio/iofopen.c
fn=fopen@@GLIBC_2.2.5
37 328 0 0 164 0 0 0 0 0
65 328 0 0 0 0 0 164 0 0
67 492 0 0 0 0 0 0 0 0
70 328 0 0 0 0 0 164 105 9
72 1148 5 4 0 0 0 164 0 0
73 328 0 0 0 0 0 164 0 0
74 328 0 0 0 0 0 164 0 0
75 1148 1 1 0 0 0 164 0 0
85 1312 5 4 0 0 0 656 0 0
87 1148 41 6 820 0 0 0 0 0
fl=/build/glibc-sMfBJT/glibc-2.31/libio/ioputs.c
fn=puts
33 14 2 2 0 0 0 10 0 0
35 4 0 0 0 0 0 2 0 0
36 32 2 2 20 0 0 2 0 0
38 4 0 0 0 0 0 0 0 0
39 6 2 2 2 0 0 0 0 0
40 12 0 0 4 0 0 2 0 0
41 16 2 2 6 0 0 2 0 0
42 8 1 1 0 0 0 0 0 0
46 14 0 0 12 0 0 0 0 0
fl=/build/glibc-sMfBJT/glibc-2.31/libio/ioseekoff.c
fn=_IO_seekoff_unlocked
33 10 2 2 0 0 0 4 0 0
34 4 0 0 0 0 0 0 0 0
43 14 1 1 4 0 0 0 0 0
59 8 1 1 4 0 0 0 0 0
60 6 0 0 4 0 0 0 0 0
fl=/build/glibc-sMfBJT/glibc-2.31/libio/iovsprintf.c
fn=__vsprintf_internal
72 2544 38 7 159 0 0 1113 103 8
77 159 0 0 0 0 0 159 106 8
79 1113 0 0 0 0 0 159 105 10
87 795 2 2 0 0 0 159 0 0
91 1431 0 0 0 0 0 159 0 0
95 795 0 0 0 0 0 159 0 0
97 318 0 0 159 0 0 159 0 0
99 1749 1 1 1431 0 0 0 0 0
fl=/build/glibc-sMfBJT/glibc-2.31/libio/libioP.h
fn=_IO_cleanup
941 3 0 0 0 0 0 0 0 0
943 2 1 1 0 0 0 0 0 0
944 2 0 0 0 0 0 0 0 0
fn=_IO_default_setbuf
941 3 0 0 0 0 0 0 0 0
943 2 1 1 0 0 0 0 0 0
944 2 0 0 0 0 0 0 0 0
fn=_IO_default_uflow
941 26487 0 0 0 0 0 0 0 0
943 17658 0 0 0 0 0 0 0 0
944 17658 0 0 0 0 0 0 0 0
fn=_IO_default_xsputn
941 1464 1 1 0 0 0 0 0 0
943 308 0 0 0 0 0 0 0 0
944 308 0 0 0 0 0 0 0 0
fn=_IO_do_write@@GLIBC_2.2.5
944 58 1 1 0 0 0 0 0 0
fn=_IO_doallocbuf
941 495 0 0 0 0 0 0 0 0
943 330 0 0 0 0 0 0 0 0
944 330 0 0 0 0 0 0 0 0
fn=_IO_file_close_it@@GLIBC_2.2.5
941 492 0 0 0 0 0 0 0 0
943 328 0 0 0 0 0 0 0 0
944 328 1 1 0 0 0 0 0 0
fn=_IO_file_doallocate
941 495 0 0 0 0 0 0 0 0
943 330 0 0 0 0 0 0 0 0
944 330 0 0 0 0 0 0 0 0
fn=_IO_file_open
941 3 0 0 0 0 0 0 0 0
943 2 0 0 0 0 0 0 0 0
944 2 0 0 0 0 0 0 0 0
fn=_IO_file_seekoff@@GLIBC_2.2.5
941 3 0 0 0 0 0 0 0 0
943 4 0 0 0 0 0 0 0 0
944 4 0 0 0 0 0 0 0 0
fn=_IO_file_underflow@@GLIBC_2.2.5
885 44145 2 2 0 0 0 0 0 0
943 17658 0 0 0 0 0 0 0 0
944 17658 1 1 0 0 0 0 0 0
fn=_IO_file_xsputn@@GLIBC_2.2.5
941 66 1 1 0 0 0 0 0 0
943 44 0 0 0 0 0 0 0 0
944 44 0 0 0 0 0 0 0 0
947 40 1 1 0 0 0 0 0 0
fn=_IO_flush_all_lockp
941 3 0 0 0 0 0 0 0 0
fn=__overflow
941 303 1 1 0 0 0 0 0 0
943 202 0 0 0 0 0 0 0 0
944 202 0 0 0 0 0 0 0 0
fn=__uflow
941 26487 0 0 0 0 0 0 0 0
943 17658 0 0 0 0 0 0 0 0
944 17658 0 0 0 0 0 0 0 0
fn=fclose@@GLIBC_2.2.5
856 656 1 1 328 105 8 0 0 0
857 656 0 0 164 0 0 0 0 0
863 328 0 0 0 0 0 164 0 0
884 328 0 0 0 0 0 0 0 0
885 1476 2 2 656 0 0 164 0 0
941 492 0 0 0 0 0 0 0 0
943 328 0 0 0 0 0 0 0 0
944 328 0 0 0 0 0 0 0 0
fn=putchar
884 8 0 0 4 0 0 0 0 0
885 40 2 2 16 0 0 8 0 0
fn=puts
884 4 0 0 2 0 0 0 0 0
885 20 1 1 8 0 0 4 0 0
941 6 1 1 0 0 0 0 0 0
943 4 0 0 0 0 0 0 0 0
944 4 0 0 0 0 0 0 0 0
fn=rewind
884 4 0 0 0 0 0 0 0 0
885 20 1 1 8 0 0 4 0 0
fl=/build/glibc-sMfBJT/glibc-2.31/libio/putchar.c
fn=putchar
25 28 1 1 0 0 0 16 0 0
27 64 1 1 40 4 3 4 0 0
28 28 0 0 8 1 1 4 0 0
31 28 0 0 20 0 0 0 0 0
fl=/build/glibc-sMfBJT/glibc-2.31/libio/rewind.c
fn=rewind
32 10 1 1 0 0 0 4 0 0
34 26 1 1 14 0 0 2 0 0
35 10 0 0 0 0 0 2 0 0
36 8 0 0 2 0 0 2 0 0
38 8 0 0 6 0 0 0 0 0
fl=/build/glibc-sMfBJT/glibc-2.31/libio/strops.c
fn=_IO_str_init_static_internal
36 1431 2 2 0 0 0 636 0 0
40 318 0 0 0 0 0 0 0 0
41 159 0 0 0 0 0 0 0 0
42 159 1 1 0 0 0 0 0 0
43 636 0 0 0 0 0 0 0 0
46 1113 2 2 0 0 0 318 34 4
49 318 0 0 159 0 0 159 0 0
50 159 0 0 0 0 0 159 0 0
51 318 0 0 0 0 0 0 0 0
53 636 0 0 0 0 0 159 0 0
55 159 0 0 0 0 0 159 0 0
64 159 0 0 0 0 0 159 0 0
65 954 0 0 795 0 0 0 0 0
fl=/build/glibc-sMfBJT/glibc-2.31/libio/vtables.c
fn=check_stdfiles_vtables
83 1 1 1 0 0 0 0 0 0
84 4 0 0 2 1 0 0 0 0
85 3 1 1 2 1 0 0 0 0
86 3 0 0 2 1 0 0 0 0
88 1 0 0 1 0 0 0 0 0
fl=/build/glibc-sMfBJT/glibc-2.31/malloc/../sysdeps/unix/sysv/linux/x86/lowlevellock.h
fn=tcache_init.part.0
47 2 0 0 1 0 0 0 0 0
fl=/build/glibc-sMfBJT/glibc-2.31/malloc/arena.c
fn=malloc_hook_ini
291 5 0 0 2 2 1 1 0 0
fn=ptmalloc_init.part.0
289 5 1 1 1 0 0 2 0 0
294 1 0 0 0 0 0 1 0 0
302 2 0 0 1 1 1 0 0 0
303 7 1 1 0 0 0 1 0 0
304 4 0 0 2 0 0 0 0 0
308 4 1 1 1 1 0 1 1 0
313 5 1 1 0 0 0 1 0 0
314 4 0 0 0 0 0 1 0 0
315 4 1 1 0 0 0 1 0 0
316 4 0 0 0 0 0 1 0 0
317 4 0 0 0 0 0 1 0 0
318 4 1 1 0 0 0 1 0 0
319 4 0 0 0 0 0 1 0 0
320 4 0 0 0 0 0 1 0 0
322 4 1 1 0 0 0 1 0 0
323 4 0 0 0 0 0 1 0 0
324 4 0 0 0 0 0 1 0 0
327 4 1 1 0 0 0 1 0 0
396 2 0 0 2 2 1 0 0 0
397 2 0 0 0 0 0 0 0 0
400 1 0 0 0 0 0 1 1 0
401 6 0 0 4 1 0 0 0 0
fn=sysmalloc
536 9 0 0 0 0 0 3 0 0
fl=/build/glibc-sMfBJT/glibc-2.31/malloc/hooks.c
fn=malloc_hook_ini
29 5 1 1 0 0 0 3 0 0
30 2 0 0 1 0 0 1 0 0
33 5 0 0 4 0 0 0 0 0
fl=/build/glibc-sMfBJT/glibc-2.31/malloc/malloc.c
fn=_int_free
1875 645 1 1 215 0 0 0 0 0
2924 334 1 1 0 0 0 167 0 0
2926 334 0 0 167 29 2 167 0 0
2927 167 1 1 0 0 0 167 0 0
2928 334 0 0 0 0 0 167 0 0
4155 4202 2 2 382 50 4 2674 28 0
4165 1146 0 0 382 0 0 0 0 0
4171 1910 0 0 0 0 0 0 0 0
4172 764 0 0 0 0 0 0 0 0
4176 1528 3 2 0 0 0 0 0 0
4183 764 0 0 0 0 0 0 0 0
4184 2674 0 0 1146 77 4 0 0 0
4187 167 0 0 0 0 0 0 0 0
4193 334 0 0 167 0 0 0 0 0
4206 835 0 0 334 27 1 0 0 0
4209 167 0 0 0 0 0 0 0 0
4220 430 2 2 215 77 4 0 0 0
4295 430 1 1 215 0 0 0 0 0
4298 215 0 0 215 0 0 0 0 0
4301 645 0 0 0 0 0 215 8 0
4304 215 42 6 0 0 0 0 0 0
4308 645 0 0 215 76 4 0 0 0
4311 860 1 1 215 76 4 0 0 0
4313 645 1 1 215 1 0 0 0 0
4316 645 0 0 215 0 0 0 0 0
4319 430 0 0 0 0 0 0 0 0
4320 430 0 0 0 0 0 0 0 0
4321 430 0 0 215 86 4 0 0 0
4327 430 0 0 215 0 0 0 0 0
4336 430 1 1 215 0 0 0 0 0
4341 2 0 0 1 1 0 0 0 0
4345 1 0 0 1 0 0 0 0 0
4353 1 0 0 0 0 0 0 0 0
4354 1 0 0 1 0 0 0 0 0
4355 2 0 0 1 0 0 0 0 0
4357 4 0 0 0 0 0 1 0 0
4359 2 0 0 0 0 0 0 0 0
4361 3 1 1 0 0 0 1 0 0
4364 1 0 0 0 0 0 1 0 0
4365 1 0 0 0 0 0 1 0 0
4367 3 0 0 0 0 0 1 0 0
4368 1 0 0 0 0 0 1 0 0
4379 214 1 1 0 0 0 0 0 0
4380 642 0 0 0 0 0 214 0 0
4381 428 0 0 0 0 0 214 0 0
4398 430 1 1 0 0 0 0 0 0
4399 618 1 1 206 0 0 0 0 0
4402 618 0 0 0 0 0 0 0 0
4404 1030 1 1 618 151 7 0 0 0
4418 645 0 0 215 0 0 0 0 0
4428 4202 2 2 3438 0 0 0 0 0
fn=_int_malloc
1208 450 1 1 0 0 0 0 0 0
1210 1125 1 1 0 0 0 0 0 0
1637 450 0 0 0 0 0 0 0 0
1868 675 0 0 225 0 0 0 0 0
3513 2025 1 1 0 0 0 1350 5 0
3553 450 0 0 0 0 0 0 0 0
3577 450 0 0 225 98 3 0 0 0
3582 4 1 1 2 0 0 0 0 0
3584 4 0 0 0 0 0 0 0 0
3589 18 4 4 0 0 0 0 0 0
3635 446 0 0 0 0 0 0 0 0
3637 18 1 1 0 0 0 6 0 0
3638 12 1 1 0 0 0 0 0 0
3640 84 1 1 6 4 1 54 0 0
3697 8028 4 4 0 0 0 2512 3 0
3698 657 0 0 219 98 4 0 0 0
3716 1122 0 0 224 0 0 449 4 0
3717 675 0 0 0 0 0 0 0 0
3718 675 0 0 450 0 0 0 0 0
3722 450 1 1 0 0 0 225 0 0
3728 675 0 0 225 98 4 0 0 0
3795 675 0 0 0 0 0 450 0 0
3917 450 2 2 0 0 0 0 0 0
3919 876 0 0 219 0 0 0 0 0
3922 657 1 1 219 147 14 0 0 0
3990 450 1 1 225 0 0 0 0 0
3991 450 0 0 0 0 0 0 0 0
3992 450 0 0 0 0 0 0 0 0
3993 450 0 0 225 107 8 0 0 0
3994 675 0 0 0 0 0 0 0 0
3999 450 3 2 0 0 0 0 0 0
4003 708 2 2 0 0 0 0 0 0
4006 64 1 1 17 0 0 0 0 0
4103 225 1 1 225 0 0 0 0 0
4104 450 1 1 225 97 4 0 0 0
4106 450 0 0 225 100 4 0 0 0
4109 680 0 0 0 0 0 5 0 0
4111 220 0 0 0 0 0 0 0 0
4112 440 1 1 220 0 0 0 0 0
4113 220 0 0 0 0 0 220 0 0
4114 1760 1 1 0 0 0 220 0 0
4116 440 0 0 0 0 0 220 163 20
4119 220 0 0 0 0 0 0 0 0
4126 15 0 0 5 0 0 0 0 0
4141 25 2 2 5 0 0 5 0 0
4142 10 0 0 0 0 0 0 0 0
4147 2043 1 1 1575 0 0 0 0 0
fn=calloc
3366 348 1 1 0 0 0 232 0 0
3376 522 0 0 0 0 0 0 0 0
3384 116 0 0 116 2 0 0 0 0
3385 116 1 1 0 0 0 0 0 0
3387 4 1 1 1 0 0 1 0 0
3388 2 0 0 0 0 0 0 0 0
3391 2 0 0 0 0 0 0 0 0
3394 171 0 0 114 0 0 0 0 0
3396 171 0 0 57 0 0 0 0 0
3406 57 0 0 57 0 0 0 0 0
3407 171 0 0 57 0 0 0 0 0
3428 228 1 1 0 0 0 57 0 0
3430 560 1 1 57 0 0 0 0 0
3433 171 0 0 57 0 0 0 0 0
3447 114 0 0 0 0 0 0 0 0
3450 55 1 1 0 0 0 0 0 0
3453 228 1 1 114 0 0 0 0 0
3455 4 0 0 0 0 0 0 0 0
3456 1 0 0 0 0 0 0 0 0
3461 55 0 0 0 0 0 0 0 0
3464 385 0 0 0 0 0 0 0 0
3475 55 0 0 0 0 0 0 0 0
3477 110 0 0 0 0 0 0 0 0
3479 110 1 1 0 0 0 0 0 0
3480 265 1 1 0 0 0 53 0 0
3484 4 0 0 0 0 0 2 0 0
3486 2 0 0 0 0 0 2 0 0
3487 4 0 0 0 0 0 0 0 0
3505 404 0 0 289 20 0 0 0 0
fn=free
3087 774 1 1 0 0 0 0 0 0
3092 774 0 0 774 241 15 0 0 0
3093 774 0 0 0 0 0 0 0 0
3099 774 0 0 0 0 0 0 0 0
3102 384 0 0 0 0 0 0 0 0
3104 1152 0 0 384 52 6 0 0 0
3108 6 0 0 2 2 2 0 0 0
3110 8 0 0 2 0 0 0 0 0
3111 8 1 1 4 2 2 0 0 0
3113 4 0 0 0 0 0 2 0 0
3114 4 1 1 0 0 0 2 0 0
3115 4 0 0 0 0 0 0 0 0
3118 4 0 0 0 0 0 0 0 0
3122 1146 0 0 764 160 8 0 0 0
3124 1146 1 1 0 0 0 0 0 0
3125 764 0 0 0 0 0 0 0 0
3126 390 0 0 3 0 0 0 0 0
fn=malloc
1208 658 0 0 0 0 0 0 0 0
1210 2632 2 2 0 0 0 0 0 0
2936 326 0 0 163 105 8 0 0 0
2937 326 0 0 163 105 8 163 0 0
2938 326 0 0 0 0 0 163 0 0
2939 163 1 1 0 0 0 163 0 0
3023 1645 1 1 0 0 0 987 0 0
3031 658 0 0 658 203 11 0 0 0
3032 658 0 0 0 0 0 0 0 0
3044 1316 0 0 658 99 4 0 0 0
3047 658 0 0 329 98 4 0 0 0
3048 165 1 1 0 0 0 0 0 0
3049 495 0 0 165 107 8 0 0 0
3051 163 0 0 0 0 0 0 0 0
3056 498 0 0 166 0 0 0 0 0
3058 664 1 1 0 0 0 166 0 0
3059 1162 0 0 166 0 0 0 0 0
3082 1645 0 0 1316 0 0 0 0 0
fn=malloc_hook_ini
1208 2 1 1 0 0 0 0 0 0
1210 8 1 1 0 0 0 0 0 0
2978 4 0 0 2 1 0 1 0 0
3032 2 0 0 0 0 0 0 0 0
3044 4 0 0 2 1 0 0 0 0
3047 2 1 1 1 0 0 0 0 0
3056 3 1 1 1 0 0 0 0 0
3058 4 0 0 0 0 0 1 0 0
3059 7 0 0 1 0 0 0 0 0
fn=munmap_chunk
2809 2 1 1 0 0 0 0 0 0
2810 4 0 0 4 4 4 0 0 0
2811 6 0 0 2 0 0 0 0 0
2813 4 0 0 0 0 0 0 0 0
2817 8 4 4 4 0 0 0 0 0
2820 2 0 0 0 0 0 0 0 0
2821 6 0 0 2 0 0 0 0 0
2822 2 0 0 0 0 0 0 0 0
2828 8 0 0 0 0 0 0 0 0
2829 10 0 0 0 0 0 0 0 0
2832 2 0 0 4 0 0 0 0 0
2833 6 0 0 4 0 0 0 0 0
2838 4 0 0 0 0 0 0 0 0
2839 2 0 0 0 0 0 0 0 0
fn=ptmalloc_init.part.0
1795 257 0 0 0 0 0 0 0 0
1798 508 0 0 0 0 0 127 33 32
1806 1 0 0 0 0 0 1 1 1
1807 1 0 0 0 0 0 1 1 1
1809 1 0 0 0 0 0 1 0 0
fn=sysmalloc
2255 40 2 2 0 0 0 30 0 0
2275 10 0 0 10 4 2 0 0 0
2286 10 0 0 0 0 0 0 0 0
2287 21 0 0 5 3 1 3 0 0
2288 6 1 1 4 0 0 0 0 0
2302 20 1 1 0 0 0 6 0 0
2308 4 0 0 0 0 0 0 0 0
2310 14 1 1 0 0 0 2 0 0
2312 4 0 0 0 0 0 0 0 0
2327 6 1 1 0 0 0 0 0 0
2342 2 0 0 0 0 0 2 2 2
2343 6 1 1 0 0 0 2 0 0
2348 6 0 0 4 0 0 0 0 0
2349 8 0 0 3 0 0 0 0 0
2352 6 0 0 4 0 0 0 0 0
2353 10 0 0 4 0 0 0 0 0
2368 3 0 0 3 0 0 0 0 0
2369 9 0 0 3 0 0 0 0 0
2370 3 0 0 0 0 0 0 0 0
2379 22 0 0 3 0 0 0 0 0
2385 9 1 1 0 0 0 0 0 0
2388 9 0 0 0 0 0 0 0 0
2449 27 1 1 6 0 0 3 0 0
2460 3 1 1 0 0 0 0 0 0
2468 9 0 0 0 0 0 0 0 0
2470 18 0 0 6 1 0 9 0 0
2471 3 0 0 0 0 0 0 0 0
2474 12 0 0 6 0 0 0 0 0
2477 6 3 3 6 1 0 0 0 0
2478 6 0 0 0 0 0 0 0 0
2524 20 0 0 6 1 1 0 0 0
2525 2 1 1 0 0 0 1 0 0
2526 3 0 0 0 0 0 3 0 0
2532 10 1 1 0 0 0 0 0 0
2533 10 0 0 2 0 0 2 0 0
2535 4 2 2 1 0 0 0 0 0
2575 3 0 0 0 0 0 0 0 0
2597 2 0 0 0 0 0 0 0 0
2598 6 1 1 1 0 0 0 0 0
2600 2 0 0 0 0 0 0 0 0
2601 2 0 0 2 0 0 1 0 0
2613 2 0 0 0 0 0 0 0 0
2621 2 0 0 2 0 0 0 0 0
2622 9 1 1 2 0 0 1 0 0
2660 1 1 1 0 0 0 1 0 0
2661 4 1 1 0 0 0 1 1 1
2662 1 0 0 0 0 0 1 0 0
2673 2 0 0 0 0 0 0 0 0
2705 6 1 1 3 0 0 0 0 0
2706 3 0 0 0 0 0 3 0 0
2711 6 0 0 3 0 0 0 0 0
2714 6 0 0 0 0 0 0 0 0
2716 9 1 1 0 0 0 0 0 0
2717 3 0 0 0 0 0 0 0 0
2718 9 0 0 0 0 0 3 0 0
2719 9 0 0 0 0 0 3 0 0
2720 6 0 0 0 0 0 3 3 3
2722 3 0 0 0 0 0 0 0 0
2728 45 0 0 35 0 0 0 0 0
fn=tcache_init.part.0
2972 1 0 0 0 0 0 1 0 0
2981 7 2 2 3 0 0 0 0 0
2982 4 0 0 0 0 0 1 0 0
2983 2 0 0 0 0 0 0 0 0
2991 4 1 1 2 0 0 0 0 0
2998 2 0 0 0 0 0 0 0 0
3000 2 0 0 1 0 0 1 0 0
3001 88 1 1 0 0 0 81 9 9
3004 2 0 0 2 0 0 0 0 0
fl=/build/glibc-sMfBJT/glibc-2.31/malloc/morecore.c
fn=__default_morecore
46 8 2 2 0 0 0 0 0 0
47 4 0 0 0 0 0 4 0 0
49 12 2 2 0 0 0 0 0 0
52 8 0 0 4 0 0 0 0 0
fl=/build/glibc-sMfBJT/glibc-2.31/malloc/scratch_buffer_set_array_size.c
fn=__libc_scratch_buffer_set_array_size
30 20 1 1 0 0 0 12 0 0
31 8 0 0 0 0 0 0 0 0
34 8 0 0 0 0 0 0 0 0
35 8 0 0 0 0 0 0 0 0
45 8 0 0 4 0 0 0 0 0
46 4 1 1 0 0 0 0 0 0
63 16 0 0 16 0 0 0 0 0
fl=/build/glibc-sMfBJT/glibc-2.31/math/../sysdeps/ieee754/flt-32/e_expf.c
fn=__expf_fma
49 8 0 0 0 0 0 0 0 0
54 8 1 1 0 0 0 4 0 0
60 4 0 0 0 0 0 0 0 0
61 4 0 0 0 0 0 0 0 0
62 8 0 0 0 0 0 0 0 0
80 4 0 0 4 1 1 0 0 0
90 12 1 1 4 0 0 0 0 0
92 4 0 0 0 0 0 0 0 0
94 4 0 0 0 0 0 0 0 0
97 8 0 0 0 0 0 0 0 0
98 16 0 0 4 3 3 0 0 0
100 8 1 1 8 0 0 0 0 0
101 4 0 0 0 0 0 0 0 0
102 8 0 0 8 1 1 0 0 0
103 4 0 0 0 0 0 0 0 0
104 4 0 0 0 0 0 0 0 0
105 8 0 0 4 0 0 0 0 0
fl=/build/glibc-sMfBJT/glibc-2.31/math/../sysdeps/ieee754/flt-32/e_logf.c
fn=__logf_fma
41 4 1 1 0 0 0 0 0 0
50 4 0 0 0 0 0 0 0 0
53 6 0 0 0 0 0 0 0 0
70 2 0 0 0 0 0 0 0 0
71 4 0 0 0 0 0 0 0 0
72 2 0 0 0 0 0 0 0 0
73 6 0 0 0 0 0 0 0 0
74 8 1 1 0 0 0 0 0 0
76 4 0 0 0 0 0 0 0 0
79 4 0 0 4 1 1 0 0 0
80 8 1 1 4 1 1 0 0 0
83 2 0 0 0 0 0 0 0 0
84 4 0 0 4 1 1 0 0 0
85 2 0 0 2 0 0 0 0 0
86 4 0 0 0 0 0 0 0 0
87 4 0 0 2 0 0 0 0 0
fl=/build/glibc-sMfBJT/glibc-2.31/math/../sysdeps/ieee754/flt-32/math_config.h
fn=__expf_fma
67 4 0 0 4 0 0 0 0 0
89 4 0 0 0 0 0 0 0 0
fn=__logf_fma
67 2 0 0 0 0 0 0 0 0
fl=/build/glibc-sMfBJT/glibc-2.31/math/../sysdeps/x86_64/fpu/multiarch/e_asin.c
fn=__acos_finite@GLIBC_2.15
35 1 1 1 0 0 0 0 0 0
fn=__asin_finite@GLIBC_2.15
27 2 1 1 1 0 0 0 0 0
fl=/build/glibc-sMfBJT/glibc-2.31/math/../sysdeps/x86_64/fpu/multiarch/e_atan2.c
fn=__atan2_finite@GLIBC_2.15
26 2 2 2 1 0 0 0 0 0
fl=/build/glibc-sMfBJT/glibc-2.31/math/../sysdeps/x86_64/fpu/multiarch/e_exp.c
fn=__exp_finite@GLIBC_2.15
27 2 2 2 1 0 0 0 0 0
fl=/build/glibc-sMfBJT/glibc-2.31/math/../sysdeps/x86_64/fpu/multiarch/e_exp2f.c
fn=exp2f@@GLIBC_2.27
27 2 1 1 1 0 0 0 0 0
fl=/build/glibc-sMfBJT/glibc-2.31/math/../sysdeps/x86_64/fpu/multiarch/e_expf.c
fn=expf@@GLIBC_2.27
27 4 1 1 2 0 0 0 0 0
fl=/build/glibc-sMfBJT/glibc-2.31/math/../sysdeps/x86_64/fpu/multiarch/e_log.c
fn=__log_finite@GLIBC_2.15
27 2 1 1 1 0 0 0 0 0
fl=/build/glibc-sMfBJT/glibc-2.31/math/../sysdeps/x86_64/fpu/multiarch/e_log2f.c
fn=log2f@@GLIBC_2.27
27 2 1 1 1 0 0 0 0 0
fl=/build/glibc-sMfBJT/glibc-2.31/math/../sysdeps/x86_64/fpu/multiarch/e_logf.c
fn=logf@@GLIBC_2.27
27 4 1 1 2 0 0 0 0 0
fl=/build/glibc-sMfBJT/glibc-2.31/math/../sysdeps/x86_64/fpu/multiarch/e_pow.c
fn=__pow_finite@GLIBC_2.15
27 2 2 2 1 0 0 0 0 0
fl=/build/glibc-sMfBJT/glibc-2.31/math/../sysdeps/x86_64/fpu/multiarch/e_powf.c
fn=powf@@GLIBC_2.27
30 3 1 1 2 0 0 0 0 0
fl=/build/glibc-sMfBJT/glibc-2.31/math/../sysdeps/x86_64/fpu/multiarch/ifunc-avx-fma4.h
fn=__atan2_finite@GLIBC_2.15
32 2 0 0 0 0 0 0 0 0
33 5 0 0 2 0 0 0 0 0
fn=__exp_finite@GLIBC_2.15
32 2 0 0 0 0 0 0 0 0
33 5 0 0 2 0 0 0 0 0
fn=__log_finite@GLIBC_2.15
32 2 1 1 0 0 0 0 0 0
33 5 0 0 2 0 0 0 0 0
fn=cos
32 2 0 0 0 0 0 0 0 0
33 5 0 0 2 0 0 0 0 0
fn=sin
32 2 0 0 0 0 0 0 0 0
33 5 0 0 2 0 0 0 0 0
fl=/build/glibc-sMfBJT/glibc-2.31/math/../sysdeps/x86_64/fpu/multiarch/ifunc-fma.h
fn=cosf
29 4 0 0 0 0 0 0 0 0
30 3 0 0 2 0 0 0 0 0
fn=exp2f@@GLIBC_2.27
29 4 1 1 0 0 0 0 0 0
30 3 0 0 2 0 0 0 0 0
fn=expf@@GLIBC_2.27
29 8 1 1 0 0 0 0 0 0
30 6 0 0 4 0 0 0 0 0
fn=log2f@@GLIBC_2.27
29 4 0 0 0 0 0 0 0 0
30 3 0 0 2 0 0 0 0 0
fn=logf@@GLIBC_2.27
29 8 0 0 0 0 0 0 0 0
30 6 0 0 4 0 0 0 0 0
fn=powf@@GLIBC_2.27
29 4 1 1 0 0 0 0 0 0
30 2 0 0 1 0 0 0 0 0
fn=sincosf
29 4 1 1 0 0 0 0 0 0
30 3 0 0 2 0 0 0 0 0
fn=sinf
29 4 1 1 0 0 0 0 0 0
30 3 0 0 2 0 0 0 0 0
fl=/build/glibc-sMfBJT/glibc-2.31/math/../sysdeps/x86_64/fpu/multiarch/ifunc-fma4.h
fn=__acos_finite@GLIBC_2.15
31 2 1 1 0 0 0 0 0 0
32 5 0 0 2 0 0 0 0 0
35 1 0 0 1 0 0 0 0 0
fn=__asin_finite@GLIBC_2.15
31 2 0 0 0 0 0 0 0 0
32 5 0 0 2 0 0 0 0 0
fn=__pow_finite@GLIBC_2.15
31 2 0 0 0 0 0 0 0 0
32 5 0 0 2 0 0 0 0 0
fl=/build/glibc-sMfBJT/glibc-2.31/math/../sysdeps/x86_64/fpu/multiarch/s_cosf.c
fn=cosf
26 2 1 1 1 0 0 0 0 0
fl=/build/glibc-sMfBJT/glibc-2.31/math/../sysdeps/x86_64/fpu/multiarch/s_sin.c
fn=cos
34 2 2 2 1 0 0 0 0 0
fn=sin
27 2 1 1 1 0 0 0 0 0
fl=/build/glibc-sMfBJT/glibc-2.31/math/../sysdeps/x86_64/fpu/multiarch/s_sincosf.c
fn=sincosf
26 2 1 1 1 0 0 0 0 0
fl=/build/glibc-sMfBJT/glibc-2.31/math/../sysdeps/x86_64/fpu/multiarch/s_sinf.c
fn=sinf
26 2 1 1 1 0 0 0 0 0
fl=/build/glibc-sMfBJT/glibc-2.31/mathvec/../sysdeps/x86_64/fpu/multiarch/ifunc-mathvec-avx2.h
fn=_ZGVdN4v_cos
34 4 0 0 0 0 0 0 0 0
35 3 0 0 2 0 0 0 0 0
fn=_ZGVdN4v_exp
34 4 0 0 0 0 0 0 0 0
35 3 0 0 2 0 0 0 0 0
fn=_ZGVdN4v_log
34 4 0 0 0 0 0 0 0 0
35 3 0 0 2 0 0 0 0 0
fn=_ZGVdN4v_sin
34 4 0 0 0 0 0 0 0 0
35 3 0 0 2 0 0 0 0 0
fn=_ZGVdN4vv_pow
34 8 0 0 0 0 0 0 0 0
35 6 0 0 4 0 0 0 0 0
fn=_ZGVdN8v_cosf
34 4 0 0 0 0 0 0 0 0
35 3 0 0 2 0 0 0 0 0
fn=_ZGVdN8v_expf
34 4 0 0 0 0 0 0 0 0
35 3 0 0 2 0 0 0 0 0
fn=_ZGVdN8v_logf
34 4 0 0 0 0 0 0 0 0
35 3 0 0 2 0 0 0 0 0
fn=_ZGVdN8v_sinf
34 4 0 0 0 0 0 0 0 0
35 3 0 0 2 0 0 0 0 0
fn=_ZGVdN8vv_powf
34 4 1 1 0 0 0 0 0 0
35 3 0 0 2 0 0 0 0 0
fl=/build/glibc-sMfBJT/glibc-2.31/mathvec/../sysdeps/x86_64/fpu/multiarch/ifunc-mathvec-sse4_1.h
fn=_ZGVbN2v_cos
34 5 0 0 2 0 0 0 0 0
fn=_ZGVbN2v_exp
34 5 0 0 2 0 0 0 0 0
fn=_ZGVbN2v_log
34 5 0 0 2 0 0 0 0 0
fn=_ZGVbN2v_sin
34 5 0 0 2 0 0 0 0 0
fn=_ZGVbN2vv_pow
34 5 0 0 2 0 0 0 0 0
fn=_ZGVbN4v_cosf
34 5 0 0 2 0 0 0 0 0
fn=_ZGVbN4v_expf
34 10 0 0 4 0 0 0 0 0
fn=_ZGVbN4v_logf
34 5 0 0 2 0 0 0 0 0
fn=_ZGVbN4v_sinf
34 5 0 0 2 0 0 0 0 0
fn=_ZGVbN4vv_powf
34 5 0 0 2 0 0 0 0 0
fl=/build/glibc-sMfBJT/glibc-2.31/mathvec/../sysdeps/x86_64/fpu/multiarch/svml_d_cos2_core.c
fn=_ZGVbN2v_cos
22 2 1 1 1 0 0 0 0 0
fl=/build/glibc-sMfBJT/glibc-2.31/mathvec/../sysdeps/x86_64/fpu/multiarch/svml_d_cos4_core.c
fn=_ZGVdN4v_cos
22 2 1 1 1 0 0 0 0 0
fl=/build/glibc-sMfBJT/glibc-2.31/mathvec/../sysdeps/x86_64/fpu/multiarch/svml_d_exp2_core.c
fn=_ZGVbN2v_exp
22 2 1 1 1 0 0 0 0 0
fl=/build/glibc-sMfBJT/glibc-2.31/mathvec/../sysdeps/x86_64/fpu/multiarch/svml_d_exp4_core.c
fn=_ZGVdN4v_exp
22 2 1 1 1 0 0 0 0 0
fl=/build/glibc-sMfBJT/glibc-2.31/mathvec/../sysdeps/x86_64/fpu/multiarch/svml_d_log2_core.c
fn=_ZGVbN2v_log
22 2 1 1 1 0 0 0 0 0
fl=/build/glibc-sMfBJT/glibc-2.31/mathvec/../sysdeps/x86_64/fpu/multiarch/svml_d_log4_core.c
fn=_ZGVdN4v_log
22 2 1 1 1 0 0 0 0 0
fl=/build/glibc-sMfBJT/glibc-2.31/mathvec/../sysdeps/x86_64/fpu/multiarch/svml_d_pow2_core.c
fn=_ZGVbN2vv_pow
22 2 1 1 1 0 0 0 0 0
fl=/build/glibc-sMfBJT/glibc-2.31/mathvec/../sysdeps/x86_64/fpu/multiarch/svml_d_pow4_core.c
fn=_ZGVdN4vv_pow
22 4 1 1 2 0 0 0 0 0
fl=/build/glibc-sMfBJT/glibc-2.31/mathvec/../sysdeps/x86_64/fpu/multiarch/svml_d_sin2_core.c
fn=_ZGVbN2v_sin
22 2 1 1 1 0 0 0 0 0
fl=/build/glibc-sMfBJT/glibc-2.31/mathvec/../sysdeps/x86_64/fpu/multiarch/svml_d_sin4_core.c
fn=_ZGVdN4v_sin
22 2 1 1 1 0 0 0 0 0
fl=/build/glibc-sMfBJT/glibc-2.31/mathvec/../sysdeps/x86_64/fpu/multiarch/svml_s_cosf4_core.c
fn=_ZGVbN4v_cosf
22 2 1 1 1 0 0 0 0 0
fl=/build/glibc-sMfBJT/glibc-2.31/mathvec/../sysdeps/x86_64/fpu/multiarch/svml_s_cosf8_core.c
fn=_ZGVdN8v_cosf
22 2 1 1 1 0 0 0 0 0
fl=/build/glibc-sMfBJT/glibc-2.31/mathvec/../sysdeps/x86_64/fpu/multiarch/svml_s_expf4_core.c
fn=_ZGVbN4v_expf
22 4 1 1 2 0 0 0 0 0
fl=/build/glibc-sMfBJT/glibc-2.31/mathvec/../sysdeps/x86_64/fpu/multiarch/svml_s_expf8_core.c
fn=_ZGVdN8v_expf
22 2 1 1 1 0 0 0 0 0
fl=/build/glibc-sMfBJT/glibc-2.31/mathvec/../sysdeps/x86_64/fpu/multiarch/svml_s_logf4_core.c
fn=_ZGVbN4v_logf
22 2 1 1 1 0 0 0 0 0
fl=/build/glibc-sMfBJT/glibc-2.31/mathvec/../sysdeps/x86_64/fpu/multiarch/svml_s_logf8_core.c
fn=_ZGVdN8v_logf
22 2 1 1 1 0 0 0 0 0
fl=/build/glibc-sMfBJT/glibc-2.31/mathvec/../sysdeps/x86_64/fpu/multiarch/svml_s_powf4_core.c
fn=_ZGVbN4vv_powf
22 2 1 1 1 0 0 0 0 0
fl=/build/glibc-sMfBJT/glibc-2.31/mathvec/../sysdeps/x86_64/fpu/multiarch/svml_s_powf8_core.c
fn=_ZGVdN8vv_powf
22 2 1 1 1 0 0 0 0 0
fl=/build/glibc-sMfBJT/glibc-2.31/mathvec/../sysdeps/x86_64/fpu/multiarch/svml_s_sinf4_core.c
fn=_ZGVbN4v_sinf
22 2 1 1 1 0 0 0 0 0
fl=/build/glibc-sMfBJT/glibc-2.31/mathvec/../sysdeps/x86_64/fpu/multiarch/svml_s_sinf8_core.c
fn=_ZGVdN8v_sinf
22 2 1 1 1 0 0 0 0 0
fl=/build/glibc-sMfBJT/glibc-2.31/misc/../sysdeps/unix/syscall-template.S
fn=mprotect
78 30 1 1 0 0 0 0 0 0
79 6 0 0 6 0 0 0 0 0
fn=munmap
78 15 2 2 0 0 0 0 0 0
79 3 0 0 3 0 0 0 0 0
fl=/build/glibc-sMfBJT/glibc-2.31/misc/../sysdeps/unix/sysv/linux/mmap64.c
fn=mmap
48 110 3 3 0 0 0 44 0 0
51 44 0 0 0 0 0 0 0 0
54 62 2 2 0 0 0 0 0 0
59 132 0 0 0 0 0 0 0 0
61 66 0 0 66 0 0 0 0 0
fl=/build/glibc-sMfBJT/glibc-2.31/misc/../sysdeps/unix/sysv/linux/x86_64/brk.c
fn=brk
28 5 2 2 0 0 0 0 0 0
31 30 2 2 5 0 0 5 0 0
33 10 0 0 0 0 0 0 0 0
39 5 0 0 0 0 0 0 0 0
40 5 0 0 5 0 0 0 0 0
fl=/build/glibc-sMfBJT/glibc-2.31/misc/init-misc.c
fn=__init_misc
30 5 2 2 0 0 0 2 0 0
31 5 0 0 1 1 0 0 0 0
33 3 0 0 0 0 0 1 0 0
37 5 0 0 1 1 0 1 1 0
38 3 0 0 2 0 0 1 0 0
40 4 0 0 3 0 0 0 0 0
fl=/build/glibc-sMfBJT/glibc-2.31/misc/sbrk.c
fn=sbrk
32 20 1 1 0 0 0 12 0 0
40 25 0 0 11 5 3 0 0 0
41 12 2 2 2 0 0 2 0 0
44 8 0 0 0 0 0 0 0 0
48 18 0 0 0 0 0 0 0 0
56 12 0 0 0 0 0 3 0 0
60 20 0 0 16 0 0 0 0 0
fl=/build/glibc-sMfBJT/glibc-2.31/nptl/../sysdeps/unix/sysv/linux/x86/lowlevellock.h
fn=__unregister_atfork
47 8 0 0 4 1 1 0 0 0
fl=/build/glibc-sMfBJT/glibc-2.31/nptl/alloca_cutoff.c
fn=__libc_alloca_cutoff
27 62 1 1 0 0 0 0 0 0
28 558 1 1 62 1 1 0 0 0
35 62 0 0 62 0 0 0 0 0
fl=/build/glibc-sMfBJT/glibc-2.31/nptl/register-atfork.c
fn=__unregister_atfork
68 8 0 0 0 0 0 0 0 0
79 12 1 1 0 0 0 4 0 0
80 12 1 1 4 0 0 0 0 0
82 4 0 0 4 0 0 0 0 0
106 16 1 1 8 0 0 0 0 0
107 8 0 0 8 0 0 0 0 0
fl=/build/glibc-sMfBJT/glibc-2.31/posix/../sysdeps/unix/syscall-template.S
fn=uname
78 5 1 1 0 0 0 0 0 0
79 1 0 0 1 0 0 0 0 0
fl=/build/glibc-sMfBJT/glibc-2.31/posix/../sysdeps/unix/sysv/linux/_exit.c
fn=_Exit
27 3 1 1 1 1 0 0 0 0
31 4 0 0 0 0 0 0 0 0
33 2 0 0 0 0 0 0 0 0
fl=/build/glibc-sMfBJT/glibc-2.31/setjmp/../sysdeps/x86_64/bsd-_setjmp.S
fn=_setjmp
28 1 1 1 0 0 0 0 0 0
30 1 0 0 0 0 0 0 0 0
32 1 0 0 0 0 0 0 0 0
fl=/build/glibc-sMfBJT/glibc-2.31/setjmp/../sysdeps/x86_64/setjmp.S
fn=__sigsetjmp
30 11 2 2 0 0 0 0 0 0
32 11 0 0 0 0 0 11 1 1
41 11 0 0 0 0 0 0 0 0
42 22 0 0 11 0 0 0 0 0
43 11 0 0 0 0 0 11 0 0
47 11 0 0 0 0 0 11 0 0
48 11 2 2 0 0 0 11 0 0
49 11 0 0 0 0 0 11 0 0
50 11 0 0 0 0 0 11 0 0
51 11 0 0 0 0 0 0 0 0
53 22 0 0 11 0 0 0 0 0
55 11 0 0 0 0 0 11 0 0
56 11 0 0 11 0 0 0 0 0
57 11 0 0 0 0 0 0 0 0
59 22 0 0 11 0 0 0 0 0
61 11 0 0 0 0 0 11 0 0
66 1 1 1 1 1 0 0 0 0
67 1 0 0 0 0 0 0 0 0
69 10 0 0 0 0 0 0 0 0
72 10 0 0 0 0 0 0 0 0
73 10 0 0 0 0 0 10 1 1
80 10 0 0 0 0 0 0 0 0
81 10 0 0 10 0 0 0 0 0
84 1 0 0 0 0 0 0 0 0
fl=/build/glibc-sMfBJT/glibc-2.31/setjmp/sigjmp.c
fn=__sigjmp_save
28 3 0 0 0 0 0 1 0 0
29 1 0 0 0 0 0 1 0 0
30 2 0 0 0 0 0 0 0 0
34 3 0 0 2 0 0 0 0 0
fl=/build/glibc-sMfBJT/glibc-2.31/signal/../nptl/sigaction.c
fn=sigaction
23 2 2 2 0 0 0 0 0 0
24 10 2 2 0 0 0 0 0 0
30 2 0 0 0 0 0 0 0 0
fl=/build/glibc-sMfBJT/glibc-2.31/signal/../sysdeps/unix/sysv/linux/internal-signals.h
fn=sigaction
46 2 0 0 0 0 0 0 0 0
fl=/build/glibc-sMfBJT/glibc-2.31/signal/../sysdeps/unix/sysv/linux/sigaction.c
fn=__libc_sigaction
43 12 1 1 2 0 0 2 0 0
48 4 0 0 0 0 0 0 0 0
50 4 0 0 2 1 1 2 1 0
51 32 3 3 16 1 1 16 3 0
53 12 0 0 2 1 1 4 0 0
58 22 0 0 0 0 0 0 0 0
62 6 0 0 0 0 0 0 0 0
64 2 0 0 1 0 0 1 1 1
65 16 3 3 8 1 0 8 1 1
66 2 0 0 1 0 0 1 1 1
67 2 0 0 1 0 0 1 0 0
70 12 0 0 6 0 0 0 0 0
fl=/build/glibc-sMfBJT/glibc-2.31/stdio-common/../include/../locale/localeinfo.h
fn=__printf_fp_l
315 342 1 1 228 1 0 114 0 0
fl=/build/glibc-sMfBJT/glibc-2.31/stdio-common/../include/rounding-mode.h
fn=__printf_fp_l
52 200 0 0 0 0 0 0 0 0
58 4 0 0 0 0 0 0 0 0
fl=/build/glibc-sMfBJT/glibc-2.31/stdio-common/../libio/libioP.h
fn=__vfprintf_internal
941 1130 0 0 0 0 0 226 0 0
943 1600 6 5 461 0 0 226 0 0
944 1376 0 0 461 0 0 2 0 0
fl=/build/glibc-sMfBJT/glibc-2.31/stdio-common/../sysdeps/generic/get-rounding-mode.h
fn=__printf_fp_l
94 62 0 0 0 0 0 62 0 0
95 434 1 1 62 0 0 0 0 0
fl=/build/glibc-sMfBJT/glibc-2.31/stdio-common/../sysdeps/pthread/allocalim.h
fn=__printf_fp_l
27 124 0 0 0 0 0 62 0 0
29 186 0 0 62 0 0 0 0 0
fl=/build/glibc-sMfBJT/glibc-2.31/stdio-common/../sysdeps/unix/sysv/linux/x86/lowlevellock.h
fn=__vfprintf_internal
47 134 0 0 67 0 0 0 0 0
fl=/build/glibc-sMfBJT/glibc-2.31/stdio-common/_itoa.c
fn=_itoa_word
165 342 1 1 0 0 0 0 0 0
168 684 0 0 0 0 0 0 0 0
170 342 0 0 0 0 0 0 0 0
179 4416 23 8 291 106 9 291 0 0
188 342 0 0 171 0 0 0 0 0
fl=/build/glibc-sMfBJT/glibc-2.31/stdio-common/printf-parse.h
fn=__vfprintf_internal
78 32 2 2 4 0 0 0 0 0
111 2632 1 1 0 0 0 1316 107 10
fl=/build/glibc-sMfBJT/glibc-2.31/stdio-common/printf_fp.c
fn=__printf_fp
1266 342 2 1 0 0 0 0 0 0
1267 456 0 0 228 1 0 0 0 0
fn=__printf_fp_l
208 1938 1 1 114 0 0 1026 2 0
225 114 0 0 0 0 0 114 0 0
226 114 0 0 0 0 0 114 1 0
249 114 0 0 0 0 0 114 0 0
252 176 1 1 0 0 0 0 0 0
258 684 1 1 114 0 0 114 0 0
265 114 0 0 0 0 0 114 0 0
268 456 0 0 114 0 0 0 0 0
271 228 0 0 114 0 0 114 0 0
289 228 0 0 0 0 0 0 0 0
297 114 0 0 0 0 0 114 0 0
378 342 0 0 114 0 0 0 0 0
383 228 1 1 0 0 0 0 0 0
387 2156 7 7 498 2 2 176 1 0
393 260 1 1 104 0 0 0 0 0
395 156 0 0 0 0 0 0 0 0
397 52 0 0 0 0 0 0 0 0
399 156 1 1 0 0 0 0 0 0
403 514 1 1 156 0 0 101 2 0
407 79 3 3 6 0 0 3 0 0
409 1354 5 5 538 1 1 321 1 0
411 156 1 1 104 0 0 0 0 0
423 434 0 0 62 0 0 0 0 0
424 62 0 0 0 0 0 0 0 0
425 124 0 0 0 0 0 0 0 0
428 1178 2 2 62 0 0 62 0 0
429 1054 2 2 62 0 0 62 0 0
430 992 1 1 62 1 0 62 0 0
436 62 0 0 0 0 0 62 0 0
437 124 1 1 0 0 0 0 0 0
440 1 1 1 0 0 0 0 0 0
450 3 0 0 1 0 0 0 0 0
451 7 0 0 0 0 0 1 0 0
454 7 0 0 0 0 0 0 0 0
462 4 0 0 0 0 0 1 0 0
463 1 0 0 0 0 0 0 0 0
465 6 1 1 0 0 0 0 0 0
466 9 0 0 2 0 0 1 0 0
467 2 0 0 0 0 0 0 0 0
468 5 0 0 1 0 0 2 0 0
470 2 1 1 0 0 0 0 0 0
475 13 0 0 0 0 0 0 0 0
479 65 1 1 13 1 0 0 0 0
481 3 0 0 1 0 0 0 0 0
484 3 0 0 2 0 0 0 0 0
525 2 0 0 1 0 0 1 0 0
526 6 0 0 2 0 0 1 0 0
542 9 0 0 4 0 0 1 0 0
545 5 2 2 2 0 0 2 0 0
546 4 0 0 3 0 0 0 0 0
547 5 0 0 0 0 0 0 0 0
548 4 0 0 0 0 0 0 0 0
551 13 1 1 0 0 0 0 0 0
553 38 1 1 12 0 0 0 0 0
554 2 0 0 1 0 0 1 0 0
560 2 0 0 0 0 0 0 0 0
564 15 1 1 5 0 0 0 0 0
570 2 0 0 0 0 0 0 0 0
596 2 2 2 0 0 0 0 0 0
599 7 0 0 0 0 0 0 0 0
615 3 0 0 0 0 0 1 0 0
617 3 1 1 1 0 0 0 0 0
618 6 0 0 2 0 0 1 0 0
620 6 0 0 3 0 0 0 0 0
634 40 1 1 38 0 0 1 0 0
640 122 1 1 0 0 0 0 0 0
643 38 0 0 0 0 0 38 0 0
653 38 1 1 0 0 0 0 0 0
656 190 1 1 0 0 0 38 1 0
657 190 0 0 76 0 0 76 0 0
660 38 0 0 0 0 0 38 0 0
661 190 1 1 38 0 0 38 0 0
666 456 1 1 0 0 0 0 0 0
668 912 0 0 456 4 4 0 0 0
681 38 0 0 0 0 0 38 0 0
778 456 0 0 0 0 0 0 0 0
780 2204 0 0 0 0 0 0 0 0
782 76 0 0 0 0 0 0 0 0
786 190 1 1 114 0 0 38 0 0
787 76 0 0 38 0 0 38 0 0
790 114 0 0 76 0 0 0 0 0
791 190 0 0 76 0 0 0 0 0
799 114 1 1 38 0 0 38 0 0
800 76 1 1 38 0 0 38 0 0
801 38 0 0 38 0 0 0 0 0
804 176 1 1 38 0 0 38 0 0
816 115 0 0 0 0 0 23 0 0
817 115 1 1 46 0 0 46 0 0
818 46 0 0 0 0 0 23 0 0
822 186 1 1 124 0 0 62 0 0
826 68 0 0 0 0 0 34 0 0
831 76 1 1 0 0 0 38 0 0
832 496 0 0 310 2 1 124 0 0
834 124 0 0 0 0 0 0 0 0
836 4 0 0 0 0 0 4 0 0
837 4 0 0 0 0 0 4 0 0
838 100 2 2 38 0 0 8 0 0
841 4 0 0 0 0 0 4 0 0
842 4 0 0 0 0 0 0 0 0
844 116 1 1 58 0 0 0 0 0
846 58 1 1 0 0 0 58 0 0
847 438 0 0 58 0 0 115 0 0
848 58 0 0 0 0 0 58 0 0
849 58 0 0 0 0 0 0 0 0
850 232 1 1 58 0 0 58 0 0
852 72 1 1 24 0 0 24 0 0
854 48 0 0 0 0 0 24 0 0
858 34 1 1 0 0 0 34 0 0
859 102 0 0 0 0 0 34 0 0
874 124 1 1 0 0 0 0 0 0
892 172 1 1 62 0 0 0 0 0
906 320 1 1 86 0 0 62 0 0
907 62 1 1 62 0 0 0 0 0
913 62 0 0 0 0 0 0 0 0
923 1054 2 2 62 0 0 124 0 0
924 202 0 0 0 0 0 28 0 0
927 262 0 0 62 0 0 0 0 0
930 310 2 2 112 0 0 28 0 0
933 116 0 0 0 0 0 58 1 0
935 28 0 0 0 0 0 0 0 0
937 168 0 0 84 0 0 0 0 0
939 84 0 0 28 0 0 28 0 0
945 34 0 0 0 0 0 34 0 0
946 68 0 0 34 0 0 0 0 0
947 102 1 1 34 0 0 34 0 0
951 186 1 1 0 0 0 62 0 0
952 248 0 0 0 0 0 124 0 0
953 2480 0 0 496 0 0 0 0 0
954 310 1 1 124 0 0 0 0 0
956 372 0 0 0 0 0 0 0 0
957 1116 1 1 0 0 0 744 0 0
958 372 0 0 0 0 0 0 0 0
960 744 0 0 0 0 0 0 0 0
969 186 0 0 124 0 0 0 0 0
970 248 0 0 0 0 0 186 0 0
972 496 1 1 124 0 0 0 0 0
973 2 0 0 0 0 0 0 0 0
974 69 0 0 23 0 0 0 0 0
977 46 0 0 23 0 0 0 0 0
982 245 1 1 68 0 0 0 0 0
994 152 1 1 38 0 0 0 0 0
998 38 0 0 0 0 0 0 0 0
999 1346 1 1 280 0 0 0 0 0
1001 204 0 0 0 0 0 204 0 0
1002 204 0 0 0 0 0 0 0 0
1004 178 0 0 72 0 0 0 0 0
1008 8 1 1 0 0 0 4 0 0
1009 170 1 1 136 0 0 0 0 0
1019 76 0 0 38 0 0 0 0 0
1022 102 0 0 34 0 0 0 0 0
1025 170 0 0 34 0 0 0 0 0
1028 68 0 0 0 0 0 0 0 0
1030 102 0 0 0 0 0 34 0 0
1081 2 1 1 0 0 0 2 0 0
1088 186 0 0 0 0 0 0 0 0
1095 116 1 1 0 0 0 0 0 0
1098 186 0 0 62 0 0 0 0 0
1111 186 1 1 62 0 0 0 0 0
1113 24 1 1 12 0 0 0 0 0
1132 4 0 0 0 0 0 4 0 0
1133 16 0 0 0 0 0 4 0 0
1137 8 1 1 0 0 0 0 0 0
1142 12 1 1 0 0 0 4 0 0
1151 12 1 1 0 0 0 4 0 0
1157 372 1 1 124 0 0 0 0 0
1159 496 0 0 124 0 0 62 0 0
1161 558 1 1 186 0 0 0 0 0
1166 186 0 0 0 0 0 0 0 0
1168 124 1 1 0 0 0 0 0 0
1171 310 1 1 124 0 0 0 0 0
1180 186 0 0 62 0 0 0 0 0
1187 186 1 1 124 0 0 0 0 0
1192 248 0 0 62 0 0 124 0 0
1194 248 1 1 124 0 0 0 0 0
1195 124 0 0 0 0 0 0 0 0
1199 248 0 0 62 0 0 62 0 0
1201 124 1 1 62 0 0 0 0 0
1212 1054 1 1 62 0 0 62 0 0
1219 2283 1 1 186 0 0 186 0 0
1220 1539 1 1 513 0 0 0 0 0
1221 248 0 0 62 0 0 62 0 0
1222 902 0 0 0 0 0 0 0 0
1225 902 0 0 0 0 0 451 0 0
1229 372 1 1 310 0 0 0 0 0
1246 7822 2 2 1539 0 0 944 8 0
1249 124 1 1 62 0 0 0 0 0
1252 3 1 1 0 0 0 3 0 0
1256 186 0 0 124 0 0 0 0 0
1260 1368 1 1 1026 0 0 0 0 0
fn=hack_digit
162 1852 1 1 0 0 0 926 0 0
165 3365 0 0 975 0 0 238 0 0
167 2315 0 0 1389 0 0 0 0 0
169 908 1 1 454 0 0 0 0 0
170 2724 0 0 0 0 0 908 1 0
175 18 0 0 0 0 0 0 0 0
179 72 2 2 18 0 0 9 0 0
181 36 0 0 27 0 0 9 0 0
182 9 0 0 9 0 0 0 0 0
184 18 0 0 9 0 0 9 0 0
185 72 0 0 18 0 0 0 0 0
196 27 0 0 0 0 0 9 0 0
197 18 0 0 0 0 0 0 0 0
198 40 0 0 16 0 0 16 0 0
202 2315 1 1 1389 0 0 0 0 0
fl=/build/glibc-sMfBJT/glibc-2.31/stdio-common/vfprintf-internal.c
fn=__vfprintf_internal
1289 3616 44 10 226 0 0 1808 108 15
1320 678 0 0 452 202 11 226 37 4
1324 226 39 6 0 0 0 226 0 0
1328 1127 0 0 226 2 0 3 0 0
1332 1130 41 8 226 1 0 0 0 0
1343 678 0 0 0 0 0 0 0 0
1350 226 0 0 0 0 0 226 0 0
1354 904 0 0 452 0 0 452 115 23
1358 226 0 0 0 0 0 226 80 9
1369 1147 6 5 134 1 0 427 3 0
1370 737 1 1 402 2 0 67 0 0
1373 2712 1 1 678 107 8 226 0 0
1377 678 0 0 452 0 0 0 0 0
1381 1808 0 0 678 210 17 226 100 10
1402 288 0 0 0 0 0 288 0 0
1403 288 0 0 0 0 0 288 0 0
1404 288 0 0 0 0 0 288 0 0
1405 288 0 0 0 0 0 288 0 0
1406 576 0 0 0 0 0 288 0 0
1407 288 1 1 0 0 0 288 0 0
1408 864 0 0 288 107 10 288 0 0
1409 288 0 0 0 0 0 288 0 0
1410 288 0 0 0 0 0 288 0 0
1411 288 0 0 0 0 0 288 0 0
1412 576 1 1 0 0 0 0 0 0
1415 288 0 0 0 0 0 288 0 0
1416 288 0 0 0 0 0 288 0 0
1419 288 1 1 0 0 0 288 0 0
1420 864 0 0 0 0 0 288 0 0
1423 2880 0 0 576 107 10 0 0 0
1574 4 0 0 0 0 0 0 0 0
1575 12 0 0 4 0 0 0 0 0
1601 12 0 0 0 0 0 0 0 0
1644 48 1 1 12 1 1 0 0 0
1649 4 1 1 0 0 0 0 0 0
1687 29895 266 61 8182 0 0 4101 0 0
1688 442 11 11 24 0 0 16 0 0
1705 288 1 1 288 0 0 0 0 0
1707 576 0 0 288 0 0 0 0 0
1715 288 0 0 0 0 0 0 0 0
1719 6048 1 1 1440 0 0 576 0 0
1721 804 1 1 288 0 0 0 0 0
1741 1217 5 5 501 0 0 134 0 0
1742 678 0 0 226 0 0 0 0 0
1745 2712 1 1 2034 0 0 0 0 0
fl=/build/glibc-sMfBJT/glibc-2.31/stdlib/../include/rounding-mode.h
fn=round_and_return
46 14416347 2 2 0 0 0 0 0 0
49 2411074 1 1 0 0 0 0 0 0
52 7233222 0 0 0 0 0 0 0 0
fl=/build/glibc-sMfBJT/glibc-2.31/stdlib/../stdlib/gmp.h
fn=round_and_return
447 1175885 0 0 0 0 0 0 0 0
448 1175885 0 0 0 0 0 1175885 0 0
fl=/build/glibc-sMfBJT/glibc-2.31/stdlib/../stdlib/strtol.c
fn=strtol
105 5 1 1 0 0 0 0 0 0
106 20 0 0 10 0 0 0 0 0
fl=/build/glibc-sMfBJT/glibc-2.31/stdlib/../stdlib/strtol_l.c
fn=____strtol_l_internal
226 50 2 2 0 0 0 35 0 0
245 5 0 0 0 0 0 0 0 0
246 10 0 0 0 0 0 0 0 0
252 10 0 0 0 0 0 0 0 0
280 5 0 0 0 0 0 0 0 0
283 20 0 0 0 0 0 0 0 0
292 30 0 0 15 2 1 0 0 0
294 10 1 1 0 0 0 0 0 0
298 5 0 0 0 0 0 5 0 0
299 10 0 0 0 0 0 0 0 0
304 10 0 0 0 0 0 0 0 0
308 10 0 0 0 0 0 0 0 0
318 10 1 1 0 0 0 0 0 0
325 10 1 1 0 0 0 0 0 0
328 20 0 0 0 0 0 5 0 0
432 10 0 0 5 0 0 0 0 0
434 45 0 0 5 2 0 0 0 0
436 15 1 1 0 0 0 0 0 0
450 10 1 1 0 0 0 5 0 0
460 20 0 0 5 0 0 0 0 0
464 15 0 0 0 0 0 0 0 0
467 15 0 0 0 0 0 0 0 0
472 15 0 0 0 0 0 0 0 0
473 15 0 0 0 0 0 0 0 0
478 10 1 1 0 0 0 0 0 0
483 15 0 0 5 0 0 0 0 0
484 5 0 0 0 0 0 5 1 1
489 10 0 0 0 0 0 0 0 0
490 10 0 0 0 0 0 0 0 0
492 15 1 1 5 0 0 0 0 0
507 25 0 0 5 0 0 0 0 0
525 40 1 1 35 0 0 0 0 0
fl=/build/glibc-sMfBJT/glibc-2.31/stdlib/../sysdeps/generic/get-rounding-mode.h
fn=round_and_return
94 2411074 0 0 0 0 0 2411074 0 0
95 19288592 1 1 2411074 0 0 0 0 0
fl=/build/glibc-sMfBJT/glibc-2.31/stdlib/../sysdeps/ieee754/dbl-64/dbl2mpn.c
fn=__mpn_extract_double
33 62 0 0 0 0 0 0 0 0
35 62 0 0 0 0 0 0 0 0
37 186 0 0 0 0 0 62 0 0
38 310 0 0 0 0 0 62 0 0
47 186 1 1 0 0 0 62 1 0
56 186 0 0 0 0 0 0 0 0
60 32 0 0 0 0 0 0 0 0
62 16 0 0 0 0 0 16 0 0
103 92 1 1 0 0 0 46 0 0
107 124 0 0 62 0 0 0 0 0
fl=/build/glibc-sMfBJT/glibc-2.31/stdlib/../sysdeps/ieee754/dbl-64/mpn2dbl.c
fn=__mpn_construct_double
29 2411074 1 1 0 0 0 0 0 0
33 2411074 0 0 0 0 0 0 0 0
39 2411074 0 0 2411074 0 0 0 0 0
40 24110740 1 1 0 0 0 0 0 0
46 4822148 0 0 0 0 0 0 0 0
47 2411074 0 0 2411074 0 0 0 0 0
fl=/build/glibc-sMfBJT/glibc-2.31/stdlib/../sysdeps/unix/sysv/linux/x86/lowlevellock.h
fn=__cxa_atexit
47 6 0 0 2 1 1 0 0 0
fn=__cxa_finalize
47 14 0 0 5 1 0 0 0 0
51 4 0 0 0 0 0 0 0 0
fn=__run_exit_handlers
47 8 0 0 4 1 1 0 0 0
fl=/build/glibc-sMfBJT/glibc-2.31/stdlib/../sysdeps/x86_64/addmul_1.S
fn=__mpn_submul_1
34 44 1 1 0 0 0 0 0 0
35 44 0 0 0 0 0 44 0 0
36 44 0 0 0 0 0 44 0 0
37 44 0 0 0 0 0 0 0 0
38 44 0 0 0 0 0 0 0 0
40 44 0 0 44 0 0 0 0 0
41 44 1 1 44 0 0 0 0 0
43 44 0 0 0 0 0 0 0 0
44 44 0 0 0 0 0 0 0 0
45 44 0 0 0 0 0 0 0 0
47 44 0 0 0 0 0 0 0 0
48 44 0 0 0 0 0 0 0 0
50 44 0 0 0 0 0 0 0 0
51 44 0 0 44 0 0 0 0 0
52 44 0 0 0 0 0 0 0 0
53 44 0 0 0 0 0 0 0 0
54 44 0 0 0 0 0 0 0 0
55 44 0 0 0 0 0 0 0 0
57 44 0 0 0 0 0 0 0 0
58 44 0 0 44 0 0 0 0 0
59 44 0 0 0 0 0 0 0 0
60 44 0 0 0 0 0 0 0 0
84 44 1 1 0 0 0 0 0 0
85 44 0 0 0 0 0 0 0 0
86 44 0 0 0 0 0 0 0 0
87 44 0 0 44 0 0 0 0 0
88 44 0 0 0 0 0 0 0 0
89 44 0 0 0 0 0 44 0 0
90 44 0 0 44 0 0 0 0 0
91 44 0 0 0 0 0 0 0 0
92 44 0 0 0 0 0 0 0 0
93 44 0 0 0 0 0 0 0 0
94 44 0 0 0 0 0 0 0 0
96 44 0 0 0 0 0 0 0 0
97 44 0 0 0 0 0 0 0 0
98 44 0 0 0 0 0 0 0 0
99 44 0 0 0 0 0 44 0 0
100 44 0 0 0 0 0 0 0 0
101 44 0 0 44 0 0 0 0 0
102 44 0 0 0 0 0 0 0 0
103 44 1 1 0 0 0 0 0 0
104 44 0 0 0 0 0 44 0 0
105 44 0 0 0 0 0 0 0 0
106 44 0 0 44 0 0 0 0 0
107 44 0 0 0 0 0 0 0 0
108 44 0 0 0 0 0 44 0 0
109 44 0 0 0 0 0 0 0 0
110 44 0 0 0 0 0 0 0 0
111 44 0 0 44 0 0 0 0 0
112 44 0 0 44 0 0 0 0 0
113 44 0 0 44 0 0 0 0 0
fl=/build/glibc-sMfBJT/glibc-2.31/stdlib/../sysdeps/x86_64/lshift.S
fn=__mpn_lshift
28 4925654 1 1 0 0 0 0 0 0
29 4925654 0 0 0 0 0 0 0 0
30 4925654 0 0 0 0 0 0 0 0
32 4925654 0 0 0 0 0 0 0 0
33 4925654 1 1 0 0 0 0 0 0
34 4925654 0 0 0 0 0 0 0 0
46 4925654 0 0 0 0 0 0 0 0
47 4925654 0 0 0 0 0 0 0 0
48 4925274 0 0 4925274 0 0 0 0 0
49 4925274 0 0 0 0 0 0 0 0
50 4925274 0 0 0 0 0 0 0 0
51 4925274 0 0 0 0 0 0 0 0
52 4925274 0 0 0 0 0 0 0 0
58 4925274 1 1 0 0 0 0 0 0
59 4925274 0 0 0 0 0 4925274 0 0
60 4925274 0 0 4925274 0 0 0 0 0
63 380 0 0 0 0 0 0 0 0
64 358 0 0 358 0 0 0 0 0
65 358 0 0 358 0 0 0 0 0
66 358 0 0 0 0 0 0 0 0
67 358 0 0 0 0 0 0 0 0
68 358 0 0 0 0 0 0 0 0
69 358 0 0 0 0 0 0 0 0
74 358 0 0 0 0 0 0 0 0
75 358 0 0 0 0 0 358 0 0
76 358 0 0 0 0 0 0 0 0
77 358 1 1 0 0 0 358 0 0
78 358 0 0 358 0 0 0 0 0
82 22 0 0 22 0 0 0 0 0
83 22 0 0 22 0 0 0 0 0
84 22 0 0 0 0 0 0 0 0
85 22 0 0 0 0 0 0 0 0
86 22 0 0 22 0 0 0 0 0
87 22 0 0 0 0 0 0 0 0
88 22 0 0 0 0 0 0 0 0
89 22 0 0 0 0 0 0 0 0
109 22 1 1 0 0 0 0 0 0
110 22 0 0 0 0 0 22 0 0
111 22 0 0 0 0 0 0 0 0
112 22 0 0 0 0 0 22 0 0
113 22 0 0 0 0 0 0 0 0
114 22 1 1 0 0 0 22 0 0
115 22 0 0 22 0 0 0 0 0
fl=/build/glibc-sMfBJT/glibc-2.31/stdlib/../sysdeps/x86_64/mul_1.S
fn=__mpn_mul_1
31 1993272 40 6 0 0 0 0 0 0
32 1993272 0 0 0 0 0 1993272 0 0
35 1993272 0 0 0 0 0 0 0 0
36 1993272 0 0 1993272 58 3 0 0 0
37 1993272 0 0 0 0 0 0 0 0
38 1993272 0 0 0 0 0 0 0 0
39 1993272 0 0 0 0 0 0 0 0
41 1993272 0 0 0 0 0 0 0 0
42 1993272 0 0 0 0 0 0 0 0
44 1993272 0 0 0 0 0 0 0 0
45 1993272 0 0 0 0 0 0 0 0
46 1993272 0 0 0 0 0 0 0 0
47 1993272 0 0 0 0 0 0 0 0
48 1993212 0 0 0 0 0 0 0 0
50 1993212 0 0 0 0 0 0 0 0
51 1993212 0 0 0 0 0 0 0 0
52 1993212 0 0 0 0 0 1993212 5 1
53 1993212 1 1 0 0 0 0 0 0
79 60 2 2 0 0 0 0 0 0
80 60 0 0 0 0 0 0 0 0
81 60 0 0 0 0 0 0 0 0
82 60 0 0 0 0 0 0 0 0
83 60 0 0 0 0 0 0 0 0
84 60 0 0 0 0 0 0 0 0
85 60 0 0 60 4 4 0 0 0
86 60 0 0 0 0 0 0 0 0
87 60 0 0 0 0 0 0 0 0
113 60 0 0 0 0 0 0 0 0
114 60 0 0 0 0 0 0 0 0
115 60 0 0 0 0 0 0 0 0
117 60 0 0 0 0 0 60 0 0
118 60 0 0 0 0 0 0 0 0
119 60 0 0 0 0 0 0 0 0
120 60 0 0 0 0 0 60 0 0
121 60 0 0 0 0 0 0 0 0
122 1993272 1 1 0 0 0 0 0 0
124 1993272 0 0 1993272 0 0 0 0 0
127 1993272 0 0 1993272 0 0 0 0 0
fl=/build/glibc-sMfBJT/glibc-2.31/stdlib/../sysdeps/x86_64/rshift.S
fn=__mpn_rshift
28 40 0 0 0 0 0 0 0 0
29 40 0 0 0 0 0 0 0 0
30 40 0 0 0 0 0 0 0 0
31 40 0 0 0 0 0 0 0 0
44 40 0 0 0 0 0 0 0 0
45 40 1 1 0 0 0 0 0 0
61 40 0 0 0 0 0 0 0 0
62 40 0 0 40 0 0 0 0 0
63 40 0 0 40 0 0 0 0 0
64 40 0 0 0 0 0 0 0 0
65 40 0 0 0 0 0 0 0 0
66 40 0 0 0 0 0 0 0 0
67 40 0 0 0 0 0 0 0 0
72 40 1 1 0 0 0 0 0 0
73 40 0 0 0 0 0 40 0 0
74 40 0 0 0 0 0 0 0 0
75 40 0 0 0 0 0 40 0 0
76 40 0 0 40 0 0 0 0 0
fl=/build/glibc-sMfBJT/glibc-2.31/stdlib/cmp.c
fn=__mpn_cmp
31 23 1 1 0 0 0 0 0 0
35 46 0 0 0 0 0 0 0 0
37 23 1 1 23 0 0 0 0 0
38 23 0 0 23 0 0 0 0 0
39 46 0 0 0 0 0 0 0 0
47 115 0 0 23 0 0 0 0 0
fl=/build/glibc-sMfBJT/glibc-2.31/stdlib/cxa_atexit.c
fn=__cxa_atexit
41 6 0 0 0 0 0 0 0 0
43 6 1 1 2 0 0 0 0 0
44 4 0 0 0 0 0 2 0 0
46 4 0 0 0 0 0 0 0 0
53 6 0 0 2 0 0 0 0 0
55 2 0 0 0 0 0 2 0 0
56 6 1 1 4 0 0 2 1 0
58 2 0 0 0 0 0 2 0 0
59 8 0 0 4 0 0 0 0 0
69 12 1 1 0 0 0 8 0 0
71 10 0 0 6 0 0 0 0 0
fn=__new_exitfn
82 10 1 1 0 0 0 4 0 0
83 4 0 0 0 0 0 0 0 0
88 4 1 1 2 1 0 0 0 0
93 12 0 0 3 1 0 0 0 0
95 8 1 1 2 0 0 0 0 0
96 5 0 0 1 0 0 0 0 0
103 1 0 0 0 0 0 1 0 0
106 2 0 0 0 0 0 0 0 0
124 1 0 0 0 0 0 0 0 0
125 2 1 1 0 0 0 1 0 0
131 3 0 0 0 0 0 0 0 0
132 2 0 0 0 0 0 1 0 0
138 2 1 1 0 0 0 2 0 0
139 2 0 0 2 0 0 0 0 0
143 10 0 0 6 0 0 0 0 0
fl=/build/glibc-sMfBJT/glibc-2.31/stdlib/cxa_finalize.c
fn=__cxa_finalize
30 36 1 1 0 0 0 24 0 0
33 12 0 0 4 0 0 0 0 0
36 24 2 2 8 0 0 0 0 0
40 37 0 0 4 0 0 0 0 0
41 18 1 1 5 0 0 0 0 0
43 1 0 0 1 0 0 0 0 0
45 1 0 0 1 0 0 0 0 0
76 1 0 0 0 0 0 1 0 0
79 3 0 0 2 0 0 0 0 0
82 4 1 1 2 0 0 0 0 0
83 3 0 0 0 0 0 1 0 0
84 3 0 0 1 0 0 0 0 0
88 2 0 0 1 0 0 0 0 0
94 28 1 1 8 1 0 0 0 0
98 24 0 0 4 1 1 0 0 0
106 8 0 0 0 0 0 0 0 0
107 8 0 0 0 0 0 4 0 0
109 16 0 0 8 0 0 0 0 0
110 32 1 1 28 0 0 0 0 0
fl=/build/glibc-sMfBJT/glibc-2.31/stdlib/cxa_thread_atexit_impl.c
fn=__call_tls_dtors
145 4 1 1 0 0 0 2 0 0
146 4 1 1 2 0 0 0 0 0
164 4 1 1 3 0 0 0 0 0
fl=/build/glibc-sMfBJT/glibc-2.31/stdlib/divrem.c
fn=__mpn_divrem
46 117 1 1 0 0 0 72 0 0
47 9 1 1 0 0 0 9 0 0
49 18 0 0 0 0 0 0 0 0
62 9 1 1 9 0 0 0 0 0
63 9 0 0 9 0 0 0 0 0
65 18 0 0 0 0 0 0 0 0
67 1 0 0 0 0 0 0 0 0
68 2 1 1 0 0 0 1 0 0
71 27 0 0 9 0 0 0 0 0
72 67 1 1 0 0 0 0 0 0
73 24 0 0 8 0 0 8 0 0
76 18 0 0 0 0 0 0 0 0
79 9 0 0 0 0 0 9 0 0
81 9 0 0 0 0 0 0 0 0
234 81 1 1 72 0 0 0 0 0
fl=/build/glibc-sMfBJT/glibc-2.31/stdlib/exit.c
fn=__run_exit_handlers
40 11 1 1 0 0 0 7 0 0
45 3 1 1 0 0 0 0 0 0
46 2 1 1 0 0 0 1 0 0
56 8 0 0 2 0 0 0 0 0
59 2 0 0 2 1 1 0 0 0
61 5 0 0 0 0 0 0 0 0
65 1 0 0 0 0 0 1 0 0
66 4 0 0 2 0 0 0 0 0
70 9 1 1 3 1 1 0 0 0
72 4 0 0 0 0 0 2 0 0
73 2 1 1 2 0 0 0 0 0
76 8 0 0 4 0 0 0 0 0
77 18 0 0 2 1 1 0 0 0
103 1 1 1 0 0 0 1 0 0
106 3 0 0 2 0 0 0 0 0
108 3 0 0 1 0 0 1 0 0
109 1 0 0 0 0 0 0 0 0
112 6 0 0 2 0 0 0 0 0
114 4 0 0 2 0 0 0 0 0
120 2 1 1 1 0 0 1 0 0
121 2 0 0 0 0 0 0 0 0
126 5 1 1 2 0 0 0 0 0
129 2 0 0 1 0 0 0 0 0
130 13 1 1 1 1 1 1 0 0
132 2 0 0 0 0 0 1 0 0
fn=exit
138 4 1 1 1 0 0 1 0 0
139 4 1 1 0 0 0 1 0 0
fl=/build/glibc-sMfBJT/glibc-2.31/stdlib/getenv.c
fn=getenv
34 8 1 0 0 0 0 6 0 0
35 2 1 1 0 0 0 1 0 0
39 8 1 1 3 2 2 0 0 0
42 3 0 0 2 1 1 0 0 0
67 1 0 0 1 0 0 0 0 0
72 1 0 0 0 0 0 0 0 0
73 1 0 0 0 0 0 0 0 0
75 282 0 0 70 9 9 0 0 0
84 140 1 1 70 32 32 0 0 0
91 9 0 0 7 0 0 0 0 0
fl=/build/glibc-sMfBJT/glibc-2.31/stdlib/msort.c
fn=msort_with_tmp.part.0
40 11 1 1 0 0 0 9 0 0
45 4 0 0 0 0 0 0 0 0
48 2 1 1 0 0 0 0 0 0
49 2 0 0 0 0 0 0 0 0
50 2 1 1 1 0 0 0 0 0
51 3 0 0 1 0 0 0 0 0
56 2 1 1 2 0 0 0 0 0
57 2 0 0 1 0 0 1 0 0
58 2 0 0 1 0 0 1 0 0
59 1 0 0 1 0 0 0 0 0
60 6 1 1 1 0 0 0 0 0
81 5 0 0 0 0 0 0 0 0
83 7 0 0 1 0 0 1 0 0
85 1 1 1 1 0 0 0 0 0
86 1 0 0 0 0 0 0 0 0
87 1 0 0 0 0 0 1 0 0
95 1 0 0 0 0 0 0 0 0
160 7 2 2 5 0 0 0 0 0
161 7 0 0 6 0 0 0 0 0
fn=qsort
307 1 1 1 0 0 0 0 0 0
308 2 0 0 0 0 0 0 0 0
fn=qsort_r
45 6 1 1 2 0 0 1 0 0
166 17 2 2 1 0 0 9 0 0
167 2 0 0 0 0 0 0 0 0
168 1 0 0 0 0 0 1 0 0
172 2 0 0 0 0 0 0 0 0
175 2 0 0 0 0 0 0 0 0
177 17 2 2 1 0 0 1 0 0
234 1 1 1 0 0 0 1 0 0
235 1 1 1 0 0 0 1 0 0
236 1 0 0 0 0 0 1 0 0
237 1 0 0 0 0 0 1 0 0
239 2 0 0 0 0 0 0 0 0
284 2 1 1 1 0 0 0 0 0
285 2 0 0 0 0 0 0 0 0
287 2 1 1 0 0 0 0 0 0
289 2 0 0 0 0 0 0 0 0
290 2 1 1 1 0 0 0 0 0
291 2 0 0 0 0 0 1 0 0
299 2 0 0 1 0 0 1 0 0
300 11 1 1 9 0 0 0 0 0
fl=/build/glibc-sMfBJT/glibc-2.31/stdlib/mul.c
fn=__mpn_mul
48 33877107 2 2 1992771 0 0 17934939 56 1
54 3985542 0 0 0 0 0 0 0 0
66 3985542 0 0 0 0 0 0 0 0
71 1992771 1 1 1992771 0 0 0 0 0
72 3985542 0 0 0 0 0 0 0 0
81 1992771 1 1 0 0 0 1992771 70 6
83 5978313 0 0 1992771 0 0 1992771 1 0
84 1992771 0 0 0 0 0 0 0 0
88 3985542 0 0 0 0 0 0 0 0
142 21920481 0 0 17934939 0 0 0 0 0
fl=/build/glibc-sMfBJT/glibc-2.31/stdlib/strtod.c
fn=strtod
82 2411074 1 1 0 0 0 0 0 0
83 9644296 0 0 4822148 208 16 0 0 0
fl=/build/glibc-sMfBJT/glibc-2.31/stdlib/strtod_l.c
fn=____strtod_l_internal
509 33755036 2 2 2411074 0 0 19288592 104 10
515 9644296 1 1 0 0 0 0 0 0
554 2411074 0 0 0 0 0 0 0 0
562 2411074 0 0 2411074 105 8 0 0 0
564 4822148 0 0 0 0 0 0 0 0
588 2411074 0 0 0 0 0 0 0 0
596 7233222 0 0 2411074 105 8 4822148 7 4
597 7233222 0 0 0 0 0 4822148 26 2
598 9644296 1 1 4822148 0 0 0 0 0
602 2411074 0 0 0 0 0 2411074 105 15
603 1299701 0 0 0 0 0 1299701 0 0
604 13304946 0 0 0 0 0 8869964 34 3
608 4822148 0 0 0 0 0 0 0 0
611 9644296 0 0 2411074 0 0 0 0 0
612 7233222 0 0 4822148 209 16 0 0 0
615 4822148 1 1 0 0 0 0 0 0
617 1111373 0 0 0 0 0 1111373 0 0
618 3334119 0 0 1111373 0 0 0 0 0
620 2599402 0 0 0 0 0 0 0 0
633 14466444 0 0 2411074 0 0 0 0 0
634 4822148 1 1 2411074 0 0 0 0 0
642 7233222 0 0 0 0 0 0 0 0
690 7233222 1 1 2411074 0 0 0 0 0
709 4822148 0 0 0 0 0 0 0 0
734 12055370 3 3 0 0 0 2411074 0 0
776 16877518 0 0 0 0 0 0 0 0
777 4822148 0 0 0 0 0 0 0 0
780 4822148 1 1 0 0 0 0 0 0
789 4822148 0 0 0 0 0 0 0 0
802 4822148 0 0 2411074 0 0 0 0 0
805 4822148 0 0 0 0 0 0 0 0
847 9644296 1 1 0 0 0 0 0 0
856 19288592 0 0 2411074 0 0 0 0 0
857 4822148 0 0 2411074 0 0 0 0 0
863 4822148 1 1 2411074 0 0 0 0 0
864 2411074 0 0 2411074 0 0 0 0 0
865 96442960 2 2 0 0 0 0 0 0
869 33755036 1 1 0 0 0 0 0 0
872 50632554 0 0 16877518 0 0 0 0 0
875 4822148 0 0 0 0 0 0 0 0
881 4822148 1 1 4822148 105 9 0 0 0
883 9644296 0 0 0 0 0 0 0 0
887 2411074 1 1 2411074 0 0 0 0 0
888 4822148 0 0 0 0 0 0 0 0
890 2217871 1 1 0 0 0 0 0 0
891 4434982 1 1 2217491 0 0 0 0 0
893 387166 0 0 0 0 0 0 0 0
894 387166 1 1 193583 0 0 0 0 0
896 7233222 0 0 0 0 0 0 0 0
901 4822148 0 0 0 0 0 0 0 0
925 110 1 1 0 0 0 0 0 0
937 6652473 72 7 0 0 0 0 0 0
939 2217491 0 0 0 0 0 0 0 0
943 387166 1 1 0 0 0 0 0 0
945 774332 0 0 0 0 0 0 0 0
947 774332 0 0 0 0 0 0 0 0
964 40988258 165 11 2411074 0 0 2411074 0 0
969 19288592 1 1 0 0 0 0 0 0
999 4822148 0 0 0 0 0 0 0 0
1000 4822148 0 0 0 0 0 0 0 0
1002 9644296 0 0 4822148 0 0 0 0 0
1004 14466444 0 0 0 0 0 0 0 0
1006 14466444 1 1 0 0 0 2411074 0 0
1014 4822148 0 0 0 0 0 0 0 0
1016 6616660 0 0 3022840 0 0 0 0 0
1018 897256 0 0 0 0 0 0 0 0
1019 1223532 0 0 0 0 0 0 0 0
1021 856470 4 4 0 0 0 0 0 0
1024 821225 0 0 50049 0 0 0 0 0
1043 7183173 1 1 2411074 0 0 0 0 0
1046 4722050 67 6 0 0 0 0 0 0
1049 4822148 36 6 0 0 0 0 0 0
1082 4822148 1 1 0 0 0 0 0 0
1174 2411074 0 0 2411074 0 0 0 0 0
1175 4434982 1 1 0 0 0 0 0 0
1176 12248953 1 1 0 0 0 0 0 0
1177 2411074 0 0 0 0 0 0 0 0
1178 4822148 1 1 0 0 0 2411074 0 0
1181 9644296 0 0 0 0 0 0 0 0
1193 4822148 0 0 0 0 0 0 0 0
1196 4822148 0 0 0 0 0 0 0 0
1199 2710162 1 1 193583 0 0 774332 18 2
1205 1161498 1 1 774332 0 0 0 0 0
1249 580749 1 1 193583 0 0 0 0 0
1250 774332 0 0 0 0 0 193583 0 0
1254 387166 1 1 0 0 0 0 0 0
1260 387166 0 0 0 0 0 0 0 0
1292 387166 0 0 0 0 0 0 0 0
1295 650962 1 1 0 0 0 50074 0 0
1297 100148 0 0 0 0 0 0 0 0
1307 250370 1 1 0 0 0 50074 0 0
1311 250370 0 0 100148 0 0 0 0 0
1326 400592 1 1 50074 0 0 50074 0 0
1331 1004563 0 0 0 0 0 430527 0 0
1354 4722000 0 0 0 0 0 2361000 0 0
1356 2361000 0 0 0 0 0 0 0 0
1358 11948509 1 1 143509 0 0 0 0 0
1367 430527 0 0 143509 0 0 0 0 0
1370 287018 0 0 0 0 0 0 0 0
1371 861054 1 1 143509 0 0 143509 0 0
1376 4434982 1 1 2217491 0 0 0 0 0
1379 17739928 0 0 0 0 0 0 0 0
1382 2217491 0 0 0 0 0 0 0 0
1392 11087455 0 0 0 0 0 0 0 0
1397 6652473 1 1 0 0 0 0 0 0
1400 21249000 1 1 0 0 0 2361000 0 0
1403 7083000 0 0 0 0 0 0 0 0
1411 11805000 1 1 0 0 0 2361000 0 0
1414 2361000 0 0 0 0 0 0 0 0
1415 2361000 0 0 0 0 0 0 0 0
1418 18475370 1 1 0 0 0 0 0 0
1421 4353771 0 0 0 0 0 0 0 0
1423 8707542 0 0 0 0 0 0 0 0
1425 6714771 0 0 4353771 256 25 0 0 0
1426 14166000 0 0 2361000 10 0 2361000 0 0
1431 35198397 1 1 0 0 0 9075771 0 0
1432 1992771 0 0 1992771 0 0 0 0 0
1435 3985542 0 0 1992771 0 0 0 0 0
1436 3985542 0 0 0 0 0 0 0 0
1437 5977173 0 0 0 0 0 0 0 0
1438 1993531 0 0 0 0 0 0 0 0
1441 9237685 0 0 0 0 0 0 0 0
1442 9237685 0 0 0 0 0 0 0 0
1444 22619852 1 1 2361000 0 0 0 0 0
1446 14166000 0 0 4722000 0 0 0 0 0
1447 7877365 2 2 1575473 0 0 1575473 0 0
1450 21249000 1 1 9444000 0 0 4722000 19 2
1467 9444000 0 0 2361000 0 0 2361000 0 0
1469 11804938 0 0 7082938 0 0 0 0 0
1473 11804995 1 1 2360999 0 0 2360999 0 0
1474 11804995 0 0 2360999 0 0 2360999 0 0
1475 4721998 0 0 0 0 0 0 0 0
1476 310 1 1 62 0 0 124 0 0
1486 4722000 0 0 2361000 0 0 2361000 0 0
1488 4722760 1 1 0 0 0 0 0 0
1495 2360620 1 1 2360620 0 0 0 0 0
1496 2360620 1 1 2360620 0 0 0 0 0
1497 26253838 0 0 7225369 0 0 0 0 0
1501 11918522 1 1 0 0 0 0 0 0
1539 53221332 1 1 623096 0 0 4903868 0 0
1541 2236348 0 0 0 0 0 0 0 0
1543 21245580 0 0 4721240 0 0 2360620 0 0
1544 4721240 0 0 0 0 0 0 0 0
1545 4721240 1 1 0 0 0 0 0 0
1553 358 1 1 358 0 0 0 0 0
1554 358 0 0 358 0 0 0 0 0
1556 1074 1 1 358 0 0 0 0 0
1558 636 0 0 0 0 0 0 0 0
1563 4 0 0 0 0 0 0 0 0
1568 942 0 0 314 0 0 0 0 0
1569 1256 1 1 628 0 0 314 0 0
1584 1553 0 0 0 0 0 0 0 0
1589 40 0 0 40 0 0 0 0 0
1590 40 0 0 0 0 0 0 0 0
1593 1484 1 1 0 0 0 0 0 0
1597 826 0 0 0 0 0 0 0 0
1611 1074 0 0 358 0 0 0 0 0
1615 2065 1 1 0 0 0 0 0 0
1616 1239 0 0 0 0 0 0 0 0
1620 1244 0 0 0 0 0 0 0 0
1623 4 0 0 0 0 0 0 0 0
1625 8 0 0 0 0 0 0 0 0
1627 8 0 0 0 0 0 0 0 0
1630 1239 0 0 0 0 0 0 0 0
1633 11329 27 19 612 0 0 1170 0 0
1636 3222 0 0 716 0 0 358 0 0
1638 716 1 1 0 0 0 0 0 0
1645 44 0 0 0 0 0 0 0 0
1647 44 0 0 22 0 0 0 0 0
1648 66 0 0 22 0 0 22 0 0
1652 220 1 1 44 0 0 22 0 0
1655 44 0 0 0 0 0 0 0 0
1657 44 0 0 0 0 0 0 0 0
1660 110 1 1 22 0 0 0 0 0
1661 22 0 0 22 0 0 0 0 0
1701 572 4 4 0 0 0 0 0 0
1702 88 0 0 44 0 0 44 0 0
1703 66 3 3 0 0 0 22 0 0
1714 44 0 0 0 0 0 22 0 0
1715 44 0 0 22 0 0 22 0 0
1717 176 0 0 44 0 0 0 0 0
1719 88 1 1 0 0 0 0 0 0
1722 44 0 0 0 0 0 0 0 0
1727 308 1 1 88 0 0 44 0 0
1728 132 0 0 0 0 0 0 0 0
1730 218 1 1 44 0 0 0 0 0
1732 2 0 0 0 0 0 0 0 0
1733 2 0 0 0 0 0 0 0 0
1734 26 0 0 0 0 0 22 0 0
1745 264 0 0 88 0 0 44 0 0
1747 88 0 0 44 0 0 0 0 0
1753 132 1 1 88 0 0 44 0 0
1754 308 0 0 176 0 0 44 0 0
1755 374 1 1 22 0 0 88 0 0
1756 44 1 1 0 0 0 44 0 0
1758 946 3 3 154 0 0 88 0 0
1761 176 1 1 22 0 0 0 0 0
1763 176 0 0 44 0 0 22 0 0
1765 66 0 0 0 0 0 0 0 0
1771 26521814 0 0 21699666 0 0 0 0 0
fn=round_and_return
216 38577184 2 2 2411074 0 0 16877518 0 0
219 4822148 0 0 0 0 0 0 0 0
314 16877518 1 1 0 0 0 0 0 0
318 7233222 0 0 2411074 0 0 0 0 0
320 5172827 1 1 0 0 0 0 0 0
321 2351770 0 0 0 0 0 0 0 0
329 2351770 0 0 0 0 0 0 0 0
339 2351770 1 1 0 0 0 0 0 0
351 4922342 0 0 0 0 0 0 0 0
353 4721954 1 1 4721954 210 18 0 0 0
354 2360977 0 0 0 0 0 0 0 0
356 7233222 0 0 0 0 0 2411074 9 3
357 26521814 1 1 21699666 0 0 0 0 0
fn=str_to_mpn.isra.0
366 22991247 5 5 2554583 0 0 17882081 73 7
375 5109166 0 0 0 0 0 0 0 0
376 2554583 0 0 0 0 0 0 0 0
379 2554583 0 0 0 0 0 2554583 38 6
380 17882081 6 5 0 0 0 0 0 0
383 32244486 0 0 0 0 0 0 0 0
414 74707304 0 0 18676826 0 0 0 0 0
417 4722050 0 0 0 0 0 0 0 0
424 4722050 0 0 2361025 0 0 0 0 0
427 56030478 1 1 0 0 0 0 0 0
428 18676826 0 0 0 0 0 0 0 0
430 37353652 0 0 0 0 0 0 0 0
432 10218347 2 2 5109166 0 0 0 0 0
434 6 0 0 3 0 0 0 0 0
435 9 0 0 3 0 0 0 0 0
436 3 0 0 0 0 0 3 0 0
439 7663740 0 0 2554580 219 18 0 0 0
441 7663749 0 0 2554583 0 0 0 0 0
443 2554583 0 0 0 0 0 2554583 21 2
444 2554583 0 0 0 0 0 2554583 0 0
459 22991247 1 1 17882081 0 0 0 0 0
fl=/build/glibc-sMfBJT/glibc-2.31/string/../bits/stdlib-bsearch.h
fn=intel_check_word.isra.0
27 12 0 0 0 0 0 0 0 0
28 12 0 0 0 0 0 0 0 0
29 228 0 0 0 0 0 0 0 0
31 162 1 1 0 0 0 0 0 0
32 81 0 0 0 0 0 0 0 0
37 15 1 1 0 0 0 0 0 0
fl=/build/glibc-sMfBJT/glibc-2.31/string/../string/strstr.c
fn=__GI_strstr
77 1804 1 1 164 0 0 1148 0 0
82 492 1 1 164 108 9 0 0 0
84 820 0 0 0 0 0 164 3 0
85 328 0 0 0 0 0 0 0 0
129 164 1 1 0 0 0 0 0 0
161 1968 0 0 1476 0 0 0 0 0
fl=/build/glibc-sMfBJT/glibc-2.31/string/../sysdeps/x86/cacheinfo.c
fn=handle_intel.constprop.0
259 30 2 2 3 0 0 21 0 0
261 3 0 0 3 0 0 0 0 0
264 6 0 0 3 0 0 0 0 0
270 6 0 0 0 0 0 3 0 0
272 6 0 0 0 0 0 3 0 0
273 3 0 0 0 0 0 3 0 0
275 9 0 0 0 0 0 0 0 0
281 15 1 1 0 0 0 6 0 0
286 6 0 0 0 0 0 0 0 0
288 6 0 0 0 0 0 3 0 0
289 3 0 0 0 0 0 0 0 0
293 18 0 0 0 0 0 3 0 0
295 6 1 1 0 0 0 0 0 0
298 21 0 0 0 0 0 3 0 0
300 6 0 0 0 0 0 0 0 0
319 33 1 1 27 0 0 0 0 0
fn=init_cacheinfo
488 8 1 1 0 0 0 6 0 0
500 2 1 1 1 0 0 1 0 0
502 6 0 0 4 2 0 0 0 0
504 3 0 0 0 0 0 1 0 0
506 3 0 0 0 0 0 2 0 0
510 1 1 1 0 0 0 1 0 0
511 3 0 0 0 0 0 1 0 0
519 2 0 0 0 0 0 0 0 0
530 1 0 0 0 0 0 0 0 0
535 3 0 0 1 1 0 0 0 0
539 2 0 0 1 0 0 0 0 0
547 12 1 1 0 0 0 0 0 0
550 13 1 1 0 0 0 0 0 0
556 8 0 0 0 0 0 0 0 0
559 26 0 0 0 0 0 0 0 0
564 2 1 1 0 0 0 0 0 0
568 3 1 1 0 0 0 0 0 0
569 2 0 0 0 0 0 0 0 0
573 2 0 0 0 0 0 0 0 0
577 3 0 0 0 0 0 0 0 0
580 3 0 0 0 0 0 0 0 0
581 1 0 0 0 0 0 0 0 0
586 4 0 0 0 0 0 0 0 0
592 2 1 1 1 0 0 0 0 0
600 9 0 0 1 0 0 0 0 0
602 7 1 1 0 0 0 0 0 0
604 7 0 0 0 0 0 0 0 0
606 6 0 0 0 0 0 0 0 0
609 2 0 0 0 0 0 0 0 0
610 8 0 0 0 0 0 0 0 0
612 4 1 1 0 0 0 0 0 0
615 2 0 0 0 0 0 0 0 0
620 1 0 0 0 0 0 0 0 0
622 4 0 0 0 0 0 0 0 0
623 2 0 0 0 0 0 0 0 0
624 2 0 0 0 0 0 0 0 0
627 2 0 0 0 0 0 0 0 0
630 2 1 1 0 0 0 0 0 0
633 1 0 0 0 0 0 0 0 0
634 2 0 0 1 0 0 0 0 0
637 1 0 0 0 0 0 0 0 0
639 4 1 1 0 0 0 0 0 0
640 1 0 0 0 0 0 0 0 0
645 2 0 0 0 0 0 0 0 0
651 2 0 0 0 0 0 0 0 0
652 2 0 0 0 0 0 0 0 0
653 1 1 1 0 0 0 0 0 0
654 2 0 0 1 0 0 0 0 0
691 4 0 0 0 0 0 0 0 0
692 5 0 0 0 0 0 0 0 0
696 2 1 1 0 0 0 0 0 0
755 2 0 0 0 0 0 0 0 0
758 2 1 1 0 0 0 0 0 0
760 3 0 0 0 0 0 1 0 0
761 1 0 0 0 0 0 1 1 1
763 1 0 0 0 0 0 0 0 0
764 3 1 1 0 0 0 1 0 0
765 1 0 0 0 0 0 1 0 0
768 2 0 0 0 0 0 0 0 0
771 2 0 0 0 0 0 0 0 0
773 3 0 0 0 0 0 1 0 0
774 1 0 0 0 0 0 1 1 0
776 1 0 0 0 0 0 0 0 0
777 3 0 0 0 0 0 1 0 0
778 1 0 0 0 0 0 1 0 0
786 2 0 0 1 0 0 1 1 1
788 8 0 0 1 0 0 0 0 0
789 8 0 0 7 0 0 0 0 0
fn=intel_check_word.isra.0
119 162 0 0 81 6 6 0 0 0
122 81 0 0 0 0 0 0 0 0
128 42 1 1 0 0 0 24 0 0
132 12 1 1 0 0 0 0 0 0
134 3 0 0 0 0 0 0 0 0
138 42 0 0 0 0 0 0 0 0
140 60 0 0 0 0 0 0 0 0
142 15 1 1 0 0 0 0 0 0
144 30 0 0 0 0 0 0 0 0
152 30 0 0 0 0 0 0 0 0
161 13 1 1 0 0 0 0 0 0
164 29 1 1 0 0 0 0 0 0
167 24 0 0 0 0 0 0 0 0
171 16 0 0 0 0 0 0 0 0
173 36 0 0 0 0 0 0 0 0
175 14 0 0 0 0 0 0 0 0
177 10 0 0 0 0 0 0 0 0
178 6 0 0 0 0 0 0 0 0
179 2 1 1 0 0 0 0 0 0
181 3 1 1 0 0 0 0 0 0
183 6 0 0 0 0 0 0 0 0
185 9 1 1 0 0 0 0 0 0
186 12 0 0 0 0 0 0 0 0
187 9 1 1 0 0 0 0 0 0
188 15 0 0 0 0 0 0 0 0
196 5 0 0 0 0 0 0 0 0
203 24 0 0 0 0 0 0 0 0
225 12 1 1 0 0 0 0 0 0
255 36 0 0 30 0 0 0 0 0
fl=/build/glibc-sMfBJT/glibc-2.31/string/../sysdeps/x86_64/multiarch/../strchr.S
fn=index
23 15 1 1 0 0 0 0 0 0
24 15 0 0 0 0 0 0 0 0
25 15 0 0 0 0 0 0 0 0
26 15 0 0 0 0 0 0 0 0
27 15 0 0 0 0 0 0 0 0
28 15 0 0 0 0 0 0 0 0
29 15 0 0 0 0 0 0 0 0
30 15 1 1 0 0 0 0 0 0
31 15 0 0 0 0 0 0 0 0
32 15 0 0 15 5 5 0 0 0
33 15 0 0 0 0 0 0 0 0
34 15 0 0 0 0 0 0 0 0
35 15 0 0 0 0 0 0 0 0
36 15 0 0 0 0 0 0 0 0
37 15 0 0 0 0 0 0 0 0
38 15 0 0 0 0 0 0 0 0
39 15 0 0 0 0 0 0 0 0
40 15 0 0 0 0 0 0 0 0
41 11 0 0 0 0 0 0 0 0
45 11 0 0 0 0 0 0 0 0
46 11 0 0 0 0 0 0 0 0
47 11 0 0 11 0 0 0 0 0
48 11 0 0 0 0 0 0 0 0
50 11 0 0 11 0 0 0 0 0
54 4 1 1 4 1 1 0 0 0
55 4 0 0 0 0 0 0 0 0
56 4 0 0 0 0 0 0 0 0
57 4 0 0 0 0 0 0 0 0
58 4 0 0 0 0 0 0 0 0
59 4 0 0 0 0 0 0 0 0
60 4 0 0 4 1 1 0 0 0
61 4 0 0 0 0 0 0 0 0
62 4 0 0 0 0 0 0 0 0
63 4 0 0 0 0 0 0 0 0
64 4 0 0 0 0 0 0 0 0
65 4 0 0 0 0 0 0 0 0
66 4 0 0 0 0 0 0 0 0
67 4 0 0 4 0 0 0 0 0
68 4 0 0 0 0 0 0 0 0
69 4 1 1 0 0 0 0 0 0
70 4 0 0 0 0 0 0 0 0
71 4 0 0 0 0 0 0 0 0
72 4 0 0 0 0 0 0 0 0
73 4 0 0 0 0 0 0 0 0
74 4 0 0 0 0 0 0 0 0
75 4 0 0 0 0 0 0 0 0
76 4 0 0 0 0 0 0 0 0
77 6 0 0 0 0 0 0 0 0
82 1 0 0 0 0 0 0 0 0
83 1 0 0 0 0 0 0 0 0
86 1 0 0 0 0 0 0 0 0
87 1 0 0 1 0 0 0 0 0
88 1 1 1 1 0 0 0 0 0
89 1 0 0 1 0 0 0 0 0
90 1 0 0 0 0 0 0 0 0
91 1 0 0 1 0 0 0 0 0
92 1 0 0 0 0 0 0 0 0
93 1 0 0 0 0 0 0 0 0
94 1 0 0 1 0 0 0 0 0
95 1 0 0 0 0 0 0 0 0
96 1 0 0 1 0 0 0 0 0
97 1 0 0 1 0 0 0 0 0
98 1 0 0 0 0 0 0 0 0
99 1 0 0 1 0 0 0 0 0
100 1 0 0 0 0 0 0 0 0
101 1 0 0 0 0 0 0 0 0
102 1 1 1 0 0 0 0 0 0
103 1 0 0 0 0 0 0 0 0
105 1 0 0 0 0 0 0 0 0
106 1 0 0 0 0 0 0 0 0
108 1 0 0 1 0 0 0 0 0
109 1 0 0 0 0 0 0 0 0
110 1 0 0 0 0 0 0 0 0
111 1 0 0 0 0 0 0 0 0
112 1 0 0 0 0 0 0 0 0
113 1 0 0 0 0 0 0 0 0
114 1 0 0 0 0 0 0 0 0
115 1 0 0 0 0 0 0 0 0
117 1 0 0 0 0 0 0 0 0
118 1 0 0 0 0 0 0 0 0
119 1 0 0 0 0 0 0 0 0
120 1 0 0 0 0 0 0 0 0
121 1 0 0 0 0 0 0 0 0
122 1 1 1 0 0 0 0 0 0
123 1 0 0 0 0 0 0 0 0
124 1 0 0 0 0 0 0 0 0
125 1 0 0 0 0 0 0 0 0
126 1 0 0 0 0 0 0 0 0
129 4 0 0 0 0 0 0 0 0
133 4 0 0 0 0 0 0 0 0
134 4 0 0 0 0 0 0 0 0
135 4 0 0 4 0 0 0 0 0
136 4 0 0 0 0 0 0 0 0
138 4 0 0 4 0 0 0 0 0
fl=/build/glibc-sMfBJT/glibc-2.31/string/../sysdeps/x86_64/multiarch/../strlen.S
fn=strlen
41 23 1 1 0 0 0 0 0 0
79 23 0 0 0 0 0 0 0 0
80 23 0 0 0 0 0 0 0 0
81 23 0 0 0 0 0 0 0 0
82 23 0 0 0 0 0 0 0 0
83 23 0 0 0 0 0 0 0 0
84 23 0 0 0 0 0 0 0 0
85 23 0 0 0 0 0 0 0 0
87 23 0 0 0 0 0 0 0 0
89 23 0 0 0 0 0 0 0 0
120 23 0 0 23 2 2 0 0 0
121 23 1 1 0 0 0 0 0 0
122 23 0 0 0 0 0 0 0 0
123 23 0 0 0 0 0 0 0 0
124 23 0 0 0 0 0 0 0 0
125 11 0 0 0 0 0 0 0 0
127 11 0 0 11 0 0 0 0 0
131 12 0 0 0 0 0 0 0 0
132 12 0 0 12 0 0 0 0 0
133 12 0 0 12 1 1 0 0 0
134 12 0 0 12 0 0 0 0 0
135 12 0 0 0 0 0 0 0 0
136 12 0 0 0 0 0 0 0 0
137 12 0 0 0 0 0 0 0 0
138 12 0 0 0 0 0 0 0 0
139 12 0 0 0 0 0 0 0 0
140 12 0 0 0 0 0 0 0 0
141 12 0 0 0 0 0 0 0 0
142 12 0 0 0 0 0 0 0 0
147 90 1 1 9 0 0 0 0 0
221 3 1 1 3 0 0 0 0 0
222 3 0 0 3 0 0 0 0 0
223 3 0 0 3 0 0 0 0 0
224 3 0 0 3 0 0 0 0 0
225 3 0 0 0 0 0 0 0 0
226 3 0 0 0 0 0 0 0 0
227 3 0 0 0 0 0 0 0 0
228 3 0 0 0 0 0 0 0 0
244 3 1 1 0 0 0 0 0 0
246 3 0 0 0 0 0 0 0 0
247 42 1 1 12 0 0 0 0 0
249 3 0 0 0 0 0 0 0 0
250 3 0 0 0 0 0 0 0 0
251 3 0 0 0 0 0 0 0 0
253 3 0 0 3 0 0 0 0 0
fl=/build/glibc-sMfBJT/glibc-2.31/string/../sysdeps/x86_64/multiarch/ifunc-avx2.h
fn=memchr
30 5 0 0 0 0 0 0 0 0
32 3 0 0 2 0 0 0 0 0
fn=memrchr
30 5 1 1 0 0 0 0 0 0
32 3 0 0 2 0 0 0 0 0
fn=rawmemchr
30 5 0 0 0 0 0 0 0 0
32 3 0 0 2 0 0 0 0 0
fn=rindex
30 5 1 1 0 0 0 0 0 0
32 3 0 0 2 0 0 0 0 0
fn=strchrnul
30 5 0 0 0 0 0 0 0 0
32 3 0 0 2 0 0 0 0 0
fn=strlen
30 5 0 0 0 0 0 0 0 0
32 3 0 0 2 0 0 0 0 0
fn=strnlen
30 10 1 1 0 0 0 0 0 0
32 6 0 0 4 0 0 0 0 0
fl=/build/glibc-sMfBJT/glibc-2.31/string/../sysdeps/x86_64/multiarch/ifunc-memcmp.h
fn=bcmp
32 3 0 0 1 0 0 0 0 0
33 3 0 0 2 0 0 0 0 0
34 3 0 0 0 0 0 0 0 0
35 2 0 0 1 0 0 0 0 0
fl=/build/glibc-sMfBJT/glibc-2.31/string/../sysdeps/x86_64/multiarch/ifunc-memmove.h
fn=memcpy@@GLIBC_2.14
44 4 0 0 0 0 0 0 0 0
45 6 0 0 4 0 0 0 0 0
48 4 0 0 0 0 0 0 0 0
49 4 0 0 2 0 0 0 0 0
60 4 0 0 0 0 0 0 0 0
62 10 1 1 4 0 0 0 0 0
fn=memmove
44 4 0 0 0 0 0 0 0 0
45 6 1 1 4 1 0 0 0 0
48 4 0 0 0 0 0 0 0 0
49 4 0 0 2 0 0 0 0 0
60 4 0 0 0 0 0 0 0 0
62 10 0 0 4 1 0 0 0 0
fn=mempcpy
44 2 0 0 0 0 0 0 0 0
45 3 0 0 2 0 0 0 0 0
48 2 1 1 0 0 0 0 0 0
49 2 0 0 1 0 0 0 0 0
60 2 0 0 0 0 0 0 0 0
62 5 0 0 2 0 0 0 0 0
fl=/build/glibc-sMfBJT/glibc-2.31/string/../sysdeps/x86_64/multiarch/ifunc-memset.h
fn=memset
42 10 1 1 4 1 0 0 0 0
45 4 0 0 0 0 0 0 0 0
46 4 0 0 2 0 0 0 0 0
57 8 0 0 4 0 0 0 0 0
59 10 1 1 2 0 0 0 0 0
fl=/build/glibc-sMfBJT/glibc-2.31/string/../sysdeps/x86_64/multiarch/ifunc-sse4_2.h
fn=strcspn
30 5 1 1 2 0 0 0 0 0
fn=strpbrk
30 5 0 0 2 0 0 0 0 0
fn=strspn
30 5 0 0 2 0 0 0 0 0
fl=/build/glibc-sMfBJT/glibc-2.31/string/../sysdeps/x86_64/multiarch/ifunc-strcasecmp.h
fn=strcasecmp
32 4 0 0 2 0 0 0 0 0
fn=strcasecmp_l
32 4 0 0 2 0 0 0 0 0
fn=strncasecmp
32 4 1 1 2 0 0 0 0 0
fn=strncasecmp_l
32 4 0 0 2 0 0 0 0 0
fl=/build/glibc-sMfBJT/glibc-2.31/string/../sysdeps/x86_64/multiarch/ifunc-strcpy.h
fn=stpcpy
34 3 1 1 0 0 0 0 0 0
36 4 0 0 2 0 0 0 0 0
fn=stpncpy
34 3 0 0 0 0 0 0 0 0
36 4 0 0 2 0 0 0 0 0
fn=strcat
34 3 1 1 0 0 0 0 0 0
36 4 0 0 2 0 0 0 0 0
fn=strcpy
34 3 0 0 0 0 0 0 0 0
36 4 0 0 2 0 0 0 0 0
fn=strncpy
34 3 0 0 0 0 0 0 0 0
36 4 1 1 2 0 0 0 0 0
fl=/build/glibc-sMfBJT/glibc-2.31/string/../sysdeps/x86_64/multiarch/memchr.c
fn=memchr
29 2 1 1 1 0 0 0 0 0
fl=/build/glibc-sMfBJT/glibc-2.31/string/../sysdeps/x86_64/multiarch/memcmp.c
fn=bcmp
29 2 1 1 1 0 0 0 0 0
fl=/build/glibc-sMfBJT/glibc-2.31/string/../sysdeps/x86_64/multiarch/memcpy.c
fn=memcpy@@GLIBC_2.14
29 2 1 1 0 0 0 0 0 0
fl=/build/glibc-sMfBJT/glibc-2.31/string/../sysdeps/x86_64/multiarch/memmove-vec-unaligned-erms.S
fn=__memcpy_avx_unaligned_erms
225 4080029 0 0 0 0 0 0 0 0
226 4080029 0 0 0 0 0 0 0 0
232 4080244 0 0 0 0 0 0 0 0
233 4080244 0 0 0 0 0 0 0 0
277 4080244 1 1 0 0 0 0 0 0
278 4080244 0 0 0 0 0 0 0 0
280 4079951 0 0 0 0 0 0 0 0
281 4079951 0 0 0 0 0 0 0 0
282 209 0 0 0 0 0 0 0 0
283 209 0 0 0 0 0 0 0 0
284 209 0 0 0 0 0 0 0 0
285 209 0 0 0 0 0 0 0 0
286 197 0 0 0 0 0 0 0 0
287 197 0 0 197 0 0 0 0 0
288 197 0 0 0 0 0 197 2 0
290 197 0 0 197 0 0 0 0 0
304 293 0 0 293 1 0 0 0 0
305 293 0 0 293 0 0 0 0 0
306 293 0 0 0 0 0 293 0 0
307 293 0 0 0 0 0 293 0 0
308 293 0 0 293 0 0 0 0 0
312 4079742 0 0 4079742 152 15 0 0 0
313 4079742 0 0 4079742 0 0 0 0 0
314 4079742 18 5 0 0 0 4079742 0 0
315 4079742 0 0 0 0 0 4079742 0 0
316 4079742 0 0 4079742 0 0 0 0 0
326 12 3 1 12 0 0 0 0 0
327 12 0 0 12 0 0 0 0 0
328 12 0 0 0 0 0 12 0 0
329 12 0 0 0 0 0 12 0 0
330 12 0 0 12 0 0 0 0 0
fn=__mempcpy_avx_unaligned_erms
212 215 1 1 0 0 0 0 0 0
213 215 0 0 0 0 0 0 0 0
214 215 0 0 0 0 0 0 0 0
215 215 0 0 0 0 0 0 0 0
fn=memcpy
127 28 2 2 0 0 0 0 0 0
128 28 0 0 0 0 0 0 0 0
134 62 0 0 0 0 0 0 0 0
135 62 0 0 0 0 0 0 0 0
136 22 0 0 0 0 0 0 0 0
137 22 0 0 0 0 0 0 0 0
142 14 0 0 14 1 0 0 0 0
143 14 0 0 14 0 0 0 0 0
144 14 0 0 0 0 0 14 3 3
145 14 0 0 0 0 0 14 2 2
150 14 0 0 14 0 0 0 0 0
280 40 0 0 0 0 0 0 0 0
281 40 0 0 0 0 0 0 0 0
282 13 0 0 0 0 0 0 0 0
283 13 0 0 0 0 0 0 0 0
284 8 0 0 0 0 0 0 0 0
285 8 0 0 0 0 0 0 0 0
286 4 0 0 0 0 0 0 0 0
287 1 0 0 1 1 1 0 0 0
288 1 0 0 0 0 0 1 1 1
290 4 0 0 4 0 0 0 0 0
312 27 0 0 27 0 0 0 0 0
313 27 1 1 27 0 0 0 0 0
314 27 0 0 0 0 0 27 4 4
315 27 0 0 0 0 0 27 0 0
316 27 0 0 27 0 0 0 0 0
319 5 0 0 5 0 0 0 0 0
320 5 0 0 5 0 0 0 0 0
321 5 0 0 0 0 0 5 0 0
322 5 0 0 0 0 0 5 0 0
323 5 0 0 5 0 0 0 0 0
326 4 1 1 4 1 1 0 0 0
327 4 0 0 4 0 0 0 0 0
328 4 0 0 0 0 0 4 1 1
329 4 0 0 0 0 0 4 0 0
330 4 0 0 4 0 0 0 0 0
340 8 0 0 0 0 0 0 0 0
341 8 0 0 0 0 0 0 0 0
342 8 0 0 0 0 0 0 0 0
343 8 0 0 0 0 0 0 0 0
345 4 0 0 4 0 0 0 0 0
346 4 0 0 4 0 0 0 0 0
347 4 1 1 4 0 0 0 0 0
348 4 0 0 4 0 0 0 0 0
349 4 0 0 4 0 0 0 0 0
350 4 0 0 4 0 0 0 0 0
351 4 0 0 4 0 0 0 0 0
352 4 0 0 4 0 0 0 0 0
353 4 0 0 0 0 0 4 1 1
354 4 0 0 0 0 0 4 0 0
355 4 0 0 0 0 0 4 0 0
356 4 0 0 0 0 0 4 3 3
357 4 0 0 0 0 0 4 1 1
358 4 0 0 0 0 0 4 0 0
359 4 0 0 0 0 0 4 0 0
360 4 0 0 0 0 0 4 0 0
362 4 0 0 4 0 0 0 0 0
365 4 1 1 4 0 0 0 0 0
366 4 0 0 4 0 0 0 0 0
367 4 0 0 4 0 0 0 0 0
368 4 0 0 4 0 0 0 0 0
369 4 0 0 0 0 0 4 0 0
370 4 0 0 0 0 0 4 1 1
371 4 0 0 0 0 0 4 0 0
372 4 0 0 0 0 0 4 0 0
374 4 0 0 4 0 0 0 0 0
fn=mempcpy
114 34 1 1 0 0 0 0 0 0
115 34 0 0 0 0 0 0 0 0
116 34 0 0 0 0 0 0 0 0
117 34 0 0 0 0 0 0 0 0
fl=/build/glibc-sMfBJT/glibc-2.31/string/../sysdeps/x86_64/multiarch/memmove.c
fn=memmove
29 2 1 1 0 0 0 0 0 0
fl=/build/glibc-sMfBJT/glibc-2.31/string/../sysdeps/x86_64/multiarch/mempcpy.c
fn=mempcpy
33 1 1 1 0 0 0 0 0 0
fl=/build/glibc-sMfBJT/glibc-2.31/string/../sysdeps/x86_64/multiarch/memrchr.c
fn=memrchr
29 2 1 1 1 0 0 0 0 0
fl=/build/glibc-sMfBJT/glibc-2.31/string/../sysdeps/x86_64/multiarch/memset-vec-unaligned-erms.S
fn=__memset_avx2_erms
147 52 0 0 0 0 0 0 0 0
148 52 0 0 0 0 0 0 0 0
149 52 0 0 0 0 0 0 0 0
150 52 0 0 0 0 0 0 0 0
151 18751062 0 0 0 0 0 18751010 290071 111320
152 52 0 0 0 0 0 0 0 0
153 52 0 0 52 51 0 0 0 0
fn=__memset_avx2_unaligned_erms
167 76 1 1 0 0 0 0 0 0
168 228 0 0 0 0 0 0 0 0
173 76 1 1 0 0 0 0 0 0
174 76 0 0 0 0 0 0 0 0
175 54 0 0 0 0 0 0 0 0
176 54 0 0 0 0 0 0 0 0
184 54 0 0 0 0 0 0 0 0
185 54 0 0 0 0 0 0 0 0
188 2 0 0 0 0 0 0 0 0
189 2 0 0 0 0 0 0 0 0
199 2 1 1 0 0 0 0 0 0
200 2 0 0 0 0 0 2 0 0
201 2 0 0 0 0 0 0 0 0
202 2 0 0 0 0 0 2 0 0
203 2 0 0 0 0 0 2 1 1
204 2 0 0 0 0 0 2 2 1
205 2 0 0 0 0 0 2 0 0
206 2 0 0 0 0 0 2 0 0
207 2 0 0 0 0 0 2 2 1
208 2 0 0 0 0 0 2 2 1
209 2 1 1 0 0 0 0 0 0
210 2 0 0 0 0 0 0 0 0
211 2 0 0 0 0 0 0 0 0
212 2 0 0 0 0 0 0 0 0
214 7 0 0 0 0 0 7 4 3
215 7 0 0 0 0 0 7 0 0
216 7 0 0 0 0 0 7 4 4
217 7 0 0 0 0 0 7 0 0
218 7 0 0 0 0 0 0 0 0
219 7 0 0 0 0 0 0 0 0
220 7 0 0 0 0 0 0 0 0
221 2 0 0 0 0 0 0 0 0
222 2 0 0 2 0 0 0 0 0
233 22 0 0 0 0 0 0 0 0
234 22 0 0 0 0 0 0 0 0
259 22 1 1 0 0 0 22 0 0
260 22 0 0 0 0 0 22 0 0
261 22 0 0 0 0 0 0 0 0
262 22 0 0 22 0 0 0 0 0
fn=memset
108 19 2 2 0 0 0 0 0 0
109 95 2 2 0 0 0 0 0 0
115 19 0 0 0 0 0 0 0 0
116 19 0 0 0 0 0 0 0 0
117 6 0 0 0 0 0 0 0 0
118 6 0 0 0 0 0 0 0 0
120 4 0 0 0 0 0 4 2 2
121 4 0 0 0 0 0 4 0 0
123 4 0 0 4 0 0 0 0 0
188 2 0 0 0 0 0 0 0 0
189 2 0 0 0 0 0 0 0 0
199 2 1 1 0 0 0 0 0 0
200 2 0 0 0 0 0 2 2 2
201 2 0 0 0 0 0 0 0 0
202 2 0 0 0 0 0 2 2 2
203 2 0 0 0 0 0 2 0 0
204 2 0 0 0 0 0 2 0 0
205 2 0 0 0 0 0 2 1 1
206 2 0 0 0 0 0 2 0 0
207 2 0 0 0 0 0 2 0 0
208 2 0 0 0 0 0 2 0 0
209 2 0 0 0 0 0 0 0 0
210 2 0 0 0 0 0 0 0 0
211 2 0 0 0 0 0 0 0 0
212 2 0 0 0 0 0 0 0 0
214 34 0 0 0 0 0 34 31 31
215 34 0 0 0 0 0 34 0 0
216 34 0 0 0 0 0 34 0 0
217 34 0 0 0 0 0 34 0 0
218 34 0 0 0 0 0 0 0 0
219 34 0 0 0 0 0 0 0 0
220 34 0 0 0 0 0 0 0 0
221 2 0 0 2 0 0 0 0 0
236 13 2 2 0 0 0 0 0 0
237 13 0 0 0 0 0 0 0 0
238 13 0 0 0 0 0 0 0 0
239 6 0 0 0 0 0 0 0 0
240 6 0 0 0 0 0 0 0 0
241 2 0 0 0 0 0 0 0 0
242 2 0 0 0 0 0 0 0 0
266 7 0 0 0 0 0 7 3 3
267 7 0 0 0 0 0 7 0 0
269 7 0 0 7 0 0 0 0 0
272 4 1 1 0 0 0 4 0 0
273 4 0 0 0 0 0 4 0 0
275 4 0 0 4 0 0 0 0 0
278 2 0 0 0 0 0 2 0 0
279 2 0 0 0 0 0 2 0 0
281 2 0 0 2 0 0 0 0 0
fl=/build/glibc-sMfBJT/glibc-2.31/string/../sysdeps/x86_64/multiarch/memset.c
fn=memset
29 2 1 1 0 0 0 0 0 0
fl=/build/glibc-sMfBJT/glibc-2.31/string/../sysdeps/x86_64/multiarch/rawmemchr.c
fn=rawmemchr
31 2 1 1 1 0 0 0 0 0
fl=/build/glibc-sMfBJT/glibc-2.31/string/../sysdeps/x86_64/multiarch/stpcpy.c
fn=stpcpy
33 2 1 1 1 0 0 0 0 0
fl=/build/glibc-sMfBJT/glibc-2.31/string/../sysdeps/x86_64/multiarch/stpncpy.c
fn=stpncpy
31 2 1 1 1 0 0 0 0 0
fl=/build/glibc-sMfBJT/glibc-2.31/string/../sysdeps/x86_64/multiarch/strcasecmp.c
fn=strcasecmp
31 2 2 2 1 0 0 0 0 0
fl=/build/glibc-sMfBJT/glibc-2.31/string/../sysdeps/x86_64/multiarch/strcasecmp_l.c
fn=strcasecmp_l
31 2 2 2 1 0 0 0 0 0
fl=/build/glibc-sMfBJT/glibc-2.31/string/../sysdeps/x86_64/multiarch/strcat.c
fn=strcat
29 2 1 1 1 0 0 0 0 0
fl=/build/glibc-sMfBJT/glibc-2.31/string/../sysdeps/x86_64/multiarch/strchr-avx2.S
fn=__strchr_avx2
44 164 1 1 0 0 0 0 0 0
45 164 0 0 0 0 0 0 0 0
47 164 0 0 0 0 0 0 0 0
48 164 0 0 0 0 0 0 0 0
49 164 1 1 0 0 0 0 0 0
51 164 0 0 0 0 0 0 0 0
52 164 0 0 0 0 0 0 0 0
53 164 0 0 0 0 0 0 0 0
57 164 0 0 164 0 0 0 0 0
58 164 0 0 0 0 0 0 0 0
59 164 0 0 0 0 0 0 0 0
60 164 0 0 0 0 0 0 0 0
61 164 0 0 0 0 0 0 0 0
62 164 0 0 0 0 0 0 0 0
63 164 0 0 0 0 0 0 0 0
184 164 1 1 0 0 0 0 0 0
188 164 0 0 0 0 0 0 0 0
189 164 0 0 0 0 0 0 0 0
190 164 0 0 164 0 0 0 0 0
191 164 0 0 0 0 0 0 0 0
193 164 0 0 0 0 0 0 0 0
194 164 0 0 164 0 0 0 0 0
fn=__strchrnul_avx2
44 514 1 1 0 0 0 0 0 0
45 514 0 0 0 0 0 0 0 0
47 514 0 0 0 0 0 0 0 0
48 514 0 0 0 0 0 0 0 0
49 514 0 0 0 0 0 0 0 0
51 514 0 0 0 0 0 0 0 0
52 514 0 0 0 0 0 0 0 0
53 514 0 0 0 0 0 0 0 0
57 335 0 0 335 106 11 0 0 0
58 335 1 1 0 0 0 0 0 0
59 335 0 0 0 0 0 0 0 0
60 335 0 0 0 0 0 0 0 0
61 335 0 0 0 0 0 0 0 0
62 335 0 0 0 0 0 0 0 0
63 335 0 0 0 0 0 0 0 0
74 179 0 0 0 0 0 0 0 0
75 179 0 0 0 0 0 0 0 0
76 179 0 0 179 2 2 0 0 0
77 179 0 0 0 0 0 0 0 0
78 179 2 2 0 0 0 0 0 0
79 179 0 0 0 0 0 0 0 0
80 179 0 0 0 0 0 0 0 0
82 179 0 0 0 0 0 0 0 0
83 179 0 0 0 0 0 0 0 0
84 179 0 0 0 0 0 0 0 0
86 173 0 0 0 0 0 0 0 0
87 173 0 0 0 0 0 0 0 0
89 173 0 0 0 0 0 0 0 0
96 173 0 0 0 0 0 0 0 0
97 173 0 0 173 0 0 0 0 0
101 6 0 0 0 0 0 0 0 0
106 6 0 0 6 5 5 0 0 0
107 6 0 0 0 0 0 0 0 0
108 6 4 2 0 0 0 0 0 0
109 6 0 0 0 0 0 0 0 0
110 6 0 0 0 0 0 0 0 0
111 6 0 0 0 0 0 0 0 0
112 6 0 0 0 0 0 0 0 0
184 341 1 1 0 0 0 0 0 0
186 341 0 0 0 0 0 0 0 0
193 341 0 0 0 0 0 0 0 0
194 341 0 0 341 0 0 0 0 0
fl=/build/glibc-sMfBJT/glibc-2.31/string/../sysdeps/x86_64/multiarch/strchr.c
fn=index
38 3 0 0 0 0 0 0 0 0
40 4 1 1 2 0 0 0 0 0
49 2 0 0 1 0 0 0 0 0
fl=/build/glibc-sMfBJT/glibc-2.31/string/../sysdeps/x86_64/multiarch/strchrnul.c
fn=strchrnul
31 2 1 1 1 0 0 0 0 0
fl=/build/glibc-sMfBJT/glibc-2.31/string/../sysdeps/x86_64/multiarch/strcmp-avx2.S
fn=__strcmp_avx2
79 2 1 1 0 0 0 0 0 0
92 2 0 0 0 0 0 0 0 0
93 2 0 0 0 0 0 0 0 0
95 2 0 0 0 0 0 0 0 0
96 2 0 0 0 0 0 0 0 0
97 2 0 0 0 0 0 0 0 0
98 2 0 0 0 0 0 0 0 0
99 2 0 0 0 0 0 0 0 0
101 2 1 1 2 1 0 0 0 0
102 2 0 0 2 2 2 0 0 0
103 2 0 0 0 0 0 0 0 0
104 2 0 0 0 0 0 0 0 0
105 2 0 0 0 0 0 0 0 0
106 2 0 0 0 0 0 0 0 0
107 2 0 0 0 0 0 0 0 0
108 2 0 0 0 0 0 0 0 0
126 2 0 0 2 0 0 0 0 0
127 2 0 0 2 0 0 0 0 0
128 2 0 0 0 0 0 0 0 0
130 2 0 0 0 0 0 0 0 0
131 2 0 0 2 0 0 0 0 0
fl=/build/glibc-sMfBJT/glibc-2.31/string/../sysdeps/x86_64/multiarch/strcmp.c
fn=strcmp
39 6 0 0 0 0 0 0 0 0
41 8 0 0 4 0 0 0 0 0
53 4 2 2 2 0 0 0 0 0
fl=/build/glibc-sMfBJT/glibc-2.31/string/../sysdeps/x86_64/multiarch/strcpy.c
fn=strcpy
29 2 1 1 1 0 0 0 0 0
fl=/build/glibc-sMfBJT/glibc-2.31/string/../sysdeps/x86_64/multiarch/strcspn.c
fn=strcspn
29 2 1 1 1 0 0 0 0 0
fl=/build/glibc-sMfBJT/glibc-2.31/string/../sysdeps/x86_64/multiarch/strlen-avx2.S
fn=__strlen_avx2
42 2411141 0 0 0 0 0 0 0 0
55 2411141 0 0 0 0 0 0 0 0
56 2411141 0 0 0 0 0 0 0 0
57 2411141 0 0 0 0 0 0 0 0
60 2411141 0 0 0 0 0 0 0 0
61 2411141 0 0 0 0 0 0 0 0
62 2411141 0 0 0 0 0 0 0 0
65 4 0 0 4 2 2 0 0 0
66 4 0 0 0 0 0 0 0 0
67 4 0 0 0 0 0 0 0 0
75 4 0 0 0 0 0 0 0 0
94 2411137 1 1 0 0 0 0 0 0
95 2411137 0 0 0 0 0 0 0 0
96 2411137 0 0 2411137 105 9 0 0 0
97 2411137 0 0 0 0 0 0 0 0
99 2411137 0 0 0 0 0 0 0 0
100 2411137 0 0 0 0 0 0 0 0
101 2411137 0 0 0 0 0 0 0 0
102 2411136 0 0 0 0 0 0 0 0
108 2411136 0 0 0 0 0 0 0 0
109 2411136 0 0 0 0 0 0 0 0
110 2411136 1 1 0 0 0 0 0 0
114 2411136 0 0 0 0 0 0 0 0
115 2411136 0 0 2411136 0 0 0 0 0
131 1 0 0 0 0 0 0 0 0
141 1 0 0 1 1 1 0 0 0
142 1 0 0 0 0 0 0 0 0
143 1 0 0 0 0 0 0 0 0
144 1 0 0 0 0 0 0 0 0
335 5 1 1 0 0 0 0 0 0
336 5 0 0 0 0 0 0 0 0
337 5 0 0 0 0 0 0 0 0
341 5 0 0 0 0 0 0 0 0
342 5 0 0 5 0 0 0 0 0
fl=/build/glibc-sMfBJT/glibc-2.31/string/../sysdeps/x86_64/multiarch/strlen.c
fn=strlen
29 2 1 1 1 0 0 0 0 0
fl=/build/glibc-sMfBJT/glibc-2.31/string/../sysdeps/x86_64/multiarch/strncase.c
fn=strncasecmp
31 2 0 0 1 0 0 0 0 0
fl=/build/glibc-sMfBJT/glibc-2.31/string/../sysdeps/x86_64/multiarch/strncase_l.c
fn=strncasecmp_l
31 2 1 1 1 0 0 0 0 0
fl=/build/glibc-sMfBJT/glibc-2.31/string/../sysdeps/x86_64/multiarch/strncmp.c
fn=strncmp
39 3 0 0 0 0 0 0 0 0
41 4 0 0 2 0 0 0 0 0
54 2 1 1 1 0 0 0 0 0
fl=/build/glibc-sMfBJT/glibc-2.31/string/../sysdeps/x86_64/multiarch/strncpy.c
fn=strncpy
29 2 2 2 1 0 0 0 0 0
fl=/build/glibc-sMfBJT/glibc-2.31/string/../sysdeps/x86_64/multiarch/strnlen.c
fn=strnlen
31 4 1 1 2 0 0 0 0 0
fl=/build/glibc-sMfBJT/glibc-2.31/string/../sysdeps/x86_64/multiarch/strpbrk.c
fn=strpbrk
29 2 0 0 1 0 0 0 0 0
fl=/build/glibc-sMfBJT/glibc-2.31/string/../sysdeps/x86_64/multiarch/strrchr-avx2.S
fn=__strrchr_avx2
42 1 1 1 0 0 0 0 0 0
43 1 0 0 0 0 0 0 0 0
44 1 0 0 0 0 0 0 0 0
46 1 0 0 0 0 0 0 0 0
47 1 0 0 0 0 0 0 0 0
50 1 0 0 0 0 0 0 0 0
51 1 0 0 0 0 0 0 0 0
52 1 0 0 0 0 0 0 0 0
85 1 1 1 0 0 0 0 0 0
86 1 0 0 0 0 0 0 0 0
87 1 0 0 1 1 0 0 0 0
88 1 0 0 0 0 0 0 0 0
89 1 0 0 0 0 0 0 0 0
90 1 0 0 0 0 0 0 0 0
91 1 0 0 0 0 0 0 0 0
92 1 0 0 0 0 0 0 0 0
93 1 0 0 0 0 0 0 0 0
94 1 0 0 0 0 0 0 0 0
97 1 0 0 0 0 0 0 0 0
98 1 0 0 0 0 0 0 0 0
107 1 1 1 0 0 0 0 0 0
108 1 0 0 0 0 0 0 0 0
207 1 1 1 0 0 0 0 0 0
208 1 0 0 0 0 0 0 0 0
216 1 0 0 0 0 0 0 0 0
217 1 0 0 0 0 0 0 0 0
218 1 0 0 0 0 0 0 0 0
219 1 0 0 0 0 0 0 0 0
220 1 0 0 0 0 0 0 0 0
222 1 0 0 0 0 0 0 0 0
223 1 0 0 0 0 0 0 0 0
224 1 0 0 0 0 0 0 0 0
225 1 1 1 0 0 0 0 0 0
226 1 0 0 1 0 0 0 0 0
fl=/build/glibc-sMfBJT/glibc-2.31/string/../sysdeps/x86_64/multiarch/strrchr.c
fn=rindex
28 2 0 0 1 0 0 0 0 0
fl=/build/glibc-sMfBJT/glibc-2.31/string/../sysdeps/x86_64/multiarch/strspn.c
fn=strspn
29 2 1 1 1 0 0 0 0 0
fl=/build/glibc-sMfBJT/glibc-2.31/string/../sysdeps/x86_64/strcmp.S
fn=strcmp
111 395 1 1 0 0 0 0 0 0
144 395 0 0 0 0 0 0 0 0
145 395 0 0 0 0 0 0 0 0
147 395 0 0 0 0 0 0 0 0
148 395 0 0 0 0 0 0 0 0
169 395 1 1 0 0 0 0 0 0
170 395 0 0 0 0 0 0 0 0
171 367 0 0 0 0 0 0 0 0
172 367 0 0 0 0 0 0 0 0
173 269 0 0 269 41 29 0 0 0
174 269 0 0 269 3 3 0 0 0
175 269 0 0 269 0 0 0 0 0
176 269 0 0 269 0 0 0 0 0
197 269 0 0 0 0 0 0 0 0
198 269 0 0 0 0 0 0 0 0
199 269 0 0 0 0 0 0 0 0
200 269 0 0 0 0 0 0 0 0
201 269 0 0 0 0 0 0 0 0
202 269 0 0 0 0 0 0 0 0
203 269 0 0 0 0 0 0 0 0
208 10 0 0 0 0 0 0 0 0
209 30 0 0 0 0 0 0 0 0
218 136 1 1 0 0 0 0 0 0
219 136 0 0 0 0 0 0 0 0
220 136 0 0 0 0 0 0 0 0
221 136 0 0 0 0 0 0 0 0
222 136 0 0 0 0 0 0 0 0
223 136 0 0 0 0 0 0 0 0
224 136 0 0 0 0 0 0 0 0
225 136 0 0 0 0 0 0 0 0
226 130 0 0 0 0 0 0 0 0
227 97 0 0 0 0 0 0 0 0
228 97 0 0 0 0 0 0 0 0
229 97 0 0 0 0 0 0 0 0
231 130 0 0 0 0 0 0 0 0
232 130 0 0 0 0 0 0 0 0
233 130 1 1 0 0 0 0 0 0
234 130 0 0 130 5 2 0 0 0
235 130 0 0 0 0 0 0 0 0
236 130 0 0 0 0 0 0 0 0
246 6 0 0 6 1 0 0 0 0
247 6 0 0 0 0 0 0 0 0
248 6 0 0 0 0 0 0 0 0
250 6 0 0 6 1 1 0 0 0
256 6 0 0 0 0 0 0 0 0
257 6 0 0 0 0 0 0 0 0
258 6 0 0 0 0 0 0 0 0
259 6 0 0 0 0 0 0 0 0
260 6 0 0 0 0 0 0 0 0
265 6 0 0 0 0 0 0 0 0
267 1 0 0 0 0 0 0 0 0
268 1 1 1 0 0 0 0 0 0
269 2 0 0 0 0 0 0 0 0
277 1 0 0 1 0 0 0 0 0
278 1 0 0 1 0 0 0 0 0
281 1 0 0 0 0 0 0 0 0
282 1 0 0 0 0 0 0 0 0
283 1 0 0 0 0 0 0 0 0
284 1 0 0 0 0 0 0 0 0
285 1 0 0 0 0 0 0 0 0
286 1 0 0 0 0 0 0 0 0
317 12 1 1 0 0 0 0 0 0
318 12 0 0 12 0 0 0 0 0
319 12 0 0 12 0 0 0 0 0
320 12 0 0 0 0 0 0 0 0
321 12 1 1 0 0 0 0 0 0
323 12 0 0 0 0 0 0 0 0
324 12 0 0 0 0 0 0 0 0
325 12 0 0 0 0 0 0 0 0
326 12 0 0 0 0 0 0 0 0
327 12 0 0 0 0 0 0 0 0
328 12 0 0 0 0 0 0 0 0
329 12 0 0 0 0 0 0 0 0
330 3 0 0 3 0 0 0 0 0
333 3 0 0 0 0 0 0 0 0
334 3 0 0 0 0 0 0 0 0
335 3 0 0 0 0 0 0 0 0
341 3 0 0 0 0 0 0 0 0
342 3 0 0 0 0 0 0 0 0
343 6 1 1 0 0 0 0 0 0
347 3 0 0 0 0 0 0 0 0
348 3 0 0 0 0 0 0 0 0
351 3 0 0 3 0 0 0 0 0
352 3 0 0 3 0 0 0 0 0
353 3 0 0 0 0 0 0 0 0
356 3 0 0 0 0 0 0 0 0
357 3 0 0 0 0 0 0 0 0
358 3 0 0 0 0 0 0 0 0
364 3 0 0 0 0 0 0 0 0
365 3 0 0 0 0 0 0 0 0
366 3 1 1 0 0 0 0 0 0
367 3 0 0 0 0 0 0 0 0
368 3 0 0 0 0 0 0 0 0
369 3 0 0 0 0 0 0 0 0
447 3 1 1 0 0 0 0 0 0
448 3 0 0 3 0 0 0 0 0
449 3 0 0 3 0 0 0 0 0
450 3 0 0 0 0 0 0 0 0
451 3 1 1 0 0 0 0 0 0
453 3 0 0 0 0 0 0 0 0
454 3 0 0 0 0 0 0 0 0
455 3 0 0 0 0 0 0 0 0
456 3 0 0 0 0 0 0 0 0
457 3 0 0 0 0 0 0 0 0
458 3 0 0 0 0 0 0 0 0
459 3 0 0 0 0 0 0 0 0
460 3 0 0 3 0 0 0 0 0
463 3 0 0 0 0 0 0 0 0
464 3 0 0 0 0 0 0 0 0
465 3 0 0 0 0 0 0 0 0
471 3 0 0 0 0 0 0 0 0
472 3 0 0 0 0 0 0 0 0
473 6 1 1 0 0 0 0 0 0
477 3 0 0 0 0 0 0 0 0
478 3 0 0 0 0 0 0 0 0
481 3 0 0 3 0 0 0 0 0
482 3 0 0 3 0 0 0 0 0
483 3 0 0 0 0 0 0 0 0
486 3 0 0 0 0 0 0 0 0
487 3 0 0 0 0 0 0 0 0
488 3 0 0 0 0 0 0 0 0
494 3 0 0 0 0 0 0 0 0
495 3 0 0 0 0 0 0 0 0
496 3 1 1 0 0 0 0 0 0
497 3 0 0 0 0 0 0 0 0
498 3 0 0 0 0 0 0 0 0
499 3 0 0 0 0 0 0 0 0
506 2 0 0 0 0 0 0 0 0
507 2 0 0 0 0 0 0 0 0
509 2 0 0 0 0 0 0 0 0
510 2 0 0 0 0 0 0 0 0
512 2 0 0 2 0 0 0 0 0
513 2 0 0 2 0 0 0 0 0
514 2 0 0 0 0 0 0 0 0
517 2 0 0 0 0 0 0 0 0
518 2 0 0 0 0 0 0 0 0
519 2 0 0 0 0 0 0 0 0
525 2 0 0 0 0 0 0 0 0
526 2 1 1 0 0 0 0 0 0
527 2 0 0 0 0 0 0 0 0
528 2 0 0 0 0 0 0 0 0
529 2 0 0 0 0 0 0 0 0
530 2 0 0 0 0 0 0 0 0
821 6 1 1 0 0 0 0 0 0
822 6 0 0 6 1 0 0 0 0
823 6 0 0 6 0 0 0 0 0
824 6 0 0 0 0 0 0 0 0
825 6 1 1 0 0 0 0 0 0
827 6 0 0 0 0 0 0 0 0
828 6 0 0 0 0 0 0 0 0
829 6 0 0 0 0 0 0 0 0
830 6 0 0 0 0 0 0 0 0
831 6 0 0 0 0 0 0 0 0
832 6 0 0 0 0 0 0 0 0
833 6 0 0 0 0 0 0 0 0
834 6 0 0 6 0 0 0 0 0
838 6 0 0 0 0 0 0 0 0
839 6 0 0 0 0 0 0 0 0
840 6 0 0 0 0 0 0 0 0
846 6 0 0 0 0 0 0 0 0
847 6 0 0 0 0 0 0 0 0
848 12 1 1 0 0 0 0 0 0
852 6 0 0 0 0 0 0 0 0
853 6 0 0 0 0 0 0 0 0
856 6 0 0 6 0 0 0 0 0
857 6 0 0 6 2 2 0 0 0
858 6 0 0 0 0 0 0 0 0
861 6 0 0 0 0 0 0 0 0
862 6 0 0 0 0 0 0 0 0
863 6 0 0 0 0 0 0 0 0
869 6 0 0 0 0 0 0 0 0
870 6 0 0 0 0 0 0 0 0
871 6 1 1 0 0 0 0 0 0
872 6 0 0 0 0 0 0 0 0
873 6 0 0 0 0 0 0 0 0
874 6 0 0 0 0 0 0 0 0
946 1 1 1 0 0 0 0 0 0
947 1 0 0 1 0 0 0 0 0
948 1 0 0 1 1 1 0 0 0
949 1 0 0 0 0 0 0 0 0
950 1 1 1 0 0 0 0 0 0
952 1 0 0 0 0 0 0 0 0
953 1 0 0 0 0 0 0 0 0
954 1 0 0 0 0 0 0 0 0
955 1 0 0 0 0 0 0 0 0
956 1 0 0 0 0 0 0 0 0
957 1 0 0 0 0 0 0 0 0
958 1 0 0 0 0 0 0 0 0
959 1 0 0 1 0 0 0 0 0
963 1 0 0 0 0 0 0 0 0
964 1 0 0 0 0 0 0 0 0
965 1 0 0 0 0 0 0 0 0
971 1 0 0 0 0 0 0 0 0
972 1 0 0 0 0 0 0 0 0
973 2 1 1 0 0 0 0 0 0
977 1 0 0 0 0 0 0 0 0
978 1 0 0 0 0 0 0 0 0
981 1 0 0 1 1 1 0 0 0
982 1 0 0 1 0 0 0 0 0
983 1 0 0 0 0 0 0 0 0
986 1 0 0 0 0 0 0 0 0
987 1 0 0 0 0 0 0 0 0
988 1 0 0 0 0 0 0 0 0
994 1 0 0 0 0 0 0 0 0
995 1 0 0 0 0 0 0 0 0
996 1 1 1 0 0 0 0 0 0
997 1 0 0 0 0 0 0 0 0
998 1 0 0 0 0 0 0 0 0
999 1 0 0 0 0 0 0 0 0
1006 1 0 0 0 0 0 0 0 0
1007 1 0 0 0 0 0 0 0 0
1009 1 0 0 0 0 0 0 0 0
1010 1 0 0 0 0 0 0 0 0
1012 1 0 0 1 0 0 0 0 0
1013 1 0 0 1 0 0 0 0 0
1014 1 0 0 0 0 0 0 0 0
1017 1 0 0 0 0 0 0 0 0
1018 1 0 0 0 0 0 0 0 0
1019 1 0 0 0 0 0 0 0 0
1025 1 0 0 0 0 0 0 0 0
1026 1 1 1 0 0 0 0 0 0
1027 1 0 0 0 0 0 0 0 0
1028 1 0 0 0 0 0 0 0 0
1029 1 0 0 0 0 0 0 0 0
1030 1 0 0 0 0 0 0 0 0
1071 10 1 1 0 0 0 0 0 0
1072 10 0 0 10 0 0 0 0 0
1073 10 0 0 10 0 0 0 0 0
1074 10 0 0 0 0 0 0 0 0
1075 10 1 1 0 0 0 0 0 0
1077 10 0 0 0 0 0 0 0 0
1078 10 0 0 0 0 0 0 0 0
1079 10 0 0 0 0 0 0 0 0
1080 10 0 0 0 0 0 0 0 0
1081 10 0 0 0 0 0 0 0 0
1082 10 0 0 0 0 0 0 0 0
1083 10 0 0 0 0 0 0 0 0
1084 1 0 0 1 0 0 0 0 0
1088 1 0 0 0 0 0 0 0 0
1089 1 0 0 0 0 0 0 0 0
1090 1 0 0 0 0 0 0 0 0
1096 1 0 0 0 0 0 0 0 0
1097 1 0 0 0 0 0 0 0 0
1098 2 1 1 0 0 0 0 0 0
1102 1 0 0 0 0 0 0 0 0
1103 1 0 0 0 0 0 0 0 0
1106 1 0 0 1 0 0 0 0 0
1107 1 0 0 1 0 0 0 0 0
1108 1 0 0 0 0 0 0 0 0
1111 1 0 0 0 0 0 0 0 0
1112 1 0 0 0 0 0 0 0 0
1113 1 0 0 0 0 0 0 0 0
1119 1 0 0 0 0 0 0 0 0
1120 1 0 0 0 0 0 0 0 0
1121 1 1 1 0 0 0 0 0 0
1122 1 0 0 0 0 0 0 0 0
1123 1 0 0 0 0 0 0 0 0
1124 1 0 0 0 0 0 0 0 0
1196 6 1 1 0 0 0 0 0 0
1197 6 0 0 6 2 2 0 0 0
1198 6 0 0 6 1 1 0 0 0
1199 6 0 0 0 0 0 0 0 0
1200 6 1 1 0 0 0 0 0 0
1202 6 0 0 0 0 0 0 0 0
1203 6 0 0 0 0 0 0 0 0
1204 6 0 0 0 0 0 0 0 0
1205 6 0 0 0 0 0 0 0 0
1206 6 0 0 0 0 0 0 0 0
1207 6 0 0 0 0 0 0 0 0
1208 6 0 0 0 0 0 0 0 0
1209 3 0 0 3 0 0 0 0 0
1213 3 0 0 0 0 0 0 0 0
1214 3 0 0 0 0 0 0 0 0
1215 3 0 0 0 0 0 0 0 0
1221 3 0 0 0 0 0 0 0 0
1222 3 0 0 0 0 0 0 0 0
1223 6 1 1 0 0 0 0 0 0
1227 3 0 0 0 0 0 0 0 0
1228 3 0 0 0 0 0 0 0 0
1231 3 0 0 3 0 0 0 0 0
1232 3 0 0 3 0 0 0 0 0
1233 3 0 0 0 0 0 0 0 0
1236 3 0 0 0 0 0 0 0 0
1237 3 0 0 0 0 0 0 0 0
1238 3 0 0 0 0 0 0 0 0
1244 3 0 0 0 0 0 0 0 0
1245 3 0 0 0 0 0 0 0 0
1246 3 1 1 0 0 0 0 0 0
1247 3 0 0 0 0 0 0 0 0
1248 3 0 0 0 0 0 0 0 0
1249 3 0 0 0 0 0 0 0 0
1321 13 1 1 0 0 0 0 0 0
1322 13 0 0 13 2 2 0 0 0
1323 13 0 0 13 0 0 0 0 0
1324 13 0 0 0 0 0 0 0 0
1325 13 1 1 0 0 0 0 0 0
1327 13 0 0 0 0 0 0 0 0
1328 13 0 0 0 0 0 0 0 0
1329 13 0 0 0 0 0 0 0 0
1330 13 0 0 0 0 0 0 0 0
1331 13 0 0 0 0 0 0 0 0
1332 13 0 0 0 0 0 0 0 0
1333 13 0 0 0 0 0 0 0 0
1334 9 0 0 9 0 0 0 0 0
1338 9 0 0 0 0 0 0 0 0
1339 9 0 0 0 0 0 0 0 0
1340 9 0 0 0 0 0 0 0 0
1346 9 0 0 0 0 0 0 0 0
1347 9 0 0 0 0 0 0 0 0
1348 18 1 1 0 0 0 0 0 0
1352 9 0 0 0 0 0 0 0 0
1353 9 0 0 0 0 0 0 0 0
1356 9 0 0 9 0 0 0 0 0
1357 9 0 0 9 1 1 0 0 0
1358 9 0 0 0 0 0 0 0 0
1361 9 0 0 0 0 0 0 0 0
1362 9 0 0 0 0 0 0 0 0
1363 9 0 0 0 0 0 0 0 0
1369 9 0 0 0 0 0 0 0 0
1370 9 0 0 0 0 0 0 0 0
1371 9 1 1 0 0 0 0 0 0
1372 9 0 0 0 0 0 0 0 0
1373 9 0 0 0 0 0 0 0 0
1374 9 0 0 0 0 0 0 0 0
1446 18 1 1 0 0 0 0 0 0
1447 18 0 0 18 0 0 0 0 0
1448 18 0 0 18 0 0 0 0 0
1449 18 0 0 0 0 0 0 0 0
1450 18 1 1 0 0 0 0 0 0
1452 18 0 0 0 0 0 0 0 0
1453 18 0 0 0 0 0 0 0 0
1454 18 0 0 0 0 0 0 0 0
1455 18 0 0 0 0 0 0 0 0
1456 18 0 0 0 0 0 0 0 0
1457 18 0 0 0 0 0 0 0 0
1458 18 0 0 0 0 0 0 0 0
1571 29 1 1 0 0 0 0 0 0
1572 29 0 0 29 3 2 0 0 0
1573 29 0 0 29 2 0 0 0 0
1574 29 0 0 0 0 0 0 0 0
1575 29 1 1 0 0 0 0 0 0
1577 29 0 0 0 0 0 0 0 0
1578 29 0 0 0 0 0 0 0 0
1579 29 0 0 0 0 0 0 0 0
1580 29 0 0 0 0 0 0 0 0
1581 29 0 0 0 0 0 0 0 0
1582 29 0 0 0 0 0 0 0 0
1583 29 0 0 0 0 0 0 0 0
1584 4 0 0 4 0 0 0 0 0
1588 4 0 0 0 0 0 0 0 0
1589 4 0 0 0 0 0 0 0 0
1590 4 0 0 0 0 0 0 0 0
1596 4 0 0 0 0 0 0 0 0
1597 4 0 0 0 0 0 0 0 0
1598 8 1 1 0 0 0 0 0 0
1602 4 0 0 0 0 0 0 0 0
1603 4 0 0 0 0 0 0 0 0
1606 4 0 0 4 0 0 0 0 0
1607 4 0 0 4 1 1 0 0 0
1608 4 0 0 0 0 0 0 0 0
1611 4 0 0 0 0 0 0 0 0
1612 4 0 0 0 0 0 0 0 0
1613 4 0 0 0 0 0 0 0 0
1619 4 0 0 0 0 0 0 0 0
1620 4 0 0 0 0 0 0 0 0
1621 4 1 1 0 0 0 0 0 0
1622 4 0 0 0 0 0 0 0 0
1623 4 0 0 0 0 0 0 0 0
1624 4 0 0 0 0 0 0 0 0
1696 8 1 1 0 0 0 0 0 0
1697 8 0 0 8 1 0 0 0 0
1698 8 0 0 8 1 1 0 0 0
1699 8 0 0 0 0 0 0 0 0
1700 8 1 1 0 0 0 0 0 0
1702 8 0 0 0 0 0 0 0 0
1703 8 0 0 0 0 0 0 0 0
1704 8 0 0 0 0 0 0 0 0
1705 8 0 0 0 0 0 0 0 0
1706 8 0 0 0 0 0 0 0 0
1707 8 0 0 0 0 0 0 0 0
1708 8 0 0 0 0 0 0 0 0
1709 3 0 0 3 0 0 0 0 0
1713 3 0 0 0 0 0 0 0 0
1714 3 0 0 0 0 0 0 0 0
1715 3 0 0 0 0 0 0 0 0
1721 3 0 0 0 0 0 0 0 0
1722 3 0 0 0 0 0 0 0 0
1723 6 1 1 0 0 0 0 0 0
1727 3 0 0 0 0 0 0 0 0
1728 3 0 0 0 0 0 0 0 0
1731 3 0 0 3 2 2 0 0 0
1732 3 0 0 3 2 0 0 0 0
1733 3 0 0 0 0 0 0 0 0
1736 3 0 0 0 0 0 0 0 0
1737 3 0 0 0 0 0 0 0 0
1738 3 0 0 0 0 0 0 0 0
1744 3 0 0 0 0 0 0 0 0
1745 3 0 0 0 0 0 0 0 0
1746 3 1 1 0 0 0 0 0 0
1747 3 0 0 0 0 0 0 0 0
1748 3 0 0 0 0 0 0 0 0
1749 3 0 0 0 0 0 0 0 0
1821 5 1 1 0 0 0 0 0 0
1822 5 0 0 5 1 1 0 0 0
1823 5 0 0 5 0 0 0 0 0
1824 5 0 0 0 0 0 0 0 0
1825 5 1 1 0 0 0 0 0 0
1827 5 0 0 0 0 0 0 0 0
1828 5 0 0 0 0 0 0 0 0
1829 5 0 0 0 0 0 0 0 0
1830 5 0 0 0 0 0 0 0 0
1831 5 0 0 0 0 0 0 0 0
1832 5 0 0 0 0 0 0 0 0
1833 5 0 0 0 0 0 0 0 0
1834 2 0 0 2 0 0 0 0 0
1838 2 0 0 0 0 0 0 0 0
1839 2 0 0 0 0 0 0 0 0
1840 2 0 0 0 0 0 0 0 0
1846 2 0 0 0 0 0 0 0 0
1847 2 0 0 0 0 0 0 0 0
1848 4 1 1 0 0 0 0 0 0
1852 2 0 0 0 0 0 0 0 0
1853 2 0 0 0 0 0 0 0 0
1856 2 0 0 2 0 0 0 0 0
1857 2 0 0 2 0 0 0 0 0
1858 2 0 0 0 0 0 0 0 0
1861 2 0 0 0 0 0 0 0 0
1862 2 0 0 0 0 0 0 0 0
1863 2 0 0 0 0 0 0 0 0
1869 2 0 0 0 0 0 0 0 0
1870 2 0 0 0 0 0 0 0 0
1871 2 1 1 0 0 0 0 0 0
1872 2 0 0 0 0 0 0 0 0
1873 2 0 0 0 0 0 0 0 0
1874 2 0 0 0 0 0 0 0 0
1946 10 1 1 0 0 0 0 0 0
1947 10 0 0 10 3 2 0 0 0
1948 10 0 0 10 1 0 0 0 0
1949 10 0 0 0 0 0 0 0 0
1950 10 1 1 0 0 0 0 0 0
1952 10 0 0 0 0 0 0 0 0
1953 10 0 0 0 0 0 0 0 0
1954 10 0 0 0 0 0 0 0 0
1955 10 0 0 0 0 0 0 0 0
1956 10 0 0 0 0 0 0 0 0
1957 10 0 0 0 0 0 0 0 0
1958 10 0 0 0 0 0 0 0 0
1959 4 0 0 4 0 0 0 0 0
1963 4 0 0 0 0 0 0 0 0
1964 4 0 0 0 0 0 0 0 0
1965 4 0 0 0 0 0 0 0 0
1971 4 0 0 0 0 0 0 0 0
1972 4 0 0 0 0 0 0 0 0
1973 8 1 1 0 0 0 0 0 0
1977 4 0 0 0 0 0 0 0 0
1978 4 0 0 0 0 0 0 0 0
1981 4 0 0 4 2 2 0 0 0
1982 4 0 0 4 0 0 0 0 0
1983 4 0 0 0 0 0 0 0 0
1986 4 0 0 0 0 0 0 0 0
1987 4 0 0 0 0 0 0 0 0
1988 4 0 0 0 0 0 0 0 0
1994 4 0 0 0 0 0 0 0 0
1995 4 0 0 0 0 0 0 0 0
1996 4 1 1 0 0 0 0 0 0
1997 4 0 0 0 0 0 0 0 0
1998 4 0 0 0 0 0 0 0 0
1999 4 0 0 0 0 0 0 0 0
2071 9 1 1 0 0 0 0 0 0
2072 9 0 0 9 1 1 0 0 0
2073 9 0 0 9 3 2 0 0 0
2074 9 0 0 0 0 0 0 0 0
2075 9 1 1 0 0 0 0 0 0
2077 9 0 0 0 0 0 0 0 0
2078 9 0 0 0 0 0 0 0 0
2079 9 0 0 0 0 0 0 0 0
2080 9 0 0 0 0 0 0 0 0
2081 9 0 0 0 0 0 0 0 0
2082 9 0 0 0 0 0 0 0 0
2083 9 0 0 0 0 0 0 0 0
2085 3 0 0 3 0 0 0 0 0
2089 3 0 0 0 0 0 0 0 0
2090 3 0 0 0 0 0 0 0 0
2091 3 0 0 0 0 0 0 0 0
2097 3 0 0 0 0 0 0 0 0
2098 3 0 0 0 0 0 0 0 0
2100 6 1 1 0 0 0 0 0 0
2104 3 0 0 0 0 0 0 0 0
2105 3 0 0 0 0 0 0 0 0
2108 3 0 0 3 2 1 0 0 0
2109 3 0 0 3 1 1 0 0 0
2110 3 0 0 0 0 0 0 0 0
2113 3 0 0 0 0 0 0 0 0
2114 3 0 0 0 0 0 0 0 0
2115 3 0 0 0 0 0 0 0 0
2121 3 0 0 0 0 0 0 0 0
2122 3 0 0 0 0 0 0 0 0
2123 3 1 1 0 0 0 0 0 0
2124 3 0 0 0 0 0 0 0 0
2125 3 0 0 0 0 0 0 0 0
2126 3 0 0 0 0 0 0 0 0
2200 43 0 0 0 0 0 0 0 0
2202 136 1 1 0 0 0 0 0 0
2203 136 0 0 0 0 0 0 0 0
2204 136 0 0 0 0 0 0 0 0
2205 136 0 0 0 0 0 0 0 0
2206 194 0 0 0 0 0 0 0 0
2211 395 1 1 0 0 0 0 0 0
2217 395 0 0 395 0 0 0 0 0
2218 395 0 0 395 0 0 0 0 0
2226 395 0 0 0 0 0 0 0 0
2227 395 0 0 395 0 0 0 0 0
fl=/build/glibc-sMfBJT/glibc-2.31/string/../sysdeps/x86_64/strcspn.S
fn=strcspn
28 1 1 1 0 0 0 0 0 0
30 1 0 0 0 0 0 0 0 0
37 1 0 0 0 0 0 0 0 0
38 1 0 0 0 0 0 0 0 0
40 1 0 0 0 0 0 0 0 0
41 1 0 0 0 0 0 0 0 0
42 1 0 0 0 0 0 0 0 0
43 1 0 0 0 0 0 0 0 0
44 33 0 0 0 0 0 32 4 4
47 3 0 0 0 0 0 0 0 0
54 1 0 0 1 1 1 0 0 0
55 1 0 0 0 0 0 0 0 0
56 1 0 0 0 0 0 0 0 0
57 1 0 0 0 0 0 1 0 0
59 1 0 0 1 0 0 0 0 0
60 1 0 0 0 0 0 0 0 0
61 1 1 1 0 0 0 0 0 0
62 1 0 0 0 0 0 1 0 0
64 1 0 0 1 0 0 0 0 0
65 1 0 0 0 0 0 0 0 0
66 1 0 0 0 0 0 0 0 0
75 3 0 0 0 0 0 0 0 0
87 17 0 0 0 0 0 0 0 0
89 17 0 0 17 0 0 0 0 0
90 17 0 0 17 0 0 0 0 0
91 17 0 0 0 0 0 0 0 0
93 16 0 0 16 0 0 0 0 0
94 16 0 0 16 0 0 0 0 0
95 16 0 0 0 0 0 0 0 0
97 16 0 0 16 0 0 0 0 0
98 16 0 0 16 0 0 0 0 0
99 16 0 0 0 0 0 0 0 0
101 16 0 0 16 1 1 0 0 0
102 16 0 0 16 0 0 0 0 0
103 16 0 0 0 0 0 0 0 0
109 1 0 0 0 0 0 0 0 0
116 1 0 0 0 0 0 0 0 0
120 1 0 0 1 0 0 0 0 0
fl=/build/glibc-sMfBJT/glibc-2.31/string/strdup.c
fn=strdup
40 25 1 1 0 0 0 10 0 0
41 10 0 0 0 0 0 5 0 0
42 10 0 0 0 0 0 5 0 0
44 10 0 0 0 0 0 0 0 0
47 20 0 0 0 0 0 0 0 0
48 15 0 0 10 0 0 0 0 0
fl=/build/glibc-sMfBJT/glibc-2.31/time/../sysdeps/unix/syscall-template.S
fn=setitimer
78 10 2 2 0 0 0 0 0 0
79 2 0 0 2 0 0 0 0 0
fl=/build/glibc-sMfBJT/glibc-2.31/time/../sysdeps/unix/sysv/linux/clock.c
fn=clock
25 10 1 1 2 0 0 2 0 0
34 10 0 0 0 0 0 2 0 0
37 2 0 0 2 0 0 0 0 0
38 16 2 2 2 0 0 0 0 0
39 10 0 0 6 0 0 0 0 0
fl=/build/glibc-sMfBJT/glibc-2.31/time/../sysdeps/unix/sysv/linux/clock_gettime.c
fn=clock_gettime@@GLIBC_2.17
31 12 2 2 0 0 0 4 0 0
38 22 2 2 4 2 1 0 0 0
73 8 0 0 6 0 0 0 0 0
fl=/build/glibc-sMfBJT/glibc-2.31/time/../sysdeps/unix/sysv/linux/dl-vdso.h
fn=time
40 2 0 0 2 1 0 0 0 0
41 2 0 0 0 0 0 0 0 0
fl=/build/glibc-sMfBJT/glibc-2.31/time/../sysdeps/unix/sysv/linux/time.c
fn=time
38 3 2 2 1 0 0 0 0 0
fl=/build/glibc-sMfBJT/glibc-2.31/wcsmbs/../sysdeps/x86_64/multiarch/ifunc-avx2.h
fn=wcschr
30 10 0 0 0 0 0 0 0 0
32 6 0 0 4 0 0 0 0 0
fn=wcscmp
30 6 1 1 1 0 0 0 0 0
32 3 0 0 2 0 0 0 0 0
fn=wcslen
30 5 1 1 0 0 0 0 0 0
32 3 0 0 2 0 0 0 0 0
fn=wmemchr
30 10 1 1 0 0 0 0 0 0
32 6 0 0 4 0 0 0 0 0
fl=/build/glibc-sMfBJT/glibc-2.31/wcsmbs/../sysdeps/x86_64/multiarch/ifunc-memcmp.h
fn=wmemcmp
32 3 0 0 1 0 0 0 0 0
33 3 0 0 2 0 0 0 0 0
34 3 1 1 0 0 0 0 0 0
35 2 0 0 1 0 0 0 0 0
fl=/build/glibc-sMfBJT/glibc-2.31/wcsmbs/../sysdeps/x86_64/multiarch/ifunc-wmemset.h
fn=wmemset
30 6 0 0 0 0 0 0 0 0
32 10 1 1 4 0 0 0 0 0
34 8 0 0 0 0 0 0 0 0
35 4 0 0 0 0 0 0 0 0
fl=/build/glibc-sMfBJT/glibc-2.31/wcsmbs/../sysdeps/x86_64/multiarch/wcschr.c
fn=wcschr
31 4 1 1 2 0 0 0 0 0
fl=/build/glibc-sMfBJT/glibc-2.31/wcsmbs/../sysdeps/x86_64/multiarch/wcscmp.c
fn=wcscmp
30 1 1 1 0 0 0 0 0 0
fl=/build/glibc-sMfBJT/glibc-2.31/wcsmbs/../sysdeps/x86_64/multiarch/wcscpy.c
fn=wcscpy
37 5 0 0 2 0 0 0 0 0
43 2 0 0 1 0 0 0 0 0
fl=/build/glibc-sMfBJT/glibc-2.31/wcsmbs/../sysdeps/x86_64/multiarch/wcslen.c
fn=wcslen
29 2 1 1 1 0 0 0 0 0
fl=/build/glibc-sMfBJT/glibc-2.31/wcsmbs/../sysdeps/x86_64/multiarch/wcsnlen.c
fn=wcsnlen
38 3 0 0 0 0 0 0 0 0
40 4 0 0 2 0 0 0 0 0
49 2 2 2 1 0 0 0 0 0
fl=/build/glibc-sMfBJT/glibc-2.31/wcsmbs/../sysdeps/x86_64/multiarch/wmemchr.c
fn=wmemchr
31 4 1 1 2 0 0 0 0 0
fl=/build/glibc-sMfBJT/glibc-2.31/wcsmbs/../sysdeps/x86_64/multiarch/wmemcmp.c
fn=wmemcmp
29 2 0 0 1 0 0 0 0 0
fl=/build/glibc-sMfBJT/glibc-2.31/wcsmbs/../sysdeps/x86_64/multiarch/wmemset.c
fn=wmemset
31 6 1 1 2 0 0 0 0 0
fl=/home/ricardo/EmbeddedNet/Debug/../actions.c
fn=inference
11 13 1 1 1 0 0 7 0 0
18 16 1 1 0 0 0 6 0 0
27 8 1 1 0 0 0 1 0 0
34 4 0 0 0 0 0 1 0 0
43 11 1 1 0 0 0 3 0 0
51 7 1 1 0 0 0 1 0 0
58 4 0 0 0 0 0 1 0 0
62 15 1 1 0 0 0 6 0 0
71 8 2 1 0 0 0 1 0 0
82 36 3 2 0 0 0 16 0 0
98 36 3 3 0 0 0 17 2 2
114 36 3 3 1 0 0 16 2 2
130 36 3 3 0 0 0 17 2 2
146 36 2 2 1 0 0 16 2 0
162 36 2 2 0 0 0 17 2 0
178 36 2 2 1 0 0 16 2 0
194 36 2 2 0 0 0 17 2 0
210 36 3 3 1 0 0 16 2 0
226 36 2 2 0 0 0 17 2 0
242 36 2 2 1 0 0 16 2 0
258 36 3 3 0 0 0 17 2 0
274 36 2 2 1 0 0 16 2 0
290 36 2 2 0 0 0 17 2 0
306 36 2 2 1 0 0 16 2 0
322 36 3 3 0 0 0 17 2 0
338 16 1 1 1 0 0 6 2 0
347 8 0 0 0 0 0 1 1 0
354 4 1 1 0 0 0 1 0 0
358 3 0 0 0 0 0 1 0 0
361 6 0 0 1 1 1 1 0 0
367 3 0 0 1 0 0 1 0 0
370 2 0 0 0 0 0 0 0 0
399 7 1 1 6 1 1 0 0 0
fn=test
779 21 2 2 2 0 0 13 0 0
781 1 0 0 0 0 0 0 0 0
782 5 0 0 0 0 0 2 0 0
785 4 1 1 0 0 0 2 0 0
786 1 0 0 0 0 0 1 0 0
789 6 0 0 1 0 0 0 0 0
790 4 1 1 1 1 1 0 0 0
791 3 1 1 0 0 0 1 0 0
792 5 0 0 3 2 0 1 0 0
795 3 0 0 2 0 0 0 0 0
796 4 0 0 0 0 0 0 0 0
799 4 0 0 2 1 1 0 0 0
802 4 1 1 3 1 1 0 0 0
803 158 0 0 0 0 0 0 0 0
804 153 0 0 0 0 0 0 0 0
808 103 0 0 1 0 0 0 0 0
811 36 0 0 0 0 0 0 0 0
813 266 2 2 52 5 5 0 0 0
818 5 0 0 2 0 0 2 0 0
822 3 0 0 1 0 0 0 0 0
823 2 0 0 1 0 0 0 0 0
827 13 1 1 5 0 0 0 0 0
828 14 0 0 0 0 0 0 0 0
835 3 0 0 2 0 0 0 0 0
836 10 1 1 3 0 0 0 0 0
837 3 0 0 1 0 0 0 0 0
838 6 2 2 2 0 0 0 0 0
839 1 0 0 0 0 0 0 0 0
842 5 1 1 0 0 0 2 0 0
843 8 0 0 3 1 1 1 0 0
844 3 0 0 0 0 0 1 0 0
846 24 0 0 0 0 0 0 0 0
847 174 3 3 42 2 2 14 0 0
848 146 2 2 40 6 6 14 0 0
849 81 1 1 27 0 0 0 0 0
866 1 0 0 0 0 0 0 0 0
872 4 0 0 0 0 0 1 0 0
873 3 1 1 1 0 0 0 0 0
878 102 0 0 0 0 0 0 0 0
879 102 0 0 51 0 0 0 0 0
881 2 1 1 0 0 0 1 0 0
882 3 0 0 1 0 0 1 0 0
884 2 0 0 0 0 0 1 0 0
885 2 0 0 1 0 0 1 0 0
888 5 1 1 2 0 0 1 0 0
889 1 0 0 0 0 0 0 0 0
890 2 1 0 1 0 0 1 0 0
892 11 1 0 9 0 0 0 0 0
fl=/home/ricardo/EmbeddedNet/Debug/../blocks.c
fn=S1block
85 468 1 1 180 12 0 228 7 0
88 192 2 2 12 0 0 108 0 0
95 120 1 1 36 24 0 12 0 0
100 48 0 0 0 0 0 12 0 0
105 120 1 1 24 24 2 36 0 0
111 108 0 0 24 24 0 12 0 0
116 48 0 0 0 0 0 12 0 0
121 192 1 1 60 24 2 72 0 0
128 96 1 1 36 24 0 12 0 0
134 48 0 0 24 12 0 0 0 0
135 50 1 1 20 10 0 0 0 0
137 86 0 0 74 14 1 0 0 0
fn=S2block
21 144 9 9 56 4 0 72 3 0
23 56 0 0 8 0 0 32 0 0
30 44 1 1 12 8 2 4 0 0
35 16 0 0 0 0 0 4 0 0
40 48 1 1 12 8 4 16 0 0
46 36 0 0 12 8 2 4 0 0
51 16 0 0 0 0 0 4 0 0
56 68 1 1 16 8 0 24 0 0
63 36 1 1 8 4 0 0 0 0
67 28 0 0 24 8 2 0 0 0
fl=/home/ricardo/EmbeddedNet/Debug/../data_manip.c
fn=importTransfer
406 11 2 2 2 0 0 6 0 0
409 4 0 0 0 0 0 1 0 0
410 2 0 0 0 0 0 0 0 0
415 3 0 0 0 0 0 1 0 0
420 10 1 1 0 0 0 0 0 0
421 1 0 0 0 0 0 1 0 0
422 3 0 0 0 0 0 1 0 0
423 2 0 0 0 0 0 0 0 0
425 1 0 0 0 0 0 1 0 0
426 5 1 1 0 0 0 2 0 0
428 2 0 0 0 0 0 1 0 0
429 9 0 0 7 0 0 0 0 0
fn=import_bn
126 884 1 1 104 52 2 416 4 0
137 208 1 1 0 0 0 52 0 0
138 104 0 0 0 0 0 0 0 0
140 104 1 1 0 0 0 52 0 0
143 208 0 0 0 0 0 104 0 0
146 572 1 1 208 0 0 104 0 0
147 68848 1 1 34216 0 0 208 0 0
150 2920524 0 0 0 0 0 0 0 0
151 1255590 0 0 0 0 0 0 0 0
152 452642 0 0 0 0 0 452642 0 0
153 1357926 1 1 0 0 0 452642 0 0
155 34112 1 1 0 0 0 34112 0 0
156 102336 0 0 34112 0 0 34112 2132 2132
158 170560 0 0 0 0 0 68224 0 0
161 104 0 0 0 0 0 52 0 0
162 572 0 0 468 0 0 0 0 0
fn=import_conv2d
87 770 3 3 70 27 0 420 64 0
95 140 0 0 0 0 0 35 0 0
96 70 0 0 0 0 0 0 0 0
101 70 0 0 0 0 0 35 0 0
104 576 3 3 218 0 0 107 0 0
105 307 35 6 172 0 0 43 0 0
106 35184 1 1 26216 0 0 86 0 0
107 8545664 0 0 4268480 0 0 74 0 0
110 191780012 1 1 0 0 0 0 0 0
111 79303665 1 1 0 0 0 0 0 0
112 28560091 0 0 0 0 0 28560091 0 0
113 85680273 0 0 0 0 0 28560091 0 0
115 2125536 0 0 0 0 0 2125536 0 0
116 4251072 0 0 0 0 0 2125536 1939304 132846
117 175 0 0 0 0 0 105 1 0
118 4251072 0 0 0 0 0 2125536 0 0
123 70 0 0 0 0 0 35 0 0
124 385 0 0 315 27 0 0 0 0
fn=import_depth
212 357 1 1 34 17 2 170 30 2
220 68 1 1 0 0 0 17 0 0
221 34 0 0 0 0 0 0 0 0
226 34 0 0 0 0 0 17 0 0
229 629 2 2 255 0 0 119 0 0
230 1020 0 0 459 0 0 153 0 0
231 129519 1 1 64530 0 0 153 0 0
234 5631186 0 0 0 0 0 0 0 0
235 2398137 1 1 0 0 0 0 0 0
236 863603 0 0 0 0 0 863603 0 0
237 2590809 0 0 0 0 0 863603 0 0
239 64224 0 0 0 0 0 64224 0 0
240 128448 0 0 0 0 0 64224 4014 4014
242 128448 0 0 0 0 0 64224 0 0
246 34 0 0 0 0 0 17 0 0
247 187 1 1 153 3 0 0 0 0
fn=import_fc
249 18 1 1 2 1 0 10 1 0
253 4 0 0 0 0 0 1 0 0
254 2 1 1 0 0 0 0 0 0
259 3 0 0 0 0 0 1 0 0
262 7690 1 1 6401 0 0 4 0 0
263 12800 1 1 5120 0 0 1280 0 0
266 215070 0 0 0 0 0 0 0 0
267 92175 0 0 0 0 0 0 0 0
268 33285 1 1 0 0 0 33285 0 0
269 99855 0 0 0 0 0 33285 0 0
271 2560 1 1 0 0 0 2560 0 0
272 5120 0 0 0 0 0 2560 320 320
274 7680 0 0 0 0 0 2560 0 0
277 2 0 0 0 0 0 1 0 0
280 4 0 0 0 0 0 1 0 0
281 2 0 0 0 0 0 0 0 0
286 3 1 1 0 0 0 1 0 0
288 9 0 0 1 0 0 0 0 0
291 168 0 0 0 0 0 0 0 0
292 72 0 0 0 0 0 0 0 0
293 26 1 1 0 0 0 26 0 0
294 78 0 0 0 0 0 26 0 0
296 2 0 0 0 0 0 2 0 0
297 4 0 0 0 0 0 2 1 1
299 6 0 0 0 0 0 2 0 0
301 2 1 1 0 0 0 1 0 0
302 11 0 0 9 0 0 0 0 0
fn=import_image
22 15 1 1 2 0 0 10 0 0
26 2 0 0 0 0 0 0 0 0
33 4 0 0 0 0 0 1 0 0
34 2 0 0 0 0 0 0 0 0
39 3 1 1 0 0 0 1 0 0
42 1122 1 1 0 0 0 225 0 0
43 201152 0 0 150528 0 0 224 0 0
44 451584 0 0 150528 0 0 0 0 0
47 13523212 0 0 0 0 0 0 0 0
48 5833350 0 0 0 0 0 0 0 0
49 2094978 1 1 0 0 0 2094978 0 0
50 6284934 0 0 0 0 0 2094978 0 0
52 150528 0 0 0 0 0 150528 0 0
53 451584 0 0 150528 0 0 150528 9408 9408
55 602112 1 1 0 0 0 150528 0 0
59 3 0 0 0 0 0 2 0 0
61 4 0 0 2 0 0 0 0 0
66 4 0 0 0 0 0 1 0 0
67 2 0 0 0 0 0 0 0 0
72 3 0 0 0 0 0 1 0 0
75 17 1 1 2 0 0 0 0 0
76 1 0 0 0 0 0 1 0 0
77 4 0 0 0 0 0 2 0 0
79 1 0 0 0 0 0 1 0 0
80 6 1 1 0 0 0 2 1 0
84 2 0 0 0 0 0 1 0 0
85 11 1 1 9 1 0 0 0 0
fn=import_moving
164 884 0 0 104 0 0 468 0 0
174 208 1 1 0 0 0 52 0 0
175 104 0 0 0 0 0 0 0 0
177 104 3 3 0 0 0 52 0 0
180 156 0 0 0 0 0 52 0 0
184 676 1 1 52 0 0 208 0 0
185 102856 0 0 0 0 0 0 0 0
186 2399658 0 0 0 0 0 0 0 0
187 905284 1 1 0 0 0 452642 0 0
189 68224 0 0 0 0 0 34112 0 0
193 416 0 0 312 0 0 0 0 0
194 68848 0 0 34320 0 0 104 0 0
197 2943044 1 1 0 0 0 0 0 0
198 1249898 1 1 0 0 0 0 0 0
199 450710 0 0 0 0 0 450710 0 0
200 901420 0 0 0 0 0 450710 0 0
202 34112 0 0 0 0 0 34112 0 0
203 68224 0 0 0 0 0 34112 2132 2132
205 68224 0 0 0 0 0 34112 0 0
208 104 0 0 0 0 0 52 0 0
209 572 0 0 468 0 0 0 0 0
fl=/home/ricardo/EmbeddedNet/Debug/../layers.c
fn=S1depthwise
58 208 1 1 13 13 0 91 0 0
60 39 0 0 13 0 0 13 0 0
65 143 0 0 26 3 0 52 0 0
70 117 0 0 91 13 0 0 0 0
fn=S2depthwise
81 84 1 1 16 4 1 36 4 2
83 20 1 1 0 0 0 8 0 0
88 52 1 1 12 0 0 12 0 0
93 28 0 0 24 0 0 0 0 0
fn=batch_normalization
35 832 1 1 52 52 2 416 0 0
36 208 0 0 0 0 0 52 0 0
40 208 0 0 0 0 0 52 0 0
44 364 1 1 104 52 7 0 0 0
48 364 0 0 312 0 0 0 0 0
fn=conv2d
14 770 2 2 175 18 0 350 27 1
16 210 1 1 35 0 0 105 0 0
22 560 0 0 175 26 0 140 23 0
27 245 1 1 210 0 0 0 0 0
fn=fully_connected
95 15 1 1 1 1 0 7 1 0
97 5 0 0 0 0 0 1 0 0
102 7 1 1 0 0 0 0 0 0
108 7 0 0 6 1 0 0 0 0
fl=/home/ricardo/EmbeddedNet/Debug/../main.c
fn=main
44 15 2 2 2 0 0 8 0 0
47 10 0 0 3 2 1 0 0 0
86 9 0 0 4 1 1 0 0 0
215 5 1 1 0 0 0 1 0 0
344 6 1 1 0 0 0 1 0 0
346 2 1 1 0 0 0 1 0 0
348 1 0 0 0 0 0 1 0 0
350 2 0 0 0 0 0 0 0 0
355 1 0 0 0 0 0 0 0 0
356 12 2 2 2 0 0 2 0 0
361 6 1 1 1 0 0 2 0 0
364 2 0 0 0 0 0 1 0 0
367 19 2 2 2 0 0 1 0 0
368 4 0 0 0 0 0 1 0 0
369 4 1 1 0 0 0 1 0 0
371 6 0 0 2 0 0 1 0 0
373 1 0 0 0 0 0 1 0 0
374 4 0 0 1 0 0 0 0 0
386 12 2 2 9 2 2 0 0 0
fl=/home/ricardo/EmbeddedNet/Debug/../operations.c
fn=add_array
133 50 1 1 0 0 0 10 0 0
134 23278 1 1 10 10 0 80 0 0
135 2166 3 3 784 0 0 196 0 0
136 46060 1 1 0 0 0 0 0 0
137 226010 3 3 0 0 0 40 0 0
138 164398 0 0 108780 26972 4705 54342 0 0
141 80 0 0 70 20 0 0 0 0
fn=avgpool
144 11 0 0 2 2 0 2 0 0
145 641 1 1 0 0 0 0 0 0
149 22400 8 8 15680 15680 0 0 0 0
151 640 0 0 0 0 0 320 320 80
153 2 0 0 2 1 0 0 0 0
fn=batch_normalize
55 364 1 1 0 0 0 156 0 0
61 17992 1 1 52 0 0 17576 0 0
63 260 0 0 0 0 0 156 50 5
65 68276 1 1 17108 47 7 17004 0 0
69 2671072 3 3 1412288 12548 89 34112 0 0
70 6843904 6 6 2360048 52 6 238840 2737 1
71 55758448 10 10 13296320 6457887 1400397 7222976 6374940 1376509
72 12599328 2 2 1185632 0 0 6678112 6416681 1650146
76 104 1 1 52 0 0 0 0 0
77 364 0 0 312 52 7 0 0 0
fn=compare
191 4 0 0 1 0 0 2 0 0
195 4 0 0 2 0 0 0 0 0
196 1 0 0 0 0 0 0 0 0
197 4 0 0 0 0 0 0 0 0
201 2 0 0 2 0 0 0 0 0
fn=convolution2D
17 420 35 6 0 0 0 70 0 0
26 735 40 9 70 22 0 350 0 0
31 10955 0 0 6860 0 0 1015 0 0
32 813204 1 1 524104 6590 0 58016 0 0
33 22693664 2 2 13592992 3162 0 116032 0 0
34 4376358 0 0 0 0 0 4376323 273548 273519
35 56539336 39 9 28671076 0 0 4900 0 0
36 68940736 0 0 5175520 0 0 0 0 0
41 51009280 1 1 5175520 0 0 0 0 0
42 602823360 0 0 7566080 0 0 0 0 0
43 1672281620 12 12 557426915 11118742 5267 278713860 0 0
53 280 1 1 245 22 0 0 0 0
fn=decode
203 14 1 1 2 0 0 8 0 0
205 20 3 3 2 0 0 0 0 0
207 11 0 0 0 0 0 0 0 0
208 6 0 0 2 0 0 2 0 0
209 2 0 0 0 0 0 2 0 0
213 3 0 0 2 1 1 1 0 0
214 6 1 1 0 0 0 1 0 0
215 4 1 1 1 0 0 1 1 1
216 3 0 0 1 0 0 2 1 1
231 1 0 0 1 0 0 0 0 0
237 9 0 0 2 0 0 0 0 0
238 6 1 1 2 0 0 0 0 0
243 4 1 1 0 0 0 1 0 0
244 6 0 0 0 0 0 1 0 0
252 8 0 0 2 0 0 0 0 0
254 4 0 0 0 0 0 2 0 0
255 13 0 0 3 0 0 0 0 0
257 49 0 0 0 0 0 9 0 0
258 2 0 0 0 0 0 1 0 0
260 46 2 2 0 0 0 8 0 0
261 6 0 0 0 0 0 2 0 0
262 39 0 0 0 0 0 0 0 0
263 5 1 1 0 0 0 5 0 0
264 15 0 0 0 0 0 5 0 0
266 2 0 0 0 0 0 2 0 0
267 4 0 0 2 0 0 0 0 0
268 4 0 0 0 0 0 2 0 0
270 2 0 0 0 0 0 1 0 0
271 11 0 0 9 0 0 0 0 0
fn=depthwise_convolution
89 102 0 0 0 0 0 17 0 0
98 23059 2 2 22753 3 0 204 0 0
100 4910 1 1 2621 217 0 502 0 0
101 273266 1 1 137284 144 0 22736 0 0
102 11577328 1 1 6905472 0 0 22736 0 0
103 2302079 3 3 0 0 0 2301892 143870 143864
104 48342210 14 5 16114938 111 0 1302 0 0
105 74371584 0 0 0 0 0 0 0 0
110 80290880 0 0 0 0 0 0 0 0
111 248823968 4 2 68175696 805759 75265 19682864 0 0
115 136 0 0 119 1 0 0 0 0
fn=fully_connect
175 9 1 1 1 0 0 4 0 0
177 14 0 0 0 0 0 0 0 0
178 2 1 1 0 0 0 2 1 1
179 5132 0 0 0 0 0 0 0 0
180 15360 0 0 5120 173 0 2560 0 0
182 8 1 1 2 0 0 2 0 0
184 4 0 0 4 0 0 0 0 0
fn=loss_plot
606 7 1 1 1 0 0 4 0 0
609 4 0 0 0 0 0 1 0 0
610 2 0 0 0 0 0 0 0 0
615 2 1 1 1 0 0 0 0 0
617 2 0 0 0 0 0 0 0 0
618 3 0 0 3 0 0 0 0 0
fn=nat_log
602 4 1 1 1 0 0 2 0 0
603 1 0 0 0 0 0 0 0 0
604 1 0 0 1 0 0 0 0 0
fn=relu6
79 105 0 0 0 0 0 0 0 0
80 525 1 1 35 35 6 280 0 0
81 6965 1 1 1960 0 0 1050 0 0
82 467068 2 2 117012 6 0 0 0 0
83 18666767 2 2 58016 0 0 70 0 0
84 18358724 1 1 12212634 381620 113958 38023 0 0
85 16857224 1 1 0 0 0 2360738 0 0
87 280 0 0 245 35 1 0 0 0
fn=softmax
155 12 2 2 1 0 0 7 0 0
157 6 1 1 1 1 0 1 0 0
158 17 1 1 1 0 0 2 0 0
159 4 1 1 2 0 0 0 0 0
165 6 0 0 0 0 0 0 0 0
166 14 2 2 6 0 0 4 0 0
169 6 1 1 1 0 0 2 0 0
170 8 0 0 0 0 0 0 0 0
171 12 2 2 4 0 0 4 0 0
173 8 0 0 7 0 0 0 0 0
fl=/usr/include/x86_64-linux-gnu/bits/stdio2.h
fn=decode
107 29 1 1 4 0 0 6 0 0
fn=import_bn
36 312 1 1 0 0 0 52 0 0
fn=import_conv2d
36 245 0 0 0 0 0 35 0 0
fn=import_depth
36 119 0 0 0 0 0 17 0 0
fn=import_image
36 15 2 2 1 0 0 2 0 0
107 4 0 0 0 0 0 1 0 0
fn=import_moving
36 312 1 1 0 0 0 52 0 0
fn=inference
107 2 0 0 0 0 0 1 0 0
fn=loss_plot
100 6 0 0 0 0 0 1 0 0
fn=main
107 6 1 1 0 0 0 1 0 0
fn=test
36 8 0 0 1 0 0 1 0 0
100 360 0 0 51 0 0 51 0 0
107 59 3 3 4 0 0 13 0 0
fl=/usr/include/x86_64-linux-gnu/bits/stdlib-float.h
fn=import_bn
27 102336 0 0 0 0 0 34112 0 0
fn=import_conv2d
27 6376608 35 6 0 0 0 2125536 0 0
fn=import_depth
27 256896 1 1 0 0 0 64224 0 0
fn=import_fc
27 10248 1 1 0 0 0 2562 0 0
fn=import_image
27 752640 1 1 0 0 0 301056 0 0
fn=import_moving
27 136448 1 1 0 0 0 34112 0 0
fl=???
fn=???
0 88520822 66 64 44258046 1022 89 29 1 1
fn=__gmon_start__
0 27 2 2 8 3 1 2 0 0
fn=__libc_csu_init
0 34 2 2 8 1 0 8 0 0
fn=_start
0 12 1 1 2 0 0 3 0 0
fn=atexit
0 4 1 1 1 1 0 0 0 0
summary: 6369594192 4271 2442 1359003131 19010839 1603955 705229979 15466130 3707322
