desc: I1 cache:         65536 B, 64 B, 4-way associative
desc: D1 cache:         32768 B, 64 B, 8-way associative
desc: LL cache:         4194304 B, 64 B, 16-way associative
cmd: ./EmbeddedNet test 1
events: Ir I1mr ILmr Dr D1mr DLmr Dw D1mw DLmw 
fl=/build/glibc-sMfBJT/glibc-2.31/csu/../csu/libc-start.c
fn=(below main)
137 14 1 1 0 0 0 9 0 0
141 4 1 1 1 0 0 1 0 0
237 2 0 0 0 0 0 0 0 0
238 3 0 0 0 0 0 1 0 0
260 4 0 0 2 0 0 0 0 0
263 2 0 0 0 0 0 0 0 0
264 5 0 0 4 0 0 1 0 0
268 4 1 1 2 1 0 0 0 0
283 2 0 0 0 0 0 0 0 0
295 3 0 0 0 0 0 1 0 0
296 2 0 0 0 0 0 0 0 0
301 2 0 0 1 1 0 1 0 0
302 2 1 1 1 1 0 1 0 0
305 2 0 0 0 0 0 1 0 0
308 6 0 0 5 0 0 1 0 0
fl=/build/glibc-sMfBJT/glibc-2.31/csu/init-first.c
fn=_init
52 4 1 1 0 0 0 1 0 0
55 4 1 1 1 1 0 1 1 0
62 5 1 1 4 1 0 0 0 0
67 1 0 0 0 0 0 1 1 0
68 1 0 0 0 0 0 1 0 0
69 2 0 0 1 1 0 1 1 0
77 2 0 0 0 0 0 1 0 0
80 1 0 0 0 0 0 0 0 0
85 2 0 0 1 0 0 0 0 0
fl=/build/glibc-sMfBJT/glibc-2.31/ctype/ctype-info.c
fn=__ctype_init
29 1 1 1 0 0 0 0 0 0
31 7 1 1 5 4 0 1 1 0
33 4 0 0 2 1 0 1 0 0
35 4 1 1 2 1 0 1 0 0
36 1 0 0 1 0 0 0 0 0
fl=/build/glibc-sMfBJT/glibc-2.31/elf/../elf/dl-runtime.c
fn=_dl_fixup
66 12 2 2 0 0 0 3 0 0
68 3 0 0 3 0 0 0 0 0
69 6 0 0 6 2 0 0 0 0
72 15 0 0 6 4 0 0 0 0
73 21 0 0 6 2 0 3 0 0
75 9 1 1 6 1 0 0 0 0
80 6 0 0 0 0 0 0 0 0
84 6 0 0 3 2 0 0 0 0
86 12 1 1 3 1 0 0 0 0
88 9 0 0 3 2 0 0 0 0
92 6 0 0 6 3 0 0 0 0
93 12 0 0 3 1 0 0 0 0
101 3 0 0 0 0 0 0 0 0
102 9 0 0 3 1 0 0 0 0
112 33 1 1 6 2 0 9 0 0
116 15 0 0 9 0 0 0 0 0
126 27 0 0 9 0 0 0 0 0
133 3 0 0 3 0 0 0 0 0
141 12 1 1 3 0 0 0 0 0
145 9 0 0 3 1 0 0 0 0
149 9 0 0 6 0 0 0 0 0
fl=/build/glibc-sMfBJT/glibc-2.31/elf/../elf/dl-sysdep.c
fn=_dl_sysdep_start
89 9 2 2 0 0 0 6 0 0
90 2 0 0 1 1 1 0 0 0
91 1 0 0 0 0 0 0 0 0
113 1 0 0 0 0 0 1 0 0
114 222 1 1 72 10 10 4 3 3
117 2 0 0 0 0 0 1 1 1
118 1 0 0 0 0 0 1 0 0
120 137 6 6 36 6 6 19 1 1
121 108 1 1 17 3 3 0 0 0
124 1 1 1 1 0 0 0 0 0
127 1 0 0 1 0 0 0 0 0
130 1 1 1 1 0 0 0 0 0
131 1 0 0 0 0 0 0 0 0
133 1 0 0 1 0 0 0 0 0
134 1 0 0 0 0 0 0 0 0
154 1 1 1 1 0 0 0 0 0
155 1 0 0 0 0 0 0 0 0
157 1 0 0 1 0 0 0 0 0
158 1 0 0 0 0 0 0 0 0
160 2 2 2 1 0 0 1 0 0
161 1 0 0 0 0 0 1 0 0
166 2 0 0 1 0 0 1 0 0
167 1 0 0 0 0 0 1 0 0
182 2 0 0 1 0 0 1 0 0
183 2 0 0 0 0 0 1 0 0
223 1 1 1 0 0 0 1 0 0
234 3 0 0 1 0 0 0 0 0
235 2 1 1 0 0 0 2 0 0
237 5 0 0 0 0 0 1 0 0
249 3 0 0 1 0 0 0 0 0
252 5 0 0 1 0 0 1 0 0
253 1 0 0 1 1 0 0 0 0
254 8 1 1 7 1 0 0 0 0
fn=_dl_sysdep_start_cleanup
258 1 1 1 0 0 0 0 0 0
259 1 0 0 1 0 0 0 0 0
fl=/build/glibc-sMfBJT/glibc-2.31/elf/../elf/dl-tls.c
fn=_dl_add_to_slotinfo
887 8 1 1 0 0 0 4 0 0
893 1 0 0 1 0 0 0 0 0
896 1 0 0 1 1 0 0 0 0
897 1 0 0 0 0 0 0 0 0
901 3 0 0 1 0 0 0 0 0
942 2 1 1 0 0 0 0 0 0
944 1 0 0 0 0 0 1 1 0
945 5 0 0 1 1 0 1 0 0
947 6 0 0 5 0 0 0 0 0
fn=_dl_allocate_tls_init
437 9 1 1 0 0 0 7 0 0
438 2 0 0 0 0 0 0 0 0
442 2 0 0 1 1 0 1 0 0
444 2 0 0 0 0 0 0 0 0
445 1 0 0 0 0 0 0 0 0
448 3 0 0 2 1 0 0 0 0
460 1 0 0 1 0 0 0 0 0
465 8 1 1 2 0 0 0 0 0
471 6 1 1 0 0 0 0 0 0
474 3 0 0 1 0 0 0 0 0
475 2 0 0 0 0 0 0 0 0
481 3 0 0 2 0 0 0 0 0
482 2 1 1 0 0 0 0 0 0
484 6 0 0 3 1 0 1 0 0
487 2 0 0 0 0 0 0 0 0
488 2 0 0 1 0 0 0 0 0
491 2 0 0 0 0 0 0 0 0
492 4 1 1 2 0 0 0 0 0
494 2 0 0 0 0 0 0 0 0
495 2 0 0 1 0 0 0 0 0
504 1 0 0 0 0 0 1 0 0
507 9 0 0 2 0 0 2 0 0
521 2 0 0 1 0 0 1 0 0
524 9 0 0 8 0 0 0 0 0
fn=_dl_allocate_tls_storage
285 2 0 0 1 0 0 0 0 0
286 3 0 0 0 0 0 1 0 0
287 2 0 0 0 0 0 0 0 0
290 1 0 0 0 0 0 1 1 1
296 2 1 1 0 0 0 1 0 0
332 4 1 1 0 0 0 3 0 0
334 1 0 0 1 0 0 0 0 0
345 1 0 0 1 0 0 0 0 0
346 2 0 0 0 0 0 1 0 0
347 3 1 1 0 0 0 0 0 0
355 4 0 0 0 0 0 0 0 0
356 1 0 0 0 0 0 0 0 0
360 297 1 1 0 0 0 289 36 36
379 1 0 0 0 0 0 1 1 1
385 5 0 0 4 0 0 0 0 0
fn=_dl_count_modids
108 1 1 1 0 0 0 0 0 0
113 2 0 0 1 0 0 0 0 0
114 1 0 0 1 0 0 0 0 0
129 2 0 0 1 0 0 0 0 0
fn=_dl_determine_tlsoffset
135 6 1 1 0 0 0 5 0 0
136 2 0 0 0 0 0 0 0 0
137 1 0 0 0 0 0 0 0 0
138 1 1 1 0 0 0 0 0 0
141 3 0 0 1 0 0 0 0 0
144 2 0 0 1 0 0 0 0 0
178 1 0 0 0 0 0 0 0 0
180 10 0 0 2 0 0 0 0 0
182 3 1 1 1 0 0 0 0 0
184 3 0 0 1 0 0 0 0 0
185 2 1 1 1 0 0 0 0 0
187 2 0 0 0 0 0 0 0 0
189 5 0 0 1 0 0 0 0 0
201 6 1 1 0 0 0 0 0 0
205 8 0 0 0 0 0 0 0 0
207 2 0 0 0 0 0 0 0 0
208 2 0 0 0 0 0 0 0 0
217 1 0 0 0 0 0 1 0 0
221 3 1 1 0 0 0 1 0 0
272 1 0 0 0 0 0 1 0 0
273 6 0 0 6 0 0 0 0 0
fn=_dl_next_tls_modid
48 1 1 1 0 0 0 0 0 0
51 4 0 0 2 0 0 0 0 0
99 1 0 0 0 0 0 1 0 0
103 1 0 0 1 0 0 0 0 0
fl=/build/glibc-sMfBJT/glibc-2.31/elf/../include/scratch_buffer.h
fn=_dl_map_object_deps
77 3 0 0 0 0 0 2 1 1
78 1 1 1 0 0 0 1 0 0
85 3 1 1 2 0 0 0 0 0
131 9 0 0 0 0 0 3 0 0
fl=/build/glibc-sMfBJT/glibc-2.31/elf/../misc/sbrk.c
fn=sbrk
32 5 1 1 0 0 0 2 0 0
40 6 0 0 2 1 1 0 0 0
44 2 0 0 0 0 0 0 0 0
60 5 1 1 3 0 0 0 0 0
fl=/build/glibc-sMfBJT/glibc-2.31/elf/../sysdeps/generic/dl-cache.h
fn=_dl_load_cache_lookup
153 5 0 0 0 0 0 0 0 0
fl=/build/glibc-sMfBJT/glibc-2.31/elf/../sysdeps/generic/ldsodefs.h
fn=_dl_relocate_object
126 405 0 0 135 0 0 0 0 0
fn=do_lookup_x
126 375 0 0 125 0 0 0 0 0
fl=/build/glibc-sMfBJT/glibc-2.31/elf/../sysdeps/posix/dl-fileid.h
fn=_dl_map_object_from_fd
37 18 1 1 3 0 0 3 0 0
40 9 0 0 6 1 1 3 0 0
41 3 0 0 3 0 0 0 0 0
49 28 1 1 14 1 1 0 0 0
fl=/build/glibc-sMfBJT/glibc-2.31/elf/../sysdeps/unix/sysv/linux/dl-osinfo.h
fn=dl_main
64 2 1 1 1 0 0 0 0 0
77 1 0 0 1 0 0 0 0 0
fl=/build/glibc-sMfBJT/glibc-2.31/elf/../sysdeps/unix/sysv/linux/dl-sysdep.c
fn=_dl_discover_osversion
46 5 1 1 0 0 0 3 0 0
48 3 0 0 1 0 0 0 0 0
88 4 1 1 0 0 0 1 1 1
103 1 1 1 0 0 0 0 0 0
107 1 0 0 0 0 0 0 0 0
108 1 0 0 0 0 0 0 0 0
110 12 0 0 3 1 1 0 0 0
112 6 0 0 0 0 0 0 0 0
114 17 0 0 4 0 0 0 0 0
116 1 0 0 0 0 0 0 0 0
117 2 0 0 0 0 0 0 0 0
120 3 0 0 0 0 0 0 0 0
121 3 1 1 0 0 0 0 0 0
122 3 0 0 0 0 0 0 0 0
124 13 0 0 0 0 0 0 0 0
129 2 0 0 0 0 0 0 0 0
133 5 0 0 4 0 0 0 0 0
fn=_dl_sysdep_start
36 2 0 0 0 0 0 1 0 0
fl=/build/glibc-sMfBJT/glibc-2.31/elf/../sysdeps/unix/sysv/linux/dl-vdso-setup.h
fn=dl_main
30 5 2 2 0 0 0 3 0 0
33 1 0 0 0 0 0 1 0 0
36 1 0 0 0 0 0 1 0 0
39 1 0 0 0 0 0 1 0 0
45 1 1 1 0 0 0 1 0 0
fl=/build/glibc-sMfBJT/glibc-2.31/elf/../sysdeps/unix/sysv/linux/dl-vdso.h
fn=dl_main
40 1 1 1 1 0 0 0 0 0
41 2 1 1 0 0 0 0 0 0
55 2 0 0 0 0 0 0 0 0
fl=/build/glibc-sMfBJT/glibc-2.31/elf/../sysdeps/unix/sysv/linux/x86/cpu-features.c
fn=_dl_sysdep_start
28 6 0 0 0 0 0 0 0 0
fl=/build/glibc-sMfBJT/glibc-2.31/elf/../sysdeps/unix/sysv/linux/x86_64/brk.c
fn=brk
28 1 1 1 0 0 0 0 0 0
31 5 1 1 0 0 0 1 0 0
33 2 0 0 0 0 0 0 0 0
39 1 0 0 0 0 0 0 0 0
40 1 0 0 1 0 0 0 0 0
fl=/build/glibc-sMfBJT/glibc-2.31/elf/../sysdeps/x86/cpu-features.c
fn=_dl_sysdep_start
49 4 0 0 0 0 0 0 0 0
50 2 1 1 0 0 0 0 0 0
51 6 0 0 0 0 0 4 0 0
56 2 0 0 0 0 0 0 0 0
57 6 1 1 0 0 0 4 0 0
62 2 0 0 0 0 0 0 0 0
63 6 0 0 0 0 0 4 0 0
309 1 0 0 0 0 0 1 0 0
310 1 0 0 0 0 0 1 0 0
311 1 0 0 0 0 0 1 0 0
322 3 0 0 0 0 0 1 1 1
325 6 1 1 0 0 0 0 0 0
326 1 0 0 0 0 0 0 0 0
329 1 0 0 0 0 0 0 0 0
331 6 1 1 0 0 0 1 0 0
336 7 1 1 5 0 0 0 0 0
338 10 1 1 2 1 1 1 0 0
376 2 0 0 1 0 0 0 0 0
390 1 0 0 0 0 0 0 0 0
400 5 1 1 0 0 0 0 0 0
414 2 0 0 0 0 0 1 0 0
415 1 0 0 0 0 0 0 0 0
425 6 0 0 0 0 0 1 0 0
476 3 1 1 1 0 0 0 0 0
477 1 0 0 1 0 0 0 0 0
480 2 0 0 0 0 0 0 0 0
481 1 0 0 1 0 0 0 0 0
487 1 0 0 0 0 0 1 0 0
488 1 0 0 0 0 0 1 0 0
489 1 0 0 0 0 0 1 0 0
490 1 0 0 0 0 0 1 0 0
493 4 1 1 0 0 0 1 0 0
495 6 0 0 1 0 0 2 0 0
497 6 1 1 1 0 0 2 0 0
499 6 0 0 1 0 0 2 0 0
510 1 0 0 0 0 0 1 0 0
511 2 0 0 1 0 0 0 0 0
515 3 1 1 1 0 0 0 0 0
534 3 1 1 0 0 0 0 0 0
536 4 0 0 1 0 0 0 0 0
537 2 0 0 1 0 0 0 0 0
539 4 1 1 1 0 0 0 0 0
540 2 0 0 0 0 0 0 0 0
543 2 1 1 0 0 0 1 0 0
558 4 1 1 0 0 0 1 0 0
560 4 0 0 0 0 0 1 0 0
fn=get_common_indices.constprop.0
71 2 1 1 0 0 0 1 0 0
75 4 0 0 0 0 0 0 0 0
78 5 1 1 0 0 0 3 0 0
81 1 0 0 0 0 0 1 0 0
82 4 0 0 0 0 0 1 0 0
83 4 0 0 0 0 0 1 0 0
84 4 0 0 0 0 0 1 0 0
85 3 0 0 0 0 0 1 0 0
86 2 0 0 1 0 0 0 0 0
93 2 0 0 1 0 0 0 0 0
94 7 1 1 0 0 0 4 0 0
100 2 0 0 1 0 0 0 0 0
101 7 1 1 0 0 0 4 0 0
108 3 0 0 1 0 0 0 0 0
112 2 0 0 0 0 0 0 0 0
114 4 0 0 0 0 0 0 0 0
118 2 1 1 0 0 0 0 0 0
121 4 1 1 1 0 0 1 0 0
124 2 0 0 1 0 0 0 0 0
127 3 0 0 0 0 0 1 0 0
132 1 0 0 1 0 0 0 0 0
135 2 0 0 0 0 0 0 0 0
137 2 1 1 0 0 0 1 0 0
139 3 0 0 1 0 0 0 0 0
143 2 0 0 0 0 0 0 0 0
147 2 0 0 1 0 0 0 0 0
154 3 1 1 0 0 0 0 0 0
225 2 0 0 1 0 0 0 0 0
229 3 1 1 0 0 0 0 0 0
230 2 0 0 0 0 0 0 0 0
232 1 0 0 0 0 0 0 0 0
233 1 0 0 0 0 0 0 0 0
236 2 0 0 0 0 0 1 0 0
238 1 0 0 0 0 0 1 1 1
241 2 0 0 1 0 0 0 0 0
291 3 0 0 2 0 0 0 0 0
fl=/build/glibc-sMfBJT/glibc-2.31/elf/../sysdeps/x86/dl-cet.c
fn=_dl_cet_check
343 1 1 1 0 0 0 0 0 0
344 1 0 0 0 0 0 0 0 0
fn=dl_cet_check
97 7 1 1 0 0 0 6 0 0
99 2 0 0 0 0 0 0 0 0
100 1 0 0 1 1 0 0 0 0
102 1 0 0 0 0 0 0 0 0
103 1 0 0 0 0 0 0 0 0
106 4 0 0 0 0 0 0 0 0
107 2 0 0 0 0 0 0 0 0
112 1 0 0 1 0 0 0 0 0
117 2 1 1 0 0 0 0 0 0
326 8 1 1 7 0 0 0 0 0
fl=/build/glibc-sMfBJT/glibc-2.31/elf/../sysdeps/x86/dl-hwcap.h
fn=_dl_important_hwcaps
57 6 1 1 0 0 0 2 0 0
fl=/build/glibc-sMfBJT/glibc-2.31/elf/../sysdeps/x86/dl-procinfo.h
fn=_dl_load_cache_lookup
39 4 0 0 0 0 0 0 0 0
42 14 1 1 0 0 0 4 0 0
fl=/build/glibc-sMfBJT/glibc-2.31/elf/../sysdeps/x86/dl-prop.h
fn=_dl_process_pt_note
53 12 1 1 6 0 0 0 0 0
59 6 0 0 3 0 0 0 0 0
62 3 0 0 0 0 0 0 0 0
67 24 0 0 0 0 0 0 0 0
70 9 1 1 3 0 0 0 0 0
71 6 0 0 3 0 0 0 0 0
72 6 0 0 3 0 0 0 0 0
76 9 1 1 3 0 0 0 0 0
80 9 0 0 0 0 0 3 0 0
83 9 0 0 3 0 0 0 0 0
84 6 0 0 0 0 0 0 0 0
88 3 0 0 0 0 0 0 0 0
89 6 0 0 0 0 0 0 0 0
93 6 1 1 3 0 0 0 0 0
94 3 0 0 3 0 0 0 0 0
97 8 0 0 0 0 0 0 0 0
100 3 1 1 0 0 0 0 0 0
101 12 0 0 0 0 0 0 0 0
106 6 0 0 0 0 0 0 0 0
113 6 1 1 0 0 0 0 0 0
116 6 0 0 3 0 0 3 0 0
120 3 0 0 0 0 0 0 0 0
136 3 0 0 0 0 0 0 0 0
137 12 0 0 0 0 0 0 0 0
142 15 1 1 3 0 0 0 0 0
143 3 0 0 3 0 0 0 0 0
144 6 0 0 0 0 0 0 0 0
145 6 0 0 3 0 0 0 0 0
153 60 1 1 0 0 0 36 2 2
156 9 0 0 0 0 0 3 0 0
157 6 0 0 6 0 0 0 0 0
159 24 0 0 12 0 0 0 0 0
160 2 0 0 0 0 0 0 0 0
163 4 0 0 0 0 0 0 0 0
164 32 1 1 2 0 0 0 0 0
170 14 0 0 0 0 0 2 1 1
179 6 1 1 0 0 0 0 0 0
182 6 0 0 0 0 0 0 0 0
183 48 1 1 42 0 0 0 0 0
fn=dl_main
33 3 0 0 1 0 0 1 0 0
59 6 1 1 3 0 0 0 0 0
64 1 0 0 0 0 0 0 0 0
65 1 0 0 0 0 0 0 0 0
67 11 1 1 2 0 0 1 0 0
70 4 1 1 1 1 1 1 0 0
71 2 0 0 1 1 1 0 0 0
72 2 0 0 1 0 0 0 0 0
76 3 1 1 1 0 0 0 0 0
80 3 0 0 0 0 0 1 0 0
83 3 0 0 1 0 0 0 0 0
84 2 0 0 0 0 0 0 0 0
88 1 0 0 0 0 0 0 0 0
89 3 0 0 0 0 0 1 0 0
93 1 0 0 1 0 0 0 0 0
94 4 1 1 1 0 0 1 0 0
97 2 0 0 0 0 0 0 0 0
100 1 0 0 0 0 0 0 0 0
101 4 0 0 1 0 0 0 0 0
106 2 0 0 0 0 0 0 0 0
113 2 1 1 1 0 0 0 0 0
116 1 0 0 1 0 0 0 0 0
120 1 0 0 0 0 0 0 0 0
136 1 0 0 0 0 0 0 0 0
137 5 0 0 1 0 0 0 0 0
142 3 0 0 0 0 0 0 0 0
143 1 0 0 1 0 0 0 0 0
144 2 0 0 0 0 0 0 0 0
145 1 0 0 1 0 0 0 0 0
189 2 0 0 2 0 0 0 0 0
190 2 0 0 1 0 0 1 0 0
fl=/build/glibc-sMfBJT/glibc-2.31/elf/../sysdeps/x86_64/dl-machine.h
fn=_dl_fixup
242 3 0 0 0 0 0 3 0 0
fn=_dl_relocate_object
76 20 0 0 5 0 0 0 0 0
82 6 0 0 6 2 0 0 0 0
86 9 0 0 3 3 2 0 0 0
92 3 0 0 0 0 0 3 0 0
100 9 0 0 3 0 0 0 0 0
120 6 1 1 3 1 0 0 0 0
122 6 1 1 0 0 0 3 0 0
124 12 1 1 3 0 0 0 0 0
131 12 0 0 3 2 1 0 0 0
276 304 0 0 0 0 0 0 0 0
297 304 1 1 0 0 0 0 0 0
301 304 0 0 0 0 0 0 0 0
308 6128 10 10 1226 106 85 932 4 0
309 1240 4 4 551 1 0 0 0 0
312 426 1 1 0 0 0 0 0 0
314 25 0 0 5 0 0 0 0 0
317 10 0 0 0 0 0 0 0 0
318 15 0 0 5 0 0 0 0 0
319 10 0 0 0 0 0 0 0 0
323 5 1 1 0 0 0 5 0 0
330 15 0 0 5 0 0 5 0 0
333 946 1 1 152 4 3 0 0 0
429 54 1 1 18 0 0 0 0 0
433 72 1 1 18 1 0 0 0 0
438 54 0 0 36 2 2 0 0 0
447 54 0 0 18 0 0 18 8 8
457 402 0 0 268 17 15 134 16 12
458 134 0 0 0 0 0 0 0 0
481 15 0 0 0 0 0 5 0 0
491 12 0 0 0 0 0 4 0 0
536 3660 0 0 1220 152 152 0 0 0
541 2440 0 0 0 0 0 0 0 0
542 3660 0 0 1220 153 153 1220 233 229
552 152 0 0 76 0 0 0 0 0
556 40 0 0 0 0 0 0 0 0
559 60 0 0 20 0 0 0 0 0
560 20 0 0 20 6 5 0 0 0
577 112 0 0 112 1 1 0 0 0
579 56 0 0 0 0 0 56 0 0
580 56 0 0 0 0 0 56 3 3
fn=_dl_start
59 3 0 0 1 1 1 0 0 0
301 27 0 0 0 0 0 0 0 0
309 90 1 1 36 8 8 0 0 0
312 18 0 0 0 0 0 0 0 0
333 63 0 0 0 0 0 0 0 0
353 18 1 1 9 2 2 9 2 2
354 9 0 0 0 0 0 0 0 0
421 1 0 0 0 0 0 0 0 0
541 84 0 0 42 5 5 0 0 0
542 126 1 1 42 5 5 42 25 25
fl=/build/glibc-sMfBJT/glibc-2.31/elf/../sysdeps/x86_64/dl-trampoline.h
fn=_dl_runtime_resolve_xsave
67 3 1 1 0 0 0 0 0 0
72 3 0 0 0 0 0 3 0 0
75 3 0 0 0 0 0 0 0 0
77 3 0 0 0 0 0 0 0 0
87 3 0 0 3 1 0 0 0 0
93 3 0 0 0 0 0 3 1 0
94 3 0 0 0 0 0 3 0 0
95 3 1 1 0 0 0 3 0 0
96 3 0 0 0 0 0 3 0 0
97 3 0 0 0 0 0 3 0 0
98 3 0 0 0 0 0 3 0 0
99 3 0 0 0 0 0 3 0 0
103 3 0 0 0 0 0 0 0 0
104 3 0 0 0 0 0 0 0 0
107 3 0 0 0 0 0 3 2 1
108 3 0 0 0 0 0 3 0 0
110 3 0 0 0 0 0 3 0 0
111 3 0 0 0 0 0 3 0 0
112 3 1 1 0 0 0 3 0 0
113 3 0 0 0 0 0 3 0 0
114 3 0 0 0 0 0 3 0 0
115 3 0 0 0 0 0 3 0 0
117 3 0 0 3 0 0 99 14 1
124 3 0 0 3 0 0 0 0 0
125 3 0 0 3 0 0 0 0 0
126 3 0 0 0 0 0 3 1 0
127 3 0 0 0 0 0 0 0 0
132 3 0 0 0 0 0 0 0 0
133 3 0 0 0 0 0 0 0 0
134 3 0 0 108 0 0 0 0 0
136 3 1 1 3 0 0 0 0 0
137 3 0 0 3 0 0 0 0 0
138 3 0 0 3 0 0 0 0 0
139 3 0 0 3 0 0 0 0 0
140 3 0 0 3 0 0 0 0 0
141 3 0 0 3 0 0 0 0 0
142 3 0 0 3 0 0 0 0 0
144 3 0 0 0 0 0 0 0 0
146 3 0 0 3 0 0 0 0 0
150 3 0 0 0 0 0 0 0 0
153 3 0 0 0 0 0 0 0 0
fl=/build/glibc-sMfBJT/glibc-2.31/elf/./dl-load.h
fn=_dl_map_object_from_fd
90 24 0 0 0 0 0 0 0 0
91 9 0 0 6 0 0 3 0 0
93 24 1 1 12 0 0 0 0 0
94 10 1 1 6 0 0 0 0 0
95 12 1 1 4 0 0 0 0 0
96 8 0 0 2 0 0 0 0 0
98 8 0 0 0 0 0 2 0 0
fl=/build/glibc-sMfBJT/glibc-2.31/elf/./dl-map-segments.h
fn=_dl_map_object_from_fd
50 6 0 0 3 0 0 0 0 0
56 24 0 0 9 0 0 6 0 0
60 6 0 0 0 0 0 0 0 0
63 9 1 1 3 0 0 3 0 0
64 6 0 0 0 0 0 3 0 0
66 6 0 0 3 0 0 0 0 0
80 3 1 1 3 0 0 0 0 0
82 3 0 0 3 0 0 0 0 0
90 60 0 0 12 0 0 0 0 0
92 45 0 0 27 0 0 0 0 0
94 90 1 1 27 0 0 9 0 0
104 48 0 0 24 0 0 0 0 0
110 6 0 0 3 0 0 0 0 0
111 3 0 0 0 0 0 0 0 0
112 9 0 0 3 0 0 0 0 0
113 6 0 0 0 0 0 0 0 0
115 6 0 0 0 0 0 0 0 0
120 6 1 1 0 0 0 0 0 0
123 6 0 0 0 0 0 0 0 0
131 21 0 0 0 0 0 9 0 0
132 6 0 0 6 0 0 0 0 0
137 6 0 0 0 0 0 0 0 0
141 8 0 0 0 0 0 1 0 0
144 2 0 0 0 0 0 0 0 0
149 12 1 1 0 0 0 0 0 0
fl=/build/glibc-sMfBJT/glibc-2.31/elf/./setup-vdso.h
fn=dl_main
24 2 0 0 1 0 0 0 0 0
fl=/build/glibc-sMfBJT/glibc-2.31/elf/dl-addr.c
fn=_dl_addr
30 4 0 0 2 0 0 1 0 0
34 2 0 0 1 0 0 0 0 0
38 1 0 0 1 0 0 0 0 0
39 1 0 0 1 0 0 0 0 0
40 3 0 0 2 0 0 1 0 0
42 3 1 1 2 1 0 1 0 0
44 4 0 0 0 0 0 0 0 0
45 3 0 0 1 1 0 0 0 0
49 4048 0 0 2 0 0 0 0 0
51 1011 1 1 1011 55 14 0 0 0
52 2022 0 0 0 0 0 0 0 0
54 2757 0 0 919 0 0 0 0 0
60 7074 2 2 0 0 0 0 0 0
61 14148 0 0 2358 508 460 0 0 0
63 7043 0 0 0 0 0 0 0 0
64 9308 0 0 2327 0 0 0 0 0
65 16996 1 1 5320 363 319 0 0 0
70 7074 0 0 2358 133 70 0 0 0
100 2 0 0 0 0 0 0 0 0
101 1 0 0 0 0 0 1 1 0
102 3 0 0 1 1 0 0 0 0
105 2 1 1 0 0 0 0 0 0
117 3 1 1 0 0 0 1 0 0
126 12 1 1 0 0 0 7 0 0
128 1 0 0 0 0 0 0 0 0
131 3 0 0 2 2 0 1 0 0
133 2 0 0 0 0 0 1 0 0
135 2 1 1 0 0 0 0 0 0
138 1 0 0 0 0 0 0 0 0
141 2 0 0 1 1 0 1 0 0
144 9 1 1 7 1 0 0 0 0
fl=/build/glibc-sMfBJT/glibc-2.31/elf/dl-cache.c
fn=_dl_cache_libcmp
141 23 1 1 0 0 0 0 0 0
142 288 0 0 46 19 19 0 0 0
144 472 0 0 0 0 0 0 0 0
146 6 0 0 0 0 0 0 0 0
152 9 0 0 0 0 0 0 0 0
153 9 0 0 0 0 0 0 0 0
154 12 1 1 3 0 0 0 0 0
156 12 0 0 3 0 0 0 0 0
158 6 0 0 0 0 0 0 0 0
164 230 0 0 0 0 0 0 0 0
166 230 0 0 0 0 0 0 0 0
167 40 0 0 20 0 0 0 0 0
170 95 0 0 0 0 0 0 0 0
171 285 1 1 190 3 3 0 0 0
174 9 0 0 3 0 0 0 0 0
fn=_dl_load_cache_lookup
187 20 2 2 0 0 0 12 0 0
195 4 0 0 2 0 0 0 0 0
198 6 0 0 2 0 0 0 0 0
201 5 1 1 0 0 0 1 1 1
209 5 0 0 1 0 0 0 0 0
210 8 1 1 3 1 1 0 0 0
213 1 0 0 1 0 0 0 0 0
218 1 1 1 0 0 0 1 0 0
219 2 1 1 0 0 0 1 0 0
264 3 0 0 1 0 0 0 0 0
270 10 1 1 2 0 0 2 0 0
279 2 0 0 0 0 0 0 0 0
281 2 0 0 2 0 0 0 0 0
285 12 1 1 2 0 0 4 0 0
293 12 0 0 6 0 0 4 0 0
294 6 0 0 2 0 0 0 0 0
308 465 6 6 91 17 17 32 0 0
320 14 1 1 4 0 0 0 0 0
324 4 1 1 2 0 0 0 0 0
328 4 0 0 0 0 0 0 0 0
336 38 2 2 2 0 0 2 0 0
337 8 0 0 0 0 0 2 0 0
338 2 1 1 0 0 0 2 0 0
339 16 0 0 14 0 0 0 0 0
fn=_dl_unload_cache
348 2 1 1 0 0 0 0 0 0
349 4 0 0 1 1 0 0 0 0
351 2 0 0 1 0 0 1 0 0
352 1 0 0 0 0 0 1 0 0
354 2 0 0 1 0 0 0 0 0
fl=/build/glibc-sMfBJT/glibc-2.31/elf/dl-debug.c
fn=_dl_debug_initialize
46 5 1 1 0 0 0 0 0 0
49 10 0 0 0 0 0 0 0 0
50 5 1 1 5 0 0 0 0 0
54 18 0 0 5 2 1 0 0 0
57 1 0 0 0 0 0 1 0 0
58 7 0 0 4 0 0 1 0 0
59 5 1 1 1 0 0 1 0 0
60 2 0 0 0 0 0 1 0 0
64 1 0 0 1 0 0 0 0 0
fn=_dl_debug_state
73 2 0 0 0 0 0 0 0 0
74 2 0 0 2 0 0 0 0 0
fl=/build/glibc-sMfBJT/glibc-2.31/elf/dl-deps.c
fn=_dl_map_object_deps
144 3 0 0 0 0 0 2 0 0
145 6 0 0 1 0 0 2 1 1
146 8 1 1 0 0 0 1 0 0
148 3 0 0 0 0 0 1 0 0
152 9 1 1 2 0 0 3 1 1
159 12 2 2 0 0 0 9 1 1
160 21 2 2 1 1 1 0 0 0
176 10 1 1 1 0 0 1 0 0
177 1 0 0 1 0 0 0 0 0
180 1 0 0 0 0 0 1 0 0
198 2 0 0 1 0 0 1 0 0
199 3 0 0 1 0 0 1 0 0
200 2 0 0 0 0 0 2 0 0
202 13 0 0 8 0 0 0 0 0
206 5 0 0 0 0 0 0 0 0
209 5 0 0 0 0 0 5 0 0
213 20 1 1 5 0 0 5 0 0
214 32 2 2 14 0 0 0 0 0
217 9 0 0 0 0 0 0 0 0
221 9 1 1 3 0 0 3 0 0
224 18 0 0 9 2 2 0 0 0
226 9 1 1 6 0 0 3 0 0
231 3 0 0 0 0 0 3 0 0
232 3 0 0 0 0 0 3 0 0
233 6 0 0 3 0 0 3 0 0
234 6 0 0 3 0 0 3 0 0
237 342 2 2 90 0 0 3 0 0
238 165 0 0 0 0 0 0 0 0
244 45 2 2 10 0 0 5 0 0
246 5 0 0 0 0 0 5 0 0
248 20 2 2 10 0 0 5 0 0
249 10 0 0 5 0 0 0 0 0
258 5 0 0 5 0 0 0 0 0
260 10 0 0 5 0 0 0 0 0
265 21 1 1 3 0 0 0 0 0
268 3 0 0 0 0 0 3 0 0
269 3 0 0 0 0 0 3 0 0
270 3 1 1 0 0 0 3 0 0
271 6 0 0 3 0 0 3 0 0
273 3 0 0 3 0 0 0 0 0
275 15 0 0 3 0 0 6 0 0
279 15 0 0 5 0 0 0 0 0
280 9 0 0 0 0 0 3 0 0
282 228 0 0 0 0 0 0 0 0
287 1 0 0 0 0 0 1 0 0
303 12 0 0 0 0 0 6 0 0
380 8 1 1 0 0 0 4 0 0
433 15 1 1 5 0 0 0 0 0
435 9 0 0 0 0 0 3 1 1
438 12 0 0 0 0 0 3 0 0
439 6 0 0 0 0 0 0 0 0
445 3 0 0 0 0 0 3 1 1
446 15 0 0 3 0 0 3 0 0
447 15 0 0 0 0 0 3 0 0
450 3 0 0 0 0 0 3 0 0
451 3 0 0 3 0 0 0 0 0
455 20 1 1 10 0 0 0 0 0
457 5 1 1 5 0 0 0 0 0
458 22 0 0 4 0 0 0 0 0
464 6 0 0 2 0 0 0 0 0
465 1 0 0 0 0 0 1 0 0
468 5 1 1 2 0 0 1 0 0
479 5 0 0 1 0 0 1 0 0
481 2 1 1 0 0 0 0 0 0
486 6 0 0 3 0 0 1 0 0
487 1 0 0 0 0 0 1 0 0
489 19 0 0 5 0 0 0 0 0
491 5 1 1 5 0 0 0 0 0
495 15 0 0 0 0 0 5 1 1
499 10 0 0 10 0 0 0 0 0
502 2 0 0 1 0 0 0 0 0
553 3 0 0 2 0 0 0 0 0
554 1 0 0 0 0 0 0 0 0
555 3 1 1 1 0 0 0 0 0
590 5 1 1 0 0 0 1 0 0
594 5 1 1 0 0 0 1 0 0
597 1 0 0 0 0 0 1 0 0
599 2 0 0 1 0 0 1 0 0
600 1 0 0 1 0 0 0 0 0
601 2 0 0 0 0 0 0 0 0
608 3 0 0 1 0 0 0 0 0
611 3 0 0 1 0 0 0 0 0
614 8 0 0 7 0 0 0 0 0
fn=openaux
61 15 1 1 0 0 0 5 0 0
64 55 0 0 20 0 0 10 0 0
65 5 0 0 5 0 0 0 0 0
68 5 0 0 5 0 0 0 0 0
69 10 0 0 10 0 0 0 0 0
fl=/build/glibc-sMfBJT/glibc-2.31/elf/dl-environ.c
fn=_dl_next_ld_env_entry
28 3 1 1 0 0 0 0 0 0
29 3 0 0 3 0 0 0 0 0
32 214 0 0 71 0 0 0 0 0
34 140 1 1 70 0 0 0 0 0
35 40 0 0 20 0 0 0 0 0
37 2 0 0 0 0 0 0 0 0
40 4 0 0 0 0 0 2 0 0
42 2 0 0 2 0 0 0 0 0
45 68 0 0 0 0 0 0 0 0
49 1 0 0 1 0 0 0 0 0
fl=/build/glibc-sMfBJT/glibc-2.31/elf/dl-error-skeleton.c
fn=_dl_catch_error
225 10 2 2 0 0 0 3 0 0
227 2 0 0 0 0 0 1 0 0
228 2 0 0 1 0 0 1 0 0
229 2 0 0 1 0 0 1 0 0
230 2 0 0 1 0 0 1 0 0
232 5 0 0 4 0 0 0 0 0
fn=_dl_catch_exception
175 48 1 1 6 0 0 30 3 3
178 12 0 0 0 0 0 0 0 0
199 6 0 0 0 0 0 6 0 0
200 12 1 1 0 0 0 6 0 0
203 12 0 0 0 0 0 6 0 0
206 42 0 0 0 0 0 6 1 1
208 18 0 0 12 0 0 6 0 0
209 12 0 0 6 0 0 6 0 0
210 24 1 1 6 0 0 12 0 0
219 24 0 0 12 0 0 0 0 0
fn=_dl_receive_error
238 6 1 1 0 0 0 2 0 0
239 1 0 0 1 0 0 0 0 0
240 1 0 0 1 0 0 0 0 0
243 1 0 0 0 0 0 1 0 0
244 1 0 0 0 0 0 1 0 0
246 1 0 0 0 0 0 1 0 0
248 1 0 0 0 0 0 1 0 0
249 1 0 0 0 0 0 1 0 0
250 4 1 1 3 0 0 0 0 0
fl=/build/glibc-sMfBJT/glibc-2.31/elf/dl-hwcaps.c
fn=_dl_important_hwcaps
42 14 1 1 0 0 0 10 2 2
43 8 1 1 1 0 0 3 0 0
45 2 0 0 1 0 0 1 0 0
46 3 1 1 0 0 0 0 0 0
55 17 1 1 0 0 0 0 0 0
56 8 0 0 2 0 0 2 1 1
57 1 0 0 0 0 0 0 0 0
65 3 0 0 1 0 0 0 0 0
148 19 2 2 1 0 0 0 0 0
149 1 0 0 0 0 0 0 0 0
185 12 2 2 1 0 0 0 0 0
186 10 0 0 2 0 0 2 1 1
188 1 0 0 0 0 0 1 1 1
189 2 0 0 0 0 0 2 0 0
190 13 0 0 1 0 0 1 0 0
193 3 1 1 1 0 0 0 0 0
195 1 0 0 0 0 0 1 0 0
196 2 0 0 1 0 0 1 0 0
197 4 0 0 0 0 0 0 0 0
200 2 1 1 0 0 0 1 0 0
201 1 0 0 0 0 0 1 0 0
204 2 0 0 0 0 0 0 0 0
207 5 0 0 1 0 0 1 0 0
211 7 1 1 1 0 0 2 0 0
212 2 0 0 0 0 0 0 0 0
214 2 0 0 0 0 0 0 0 0
215 8 1 1 0 0 0 0 0 0
216 3 1 1 1 0 0 0 0 0
217 4 1 1 0 0 0 0 0 0
224 2 1 1 0 0 0 0 0 0
230 11 1 1 1 0 0 5 1 1
231 5 0 0 0 0 0 1 0 0
232 5 0 0 2 0 0 0 0 0
263 10 1 1 0 0 0 3 1 1
266 4 0 0 0 0 0 2 0 0
273 3 0 0 2 0 0 0 0 0
276 2 0 0 0 0 0 0 0 0
279 12 0 0 4 0 0 4 0 0
282 11 0 0 3 0 0 0 0 0
283 21 2 2 1 0 0 4 0 0
284 7 0 0 2 0 0 2 0 0
287 10 1 1 2 0 0 4 0 0
289 6 0 0 2 0 0 0 0 0
294 28 1 1 2 0 0 0 0 0
295 24 0 0 0 0 0 8 1 1
299 21 0 0 0 0 0 0 0 0
302 24 0 0 0 0 0 0 0 0
303 96 1 1 0 0 0 0 0 0
304 48 0 0 24 0 0 12 0 0
306 9 0 0 0 0 0 0 0 0
309 3 0 0 1 0 0 0 0 0
310 2 0 0 0 0 0 0 0 0
311 19 2 2 2 0 0 0 0 0
313 6 0 0 0 0 0 0 0 0
314 2 0 0 2 0 0 0 0 0
316 1 0 0 1 0 0 0 0 0
317 4 0 0 0 0 0 2 0 0
324 18 1 1 6 0 0 4 0 0
325 4 0 0 0 0 0 0 0 0
327 8 0 0 0 0 0 0 0 0
330 3 0 0 2 0 0 1 0 0
333 9 1 1 7 0 0 0 0 0
fl=/build/glibc-sMfBJT/glibc-2.31/elf/dl-init.c
fn=_dl_init
30 29 3 3 6 5 0 5 0 0
79 12 1 1 0 0 0 6 0 0
80 1 0 0 1 1 0 0 0 0
81 1 0 0 1 0 0 0 0 0
84 3 1 1 1 0 0 0 0 0
87 2 0 0 0 0 0 1 1 0
92 2 0 0 0 0 0 0 0 0
117 1 0 0 1 1 0 0 0 0
118 20 0 0 0 0 0 0 0 0
119 10 0 0 10 2 0 0 0 0
125 8 0 0 7 0 0 0 0 0
fn=call_init.part.0
28 45 1 1 0 0 0 25 0 0
36 15 1 1 5 0 0 5 0 0
39 20 0 0 10 7 0 0 0 0
40 3 1 1 0 0 0 0 0 0
44 12 0 0 4 4 0 0 0 0
45 3 0 0 1 1 0 0 0 0
49 6 0 0 3 1 0 0 0 0
58 21 1 1 9 6 0 3 0 0
62 6 0 0 0 0 0 0 0 0
68 9 0 0 6 3 0 0 0 0
70 6 0 0 6 2 0 0 0 0
71 27 0 0 0 0 0 0 0 0
72 16 1 1 4 3 0 4 0 0
74 30 0 0 30 1 0 0 0 0
fl=/build/glibc-sMfBJT/glibc-2.31/elf/dl-load.c
fn=_dl_dst_count
231 30 1 1 0 0 0 25 1 1
234 10 0 0 0 0 0 5 0 0
237 10 0 0 0 0 0 0 0 0
238 5 0 0 0 0 0 0 0 0
257 35 1 1 30 0 0 0 0 0
fn=_dl_init_paths
681 10 1 1 0 0 0 7 0 0
694 6 1 1 2 0 0 2 0 0
698 1 0 0 0 0 0 1 0 0
699 2 0 0 0 0 0 1 0 0
700 2 0 0 0 0 0 0 0 0
707 5 0 0 0 0 0 0 0 0
708 4 1 1 1 0 0 1 0 0
711 6 0 0 0 0 0 2 0 0
713 2 0 0 0 0 0 0 0 0
719 1 1 1 0 0 0 1 0 0
720 1 0 0 0 0 0 1 0 0
728 11 1 1 0 0 0 3 0 0
730 8 1 1 0 0 0 4 2 2
731 4 0 0 0 0 0 4 1 1
733 5 0 0 0 0 0 4 0 0
734 7 0 0 3 1 1 4 1 1
735 7 1 1 0 0 0 0 0 0
738 6 0 0 3 1 1 0 0 0
739 24 0 0 4 0 0 4 0 0
742 26 0 0 6 0 0 6 0 0
748 1 0 0 0 0 0 1 0 0
749 1 0 0 0 0 0 1 0 0
753 1 0 0 1 0 0 0 0 0
754 2 0 0 0 0 0 0 0 0
756 4 1 1 1 0 0 0 0 0
758 3 0 0 1 0 0 0 0 0
775 1 1 1 0 0 0 1 0 0
777 3 1 1 1 0 0 0 0 0
791 2 1 1 0 0 0 1 0 0
796 5 0 0 2 0 0 0 0 0
798 24 2 2 2 0 0 2 0 0
802 2 0 0 0 0 0 0 0 0
803 61 1 1 15 0 0 0 0 0
804 56 0 0 0 0 0 0 0 0
807 1 1 1 0 0 0 1 0 0
808 2 0 0 0 0 0 1 0 0
809 2 0 0 0 0 0 0 0 0
815 6 0 0 0 0 0 1 0 0
818 3 0 0 2 0 0 0 0 0
824 1 0 0 0 0 0 1 0 0
828 8 0 0 7 0 0 0 0 0
fn=_dl_map_object
659 18 1 1 6 0 0 0 0 0
1927 60 1 1 0 0 0 48 4 4
1929 3 0 0 0 0 0 3 0 0
1935 12 1 1 0 0 0 0 0 0
1936 24 0 0 6 1 1 0 0 0
1939 93 0 0 21 0 0 0 0 0
1944 126 1 1 18 0 0 0 0 0
1946 90 0 0 0 0 0 18 1 1
1950 30 0 0 15 0 0 0 0 0
1951 45 1 1 15 0 0 0 0 0
1954 6 0 0 6 0 0 0 0 0
1955 12 0 0 12 0 0 0 0 0
1956 24 0 0 0 0 0 6 0 0
1972 18 1 1 3 0 0 3 1 1
1982 9 0 0 3 0 0 0 0 0
2016 3 0 0 0 0 0 3 1 1
2018 15 1 1 0 0 0 3 0 0
2022 8 2 2 0 0 0 4 0 0
2024 4 0 0 2 0 0 0 0 0
2031 8 0 0 2 0 0 0 0 0
2035 10 1 1 4 0 0 6 0 0
2040 6 1 1 2 0 0 0 0 0
2041 2 0 0 0 0 0 0 0 0
2043 8 0 0 0 0 0 2 0 0
2055 8 2 2 6 0 0 0 0 0
2056 16 0 0 4 0 0 2 0 0
2057 2 0 0 0 0 0 0 0 0
2066 4 1 1 2 0 0 0 0 0
2067 30 1 1 2 0 0 8 0 0
2073 10 0 0 0 0 0 0 0 0
2074 2 1 1 0 0 0 0 0 0
2082 2 1 1 0 0 0 2 0 0
2096 4 0 0 0 0 0 0 0 0
2098 6 1 1 2 0 0 0 0 0
2102 6 0 0 0 0 0 2 0 0
2104 4 0 0 0 0 0 0 0 0
2108 4 0 0 0 0 0 0 0 0
2116 6 0 0 2 0 0 0 0 0
2139 14 1 1 0 0 0 4 0 0
2143 6 0 0 2 0 0 0 0 0
2144 4 0 0 0 0 0 2 0 0
2161 4 1 1 2 0 0 0 0 0
2167 1 0 0 0 0 0 1 1 1
2168 4 0 0 0 0 0 1 0 0
2169 2 0 0 0 0 0 0 0 0
2170 3 0 0 0 0 0 0 0 0
2174 5 1 1 0 0 0 1 0 0
2177 2 0 0 0 0 0 0 0 0
2189 12 0 0 3 0 0 0 0 0
2191 8 0 0 0 0 0 0 0 0
2235 6 0 0 3 0 0 3 0 0
2236 45 1 1 9 0 0 15 0 0
2238 54 0 0 42 0 0 0 0 0
fn=_dl_map_object_from_fd
866 42 1 1 0 0 0 33 2 2
876 12 1 1 3 0 0 6 1 1
877 3 0 0 0 0 0 3 0 0
883 12 0 0 3 0 0 3 0 0
901 48 1 1 15 0 0 0 0 0
902 18 1 1 9 0 0 0 0 0
920 6 1 1 3 0 0 0 0 0
944 12 1 1 3 0 0 3 0 0
954 6 0 0 3 0 0 0 0 0
961 12 0 0 6 0 0 0 0 0
994 6 0 0 0 0 0 0 0 0
997 24 1 1 15 0 0 3 0 0
998 6 0 0 0 0 0 0 0 0
1009 9 0 0 6 0 0 3 2 2
1010 12 0 0 6 0 0 6 0 0
1011 6 0 0 3 0 0 3 0 0
1013 9 0 0 0 0 0 0 0 0
1014 12 0 0 6 0 0 0 0 0
1015 3 1 1 0 0 0 0 0 0
1018 17 3 3 1 0 0 0 0 0
1019 6 0 0 1 0 0 1 1 1
1030 6 0 0 0 0 0 3 0 0
1032 3 1 1 0 0 0 3 0 0
1034 63 1 1 6 0 0 6 0 0
1035 3 0 0 0 0 0 0 0 0
1036 3 0 0 0 0 0 3 0 0
1042 231 1 1 0 0 0 0 0 0
1043 318 2 2 60 6 6 0 0 0
1049 6 1 1 3 0 0 0 0 0
1054 6 0 0 3 0 0 3 0 0
1055 12 0 0 3 0 0 3 0 0
1060 2 0 0 1 0 0 1 0 0
1061 1 0 0 0 0 0 0 0 0
1066 60 2 2 24 0 0 0 0 0
1071 84 0 0 24 0 0 0 0 0
1079 36 0 0 0 0 0 0 0 0
1080 72 0 0 12 0 0 12 4 4
1081 120 1 1 24 0 0 12 0 0
1082 24 0 0 12 0 0 12 2 2
1084 24 0 0 0 0 0 12 2 2
1088 24 1 1 0 0 0 0 0 0
1089 54 0 0 27 0 0 9 0 0
1093 24 0 0 0 0 0 0 0 0
1094 96 1 1 24 0 0 12 0 0
1107 3 0 0 1 0 0 0 0 0
1111 1 0 0 0 0 0 1 1 1
1112 2 1 1 1 0 0 1 0 0
1113 1 0 0 1 0 0 0 0 0
1116 5 0 0 0 0 0 1 0 0
1117 2 0 0 1 0 0 1 0 0
1120 1 0 0 0 0 0 1 0 0
1125 4 1 1 1 0 0 0 0 0
1132 12 0 0 3 0 0 3 0 0
1140 6 1 1 3 0 0 3 0 0
1141 3 0 0 0 0 0 0 0 0
1144 12 0 0 6 0 0 3 1 1
1146 3 0 0 0 0 0 0 0 0
1149 54 1 1 18 0 0 6 0 0
1157 6 0 0 0 0 0 0 0 0
1170 6 1 1 0 0 0 0 0 0
1180 27 1 1 12 0 0 3 0 0
1192 12 1 1 6 0 0 0 0 0
1201 9 0 0 3 0 0 3 0 0
1208 6 0 0 0 0 0 0 0 0
1210 6 0 0 0 0 0 0 0 0
1229 9 1 1 3 0 0 0 0 0
1248 6 0 0 3 0 0 3 0 0
1250 15 0 0 6 0 0 0 0 0
1298 9 1 1 3 2 2 0 0 0
1299 2 0 0 1 0 0 1 0 0
1302 12 0 0 3 0 0 3 0 0
1311 6 0 0 3 0 0 0 0 0
1313 12 1 1 6 0 0 3 0 0
1315 6 0 0 3 0 0 0 0 0
1331 6 0 0 0 0 0 3 0 0
1335 6 0 0 3 0 0 0 0 0
1336 6 0 0 3 0 0 0 0 0
1353 6 1 1 3 0 0 0 0 0
1354 2 0 0 0 0 0 1 0 0
1357 6 0 0 3 0 0 3 0 0
1362 6 0 0 3 0 0 0 0 0
1372 6 1 1 3 0 0 0 0 0
1381 6 0 0 3 0 0 0 0 0
1382 4 0 0 1 0 0 0 0 0
1387 2 0 0 0 0 0 2 0 0
1394 9 0 0 3 0 0 3 0 0
1398 9 1 1 3 0 0 0 0 0
1417 27 1 1 21 0 0 0 0 0
fn=expand_dynamic_string_token
234 6 0 0 0 0 0 2 0 0
237 4 0 0 0 0 0 0 0 0
378 18 1 1 0 0 0 12 1 1
392 4 0 0 0 0 0 0 0 0
403 14 1 1 12 0 0 0 0 0
fn=fillin_rpath
447 16 2 2 0 0 0 12 0 0
449 1 0 0 0 0 0 0 0 0
451 12 1 1 4 0 0 2 0 0
458 2 0 0 1 0 0 0 0 0
460 4 0 0 1 0 0 1 0 0
464 2 0 0 0 0 0 0 0 0
469 3 0 0 0 0 0 1 0 0
470 2 0 0 0 0 0 0 0 0
477 5 1 1 1 0 0 0 0 0
482 4 1 1 0 0 0 2 0 0
486 17 0 0 5 0 0 0 0 0
487 8 1 1 4 0 0 0 0 0
505 4 1 1 1 0 0 1 0 0
509 8 1 1 2 0 0 3 0 0
511 3 1 1 1 0 0 0 0 0
515 2 0 0 0 0 0 2 1 1
516 1 0 0 0 0 0 0 0 0
517 4 0 0 0 0 0 2 0 0
518 2 0 0 1 0 0 1 0 0
520 2 0 0 1 0 0 0 0 0
526 4 1 1 1 0 0 0 0 0
527 18 1 1 0 0 0 0 0 0
528 8 0 0 0 0 0 2 0 0
530 2 1 1 1 0 0 1 0 0
531 2 0 0 1 0 0 0 0 0
536 2 1 1 0 0 0 1 0 0
538 1 0 0 0 0 0 1 0 0
539 1 0 0 0 0 0 1 0 0
542 3 0 0 0 0 0 1 0 0
544 3 0 0 1 0 0 1 0 0
548 1 0 0 0 0 0 1 0 0
551 9 0 0 7 0 0 0 0 0
fn=open_path
1443 4 1 1 0 0 0 2 0 0
1779 28 1 1 2 0 0 22 3 3
1780 4 1 1 2 0 0 2 0 0
1783 2 0 0 0 0 0 2 0 0
1784 2 0 0 0 0 0 2 0 0
1786 4 0 0 0 0 0 0 0 0
1791 44 2 2 6 0 0 0 0 0
1794 4 0 0 4 0 0 0 0 0
1798 2 0 0 0 0 0 2 0 0
1803 12 0 0 2 0 0 2 1 1
1810 10 1 1 4 0 0 2 1 1
1811 90 1 1 11 0 0 0 0 0
1814 32 0 0 16 0 0 0 0 0
1818 99 1 1 45 0 0 18 0 0
1821 18 0 0 0 0 0 9 0 0
1824 27 0 0 9 0 0 0 0 0
1827 63 1 1 27 0 0 9 0 0
1829 27 0 0 9 0 0 0 0 0
1831 16 0 0 0 0 0 0 0 0
1836 16 1 1 0 0 0 0 0 0
1837 56 0 0 24 0 0 0 0 0
1843 48 3 3 18 0 0 10 0 0
1845 56 0 0 8 0 0 8 0 0
1846 2 0 0 1 0 0 0 0 0
1848 32 1 1 1 0 0 9 0 0
1855 4 0 0 1 0 0 0 0 0
1857 2 0 0 0 0 0 0 0 0
1865 4 0 0 0 0 0 2 0 0
1893 2 1 1 0 0 0 0 0 0
1896 16 1 1 4 0 0 0 0 0
1901 4 0 0 4 0 0 0 0 0
1903 8 0 0 6 0 0 0 0 0
1906 6 1 1 2 0 0 0 0 0
1920 18 0 0 14 0 0 0 0 0
fn=open_verify.constprop.0
1466 121 1 1 0 0 0 66 1 1
1505 33 0 0 11 0 0 0 0 0
1518 9 1 1 0 0 0 0 0 0
1536 55 0 0 0 0 0 11 1 1
1538 22 1 1 0 0 0 0 0 0
1543 4 0 0 0 0 0 0 0 0
1549 6 0 0 0 0 0 2 0 0
1550 4 0 0 0 0 0 4 0 0
1555 12 0 0 2 0 0 2 0 0
1557 4 1 1 0 0 0 0 0 0
1559 6 0 0 2 0 0 2 0 0
1561 4 0 0 0 0 0 0 0 0
1567 4 0 0 0 0 0 0 0 0
1583 38 3 3 18 0 0 0 0 0
1657 4 0 0 2 0 0 0 0 0
1662 4 0 0 2 0 0 0 0 0
1664 8 1 1 2 0 0 0 0 0
1670 4 0 0 2 1 1 0 0 0
1676 10 0 0 2 0 0 0 0 0
1677 8 1 1 2 0 0 0 0 0
1678 2 0 0 1 0 0 0 0 0
1681 16 1 1 1 0 0 0 0 0
1682 13 0 0 2 0 0 2 0 0
1698 92 0 0 0 0 0 0 0 0
1699 44 1 1 20 7 7 0 0 0
1700 16 0 0 4 0 0 0 0 0
1704 16 0 0 8 0 0 0 0 0
1705 6 1 1 2 0 0 0 0 0
1710 4 0 0 0 0 0 0 0 0
1711 32 1 1 2 0 0 0 0 0
1721 28 1 1 6 0 0 8 1 1
1729 36 1 1 24 2 2 0 0 0
1731 4 0 0 0 0 0 0 0 0
1732 36 1 1 12 0 0 0 0 0
1735 12 0 0 0 0 0 0 0 0
1740 2 0 0 0 0 0 0 0 0
1741 8 1 1 2 0 0 0 0 0
1744 4 0 0 0 0 0 0 0 0
1747 4 0 0 2 0 0 0 0 0
1748 8 1 1 2 0 0 0 0 0
1749 2 0 0 2 0 0 0 0 0
1750 6 0 0 2 0 0 0 0 0
1751 6 0 0 2 0 0 0 0 0
1761 6 0 0 0 0 0 2 0 0
1765 99 0 0 77 0 0 0 0 0
fn=open_verify.constprop.1
1466 11 1 1 0 0 0 6 0 0
1536 4 0 0 0 0 0 1 0 0
1538 2 0 0 0 0 0 0 0 0
1543 2 0 0 0 0 0 0 0 0
1549 3 1 1 0 0 0 1 0 0
1550 2 0 0 0 0 0 2 0 0
1555 6 0 0 1 0 0 1 0 0
1557 2 0 0 0 0 0 0 0 0
1559 3 0 0 1 0 0 1 0 0
1561 2 0 0 0 0 0 0 0 0
1567 2 1 1 0 0 0 0 0 0
1583 16 2 2 8 0 0 0 0 0
1657 2 0 0 1 0 0 0 0 0
1662 2 0 0 1 0 0 0 0 0
1664 4 0 0 1 0 0 0 0 0
1670 2 0 0 1 1 1 0 0 0
1676 5 0 0 1 0 0 0 0 0
1677 4 1 1 1 0 0 0 0 0
1678 2 0 0 1 0 0 0 0 0
1698 70 0 0 0 0 0 0 0 0
1699 28 1 1 13 9 9 0 0 0
1700 8 0 0 2 0 0 0 0 0
1704 8 1 1 4 0 0 0 0 0
1705 6 1 1 2 0 0 0 0 0
1721 4 1 1 0 0 0 0 0 0
1729 12 0 0 8 2 2 0 0 0
1731 2 0 0 0 0 0 0 0 0
1732 18 1 1 6 0 0 0 0 0
1735 6 0 0 0 0 0 0 0 0
1741 4 1 1 2 0 0 0 0 0
1761 2 0 0 0 0 0 1 0 0
1765 9 0 0 7 0 0 0 0 0
fl=/build/glibc-sMfBJT/glibc-2.31/elf/dl-lookup.c
fn=_dl_lookup_symbol_x
581 270 0 0 0 0 0 0 0 0
582 7343 0 0 1802 104 100 0 0 0
583 6668 0 0 0 0 0 0 0 0
841 1890 2 2 0 0 0 1350 5 1
843 270 0 0 0 0 0 135 1 0
844 270 1 1 0 0 0 135 0 0
847 135 0 0 135 2 0 0 0 0
851 514 0 0 257 0 0 0 0 0
853 810 0 0 135 0 0 135 0 0
854 675 0 0 540 4 0 0 0 0
860 330 1 1 20 0 0 0 0 0
861 2285 1 1 800 0 0 945 2 0
866 270 1 1 135 0 0 0 0 0
868 60 2 2 10 0 0 0 0 0
885 10 1 1 0 0 0 10 0 0
886 20 0 0 0 0 0 0 0 0
890 1000 0 0 250 0 0 0 0 0
930 500 0 0 125 0 0 0 0 0
944 375 0 0 125 3 1 0 0 0
945 2 1 1 0 0 0 1 0 0
947 500 1 1 250 0 0 0 0 0
952 125 0 0 0 0 0 125 0 0
954 1215 0 0 945 0 0 0 0 0
fn=_dl_setup_hash
961 5 1 1 0 0 0 0 0 0
964 15 0 0 5 0 0 0 0 0
966 5 0 0 5 0 0 0 0 0
968 10 0 0 5 5 5 5 1 1
969 5 1 1 5 0 0 0 0 0
970 5 0 0 5 1 1 0 0 0
972 15 0 0 0 0 0 0 0 0
973 5 0 0 0 0 0 5 0 0
974 15 0 0 5 0 0 5 0 0
976 5 0 0 0 0 0 5 0 0
977 10 0 0 0 0 0 0 0 0
979 5 0 0 0 0 0 5 0 0
981 15 1 1 0 0 0 5 0 0
986 5 0 0 5 0 0 0 0 0
fn=check_match
75 1664 2 2 384 49 45 640 4 2
78 768 0 0 128 15 13 0 0 0
91 750 1 1 0 0 0 0 0 0
94 592 0 0 114 0 0 57 0 0
98 125 0 0 125 1 0 0 0 0
99 250 0 0 0 0 0 0 0 0
101 244 0 0 0 0 0 0 0 0
120 244 0 0 244 28 14 0 0 0
121 976 1 1 366 5 0 0 0 0
122 610 1 1 244 1 0 122 0 0
149 6 0 0 0 0 0 0 0 0
151 18 1 1 6 1 0 0 0 0
152 12 0 0 0 0 0 0 0 0
160 131 0 0 0 0 0 0 0 0
167 768 0 0 768 0 0 0 0 0
fn=do_lookup_x
294 875 1 1 625 0 0 0 0 0
325 54 1 1 45 0 0 0 0 0
368 1890 1 1 270 0 0 1350 8 3
369 135 0 0 135 2 0 0 0 0
375 135 0 0 135 0 0 0 0 0
379 1088 1 1 1088 11 0 0 0 0
382 1088 0 0 0 0 0 0 0 0
386 1493 0 0 135 0 0 135 0 0
390 1088 0 0 544 9 0 0 0 0
394 1088 0 0 544 2 0 0 0 0
400 1632 0 0 544 4 0 0 0 0
404 544 1 1 0 0 0 544 0 0
405 544 0 0 0 0 0 544 0 0
408 1632 0 0 1088 18 0 544 0 0
409 1632 0 0 1088 3 0 544 0 0
412 544 0 0 544 0 0 0 0 0
413 1088 0 0 0 0 0 0 0 0
415 544 0 0 544 65 48 0 0 0
416 270 0 0 0 0 0 135 0 0
417 1088 0 0 1088 0 0 0 0 0
420 2720 0 0 1088 0 0 0 0 0
423 3808 0 0 0 0 0 0 0 0
426 274 1 1 274 71 62 0 0 0
427 411 1 1 0 0 0 0 0 0
428 274 0 0 0 0 0 0 0 0
430 268 0 0 134 0 0 0 0 0
433 1305 0 0 261 103 92 0 0 0
435 384 1 1 128 0 0 0 0 0
436 3528 2 2 1042 0 0 1572 3 1
437 256 0 0 0 0 0 0 0 0
440 390 0 0 3 0 0 0 0 0
443 408 0 0 0 0 0 0 0 0
451 675 1 1 0 0 0 135 0 0
474 18 2 2 9 0 0 0 0 0
482 250 1 1 125 0 0 0 0 0
533 250 0 0 0 0 0 0 0 0
536 928 0 0 125 0 0 0 0 0
540 54 1 1 18 1 0 0 0 0
552 625 0 0 125 0 0 125 0 0
554 250 0 0 0 0 0 0 0 0
571 1257 0 0 0 0 0 0 0 0
574 10 0 0 0 0 0 0 0 0
575 1080 0 0 945 0 0 0 0 0
fl=/build/glibc-sMfBJT/glibc-2.31/elf/dl-minimal.c
fn=calloc
92 20 1 1 0 0 0 0 0 0
96 10 0 0 0 0 0 0 0 0
99 20 1 1 0 0 0 0 0 0
100 30 0 0 0 0 0 0 0 0
103 10 0 0 0 0 0 0 0 0
fn=free
109 4 0 0 0 0 0 0 0 0
111 16 1 1 8 0 0 0 0 0
fn=malloc
49 135 1 1 0 0 0 54 0 0
50 108 0 0 54 0 0 0 0 0
55 3 0 0 0 0 0 1 0 0
56 2 1 1 1 0 0 0 0 0
57 2 0 0 0 0 0 0 0 0
61 81 1 1 0 0 0 27 0 0
64 181 0 0 0 0 0 0 0 0
69 8 1 1 2 0 0 0 0 0
70 4 0 0 0 0 0 0 0 0
72 2 0 0 0 0 0 0 0 0
73 16 0 0 0 0 0 2 0 0
75 4 0 0 0 0 0 0 0 0
77 4 0 0 2 0 0 0 0 0
79 8 0 0 0 0 0 2 0 0
82 27 0 0 0 0 0 27 0 0
83 27 0 0 0 0 0 27 0 0
85 108 0 0 81 0 0 0 0 0
fn=strsep
262 2 1 1 0 0 0 0 0 0
265 4 0 0 2 1 1 0 0 0
267 2 0 0 2 0 0 0 0 0
268 4 0 0 0 0 0 0 0 0
272 77 1 1 15 0 0 0 0 0
277 56 0 0 28 0 0 0 0 0
279 84 0 0 28 0 0 0 0 0
287 14 0 0 0 0 0 0 0 0
290 1 0 0 0 0 0 1 0 0
294 4 0 0 2 0 0 0 0 0
fl=/build/glibc-sMfBJT/glibc-2.31/elf/dl-misc.c
fn=_dl_name_match_p
282 234 1 1 0 0 0 78 0 0
283 195 0 0 39 0 0 39 0 0
284 47 0 0 0 0 0 0 0 0
286 39 0 0 39 0 0 0 0 0
288 156 0 0 0 0 0 0 0 0
289 235 1 1 47 0 0 47 0 0
292 39 0 0 39 0 0 0 0 0
294 31 0 0 0 0 0 0 0 0
295 156 0 0 117 0 0 0 0 0
fn=_dl_sysdep_read_whole_file
44 9 2 2 0 0 0 4 0 0
47 3 0 0 0 0 0 1 0 0
48 2 0 0 0 0 0 0 0 0
50 7 0 0 0 0 0 1 0 0
52 2 0 0 1 0 0 1 0 0
55 2 1 1 0 0 0 0 0 0
57 8 0 0 0 0 0 1 0 0
68 3 0 0 0 0 0 1 0 0
71 7 0 0 5 0 0 0 0 0
fl=/build/glibc-sMfBJT/glibc-2.31/elf/dl-object.c
fn=_dl_add_to_namespace_list
31 24 1 1 0 0 0 12 0 0
33 12 1 1 4 0 0 4 0 0
35 27 0 0 4 0 0 0 0 0
38 36 0 0 9 0 0 0 0 0
40 3 0 0 0 0 0 3 0 0
42 3 0 0 0 0 0 3 0 0
45 2 1 1 0 0 0 1 0 0
46 12 0 0 4 0 0 0 0 0
47 8 0 0 4 0 0 4 0 0
48 8 0 0 0 0 0 4 0 0
50 8 0 0 4 0 0 0 0 0
51 12 0 0 12 0 0 0 0 0
fn=_dl_new_object
59 52 1 1 0 0 0 36 3 3
62 12 0 0 0 0 0 4 0 0
64 2 1 1 0 0 0 0 0 0
65 6 0 0 0 0 0 0 0 0
69 2 0 0 0 0 0 0 0 0
74 1 0 0 0 0 0 0 0 0
77 27 0 0 3 0 0 3 1 1
89 20 1 1 0 0 0 12 0 0
92 8 0 0 0 0 0 0 0 0
95 4 0 0 0 0 0 4 4 4
96 12 1 1 4 0 0 4 4 4
100 8 0 0 0 0 0 4 1 1
101 32 0 0 8 0 0 12 2 2
103 4 0 0 0 0 0 4 0 0
116 26 1 1 12 0 0 0 0 0
122 1 0 0 0 0 0 0 0 0
124 28 1 1 8 4 4 8 0 0
127 8 0 0 4 0 0 0 0 0
128 8 1 1 0 0 0 4 4 4
129 4 0 0 0 0 0 4 0 0
133 4 0 0 0 0 0 4 0 0
136 70 2 2 3 0 0 0 0 0
138 16 0 0 0 0 0 16 4 4
146 8 0 0 0 0 0 4 1 1
147 4 0 0 0 0 0 4 4 4
150 1 1 1 0 0 0 0 0 0
152 24 1 1 4 0 0 0 0 0
154 12 0 0 0 0 0 3 1 1
157 10 0 0 0 0 0 0 0 0
161 12 0 0 3 0 0 0 0 0
165 15 0 0 0 0 0 0 0 0
167 1 1 1 0 0 0 0 0 0
173 1 0 0 0 0 0 1 1 1
176 8 0 0 0 0 0 4 0 0
186 12 0 0 0 0 0 4 0 0
188 15 1 1 3 0 0 6 0 0
192 12 0 0 3 0 0 0 0 0
196 9 0 0 0 0 0 3 0 0
197 12 0 0 0 0 0 0 0 0
205 3 0 0 0 0 0 0 0 0
209 3 0 0 0 0 0 0 0 0
242 12 1 1 6 0 0 3 0 0
247 106 0 0 0 0 0 0 0 0
248 106 0 0 53 0 0 0 0 0
250 6 0 0 0 0 0 0 0 0
253 3 0 0 0 0 0 3 0 0
256 3 0 0 0 0 0 3 1 1
260 36 0 0 28 0 0 0 0 0
fl=/build/glibc-sMfBJT/glibc-2.31/elf/dl-open.c
fn=_dl_find_dso_for_object
201 9 1 1 0 0 0 4 0 0
205 3 0 0 1 0 0 0 0 0
206 13 0 0 4 0 0 0 0 0
207 16 1 1 8 1 0 0 0 0
208 2 0 0 1 0 0 0 0 0
211 2 1 1 1 0 0 0 0 0
215 7 0 0 5 0 0 0 0 0
fl=/build/glibc-sMfBJT/glibc-2.31/elf/dl-reloc.c
fn=_dl_relocate_object
148 65 1 1 0 0 0 40 0 0
158 8 0 0 0 0 0 0 0 0
159 15 1 1 0 0 0 10 0 0
163 10 1 1 0 0 0 0 0 0
164 25 0 0 5 2 0 5 0 0
170 10 0 0 5 0 0 0 0 0
176 25 1 1 10 0 0 0 0 0
177 10 1 1 5 4 0 0 0 0
180 11 0 0 0 0 0 0 0 0
187 20 0 0 5 1 0 5 0 0
227 15 1 1 10 0 0 5 0 0
255 250 4 4 105 17 0 38 0 0
258 20 1 1 5 0 0 0 0 0
282 5 0 0 5 0 0 0 0 0
285 10 0 0 5 0 0 0 0 0
302 15 0 0 5 4 0 0 0 0
304 40 0 0 35 1 0 0 0 0
310 30 1 1 15 1 0 0 0 0
313 10 0 0 0 0 0 0 0 0
317 10 1 1 0 0 0 0 0 0
318 30 0 0 0 0 0 5 0 0
fl=/build/glibc-sMfBJT/glibc-2.31/elf/dl-sort-maps.c
fn=_dl_sort_maps
28 13 1 1 0 0 0 10 0 0
30 2 0 0 0 0 0 0 0 0
33 4 1 1 0 0 0 1 0 0
34 20 2 2 1 0 0 1 0 0
35 13 0 0 2 0 0 4 0 0
39 24 0 0 8 0 0 8 0 0
40 12 0 0 8 0 0 0 0 0
42 8 0 0 4 0 0 0 0 0
54 41 1 1 13 0 0 0 0 0
56 18 0 0 12 0 0 0 0 0
57 12 0 0 0 0 0 0 0 0
59 30 1 1 10 0 0 0 0 0
60 21 1 1 0 0 0 0 0 0
90 12 0 0 0 0 0 0 0 0
115 21 0 0 7 0 0 0 0 0
118 27 2 2 3 0 0 3 0 0
122 8 0 0 7 0 0 0 0 0
fl=/build/glibc-sMfBJT/glibc-2.31/elf/dl-tunables.c
fn=__GI___tunables_init
67 355 1 1 71 0 0 0 0 0
70 140 1 1 0 0 0 0 0 0
73 6146 0 0 878 32 32 0 0 0
77 140 1 1 0 0 0 0 0 0
82 420 0 0 0 0 0 70 1 1
278 5 0 0 1 0 0 0 0 0
287 9 1 1 0 0 0 6 1 1
310 7280 1 1 0 0 0 0 0 0
316 9100 0 0 3640 0 0 0 0 0
328 280 0 0 70 0 0 0 0 0
362 8 0 0 7 0 0 0 0 0
fn=__tunable_get_val
368 21 1 1 0 0 0 0 0 0
371 204 0 0 21 11 0 0 0 0
380 24 0 0 21 4 0 3 0 0
390 18 1 1 0 0 0 18 0 0
391 18 0 0 0 0 0 0 0 0
397 105 0 0 21 1 0 0 0 0
399 21 0 0 21 0 0 0 0 0
fl=/build/glibc-sMfBJT/glibc-2.31/elf/dl-tunables.h
fn=__GI___tunables_init
119 4876 1 1 1434 9 9 0 0 0
120 2868 0 0 0 0 0 0 0 0
fl=/build/glibc-sMfBJT/glibc-2.31/elf/dl-version.c
fn=_dl_check_all_versions
362 6 1 1 0 0 0 4 0 0
364 2 0 0 0 0 0 0 0 0
366 20 0 0 5 0 0 0 0 0
368 50 1 1 5 0 0 5 0 0
371 7 0 0 5 0 0 0 0 0
fn=_dl_check_map_versions
37 67 0 0 10 0 0 0 0 0
38 16 0 0 16 0 0 0 0 0
39 105 1 1 0 0 0 21 0 0
57 33 0 0 22 0 0 11 0 0
65 33 0 0 11 0 0 0 0 0
71 33 1 1 11 0 0 0 0 0
87 11 0 0 11 1 0 0 0 0
88 22 0 0 0 0 0 0 0 0
90 11 0 0 11 0 0 0 0 0
95 233 0 0 89 18 18 22 0 0
109 178 0 0 89 4 4 0 0 0
111 11 1 1 11 1 1 0 0 0
114 93 1 1 27 0 0 11 0 0
121 234 1 1 78 6 6 0 0 0
125 78 0 0 0 0 0 0 0 0
143 25 1 1 0 0 0 15 0 0
156 50 1 1 0 0 0 40 0 0
157 5 0 0 0 0 0 5 0 0
165 5 0 0 0 0 0 0 0 0
171 15 0 0 5 0 0 0 0 0
173 10 0 0 5 0 0 5 0 0
175 10 1 1 5 0 0 5 0 0
176 15 0 0 5 0 0 5 0 0
178 10 0 0 0 0 0 0 0 0
181 9 0 0 6 0 0 3 0 0
185 21 1 1 6 2 2 0 0 0
198 2 0 0 0 0 0 0 0 0
199 2 0 0 0 0 0 0 0 0
201 10 0 0 10 0 0 0 0 0
209 15 0 0 5 0 0 0 0 0
210 3 1 1 0 0 0 0 0 0
214 15 0 0 10 0 0 0 0 0
218 113 1 1 87 1 0 0 0 0
220 11 0 0 11 3 3 0 0 0
222 28 0 0 11 1 1 11 0 0
225 44 1 1 11 0 0 0 0 0
228 33 0 0 11 0 0 0 0 0
233 6 0 0 0 0 0 0 0 0
237 20 0 0 10 0 0 0 0 0
242 4 0 0 0 0 0 2 0 0
251 17 0 0 5 0 0 0 0 0
254 12 0 0 9 0 0 0 0 0
257 200 0 0 50 0 0 0 0 0
260 150 0 0 50 0 0 0 0 0
264 47 0 0 0 0 0 0 0 0
268 8 1 1 0 0 0 0 0 0
273 4 0 0 0 0 0 4 1 0
274 20 2 2 0 0 0 4 0 0
275 8 0 0 0 0 0 0 0 0
285 4 0 0 0 0 0 4 0 0
288 12 0 0 8 0 0 4 0 0
290 12 1 1 4 0 0 0 0 0
293 12 0 0 9 0 0 0 0 0
295 2 0 0 0 0 0 0 0 0
297 15 0 0 5 0 0 0 0 0
300 33 1 1 11 0 0 0 0 0
302 44 0 0 0 0 0 0 0 0
304 55 0 0 11 0 0 11 0 0
305 33 0 0 0 0 0 11 6 6
306 33 0 0 11 0 0 11 2 2
307 33 0 0 11 0 0 11 0 0
310 33 0 0 11 0 0 0 0 0
315 6 0 0 0 0 0 0 0 0
318 15 1 1 5 0 0 0 0 0
323 2 0 0 0 0 0 0 0 0
328 12 0 0 4 0 0 0 0 0
331 12 0 0 9 0 0 0 0 0
335 47 0 0 47 0 0 0 0 0
337 100 1 1 50 0 0 0 0 0
341 47 0 0 47 0 0 0 0 0
342 235 0 0 47 0 0 47 12 12
343 141 0 0 47 0 0 47 0 0
344 47 0 0 0 0 0 47 5 5
347 150 0 0 50 0 0 0 0 0
351 47 0 0 0 0 0 0 0 0
357 45 0 0 40 0 0 0 0 0
fl=/build/glibc-sMfBJT/glibc-2.31/elf/do-rel.h
fn=_dl_relocate_object
47 30 0 0 10 0 0 10 0 0
48 10 0 0 10 1 0 0 0 0
50 10 0 0 0 0 0 4 0 0
51 8 1 1 0 0 0 5 1 0
58 30 0 0 10 0 0 0 0 0
61 234 0 0 0 0 0 0 0 0
63 304 1 1 76 28 28 0 0 0
65 170 1 1 0 0 0 0 0 0
74 6 0 0 0 0 0 0 0 0
75 184 0 0 2 0 0 0 0 0
76 112 0 0 56 0 0 0 0 0
83 14 0 0 7 0 0 7 0 0
84 7 1 1 7 0 0 0 0 0
86 21 0 0 7 0 0 0 0 0
98 21 0 0 0 0 0 0 0 0
108 10 0 0 0 0 0 0 0 0
111 3674 2 2 0 0 0 0 0 0
112 2440 0 0 1220 155 153 0 0 0
118 21 0 0 7 5 0 0 0 0
121 12 1 1 6 2 0 6 1 0
124 453 1 1 153 0 0 0 0 0
127 588 0 0 147 38 35 0 0 0
136 588 0 0 294 44 39 0 0 0
137 441 1 1 147 0 0 0 0 0
138 675 0 0 147 1 0 147 0 0
139 441 0 0 294 0 0 147 0 0
143 20 0 0 8 0 0 0 0 0
160 21 2 2 7 0 0 2 0 0
162 20 0 0 5 1 1 0 0 0
170 30 1 1 5 0 0 5 0 0
171 15 0 0 10 0 0 5 0 0
174 3 0 0 1 0 0 0 0 0
fn=_dl_start
83 1 0 0 1 0 0 0 0 0
84 1 0 0 1 0 0 0 0 0
111 129 0 0 0 0 0 0 0 0
112 84 0 0 42 6 6 0 0 0
116 2 0 0 1 0 0 0 0 0
124 29 0 0 0 0 0 0 0 0
136 27 1 1 9 2 2 0 0 0
137 18 0 0 0 0 0 0 0 0
139 18 0 0 9 0 0 0 0 0
fl=/build/glibc-sMfBJT/glibc-2.31/elf/get-dynamic-info.h
fn=_dl_map_object_from_fd
42 3 0 0 0 0 0 0 0 0
46 3 0 0 0 0 0 0 0 0
48 231 1 1 77 21 21 0 0 0
50 148 1 1 0 0 0 0 0 0
63 71 0 0 0 0 0 0 0 0
64 48 0 0 0 0 0 14 6 6
65 15 0 0 0 0 0 0 0 0
67 3 0 0 0 0 0 0 0 0
68 15 1 1 0 0 0 0 0 0
69 3 0 0 0 0 0 0 0 0
71 15 0 0 0 0 0 0 0 0
72 12 0 0 0 0 0 0 0 0
73 120 0 0 0 0 0 60 12 12
74 74 0 0 0 0 0 0 0 0
81 6 0 0 0 0 0 0 0 0
101 11 0 0 5 0 0 0 0 0
102 12 1 1 6 0 0 0 0 0
103 12 0 0 6 0 0 0 0 0
104 12 0 0 6 0 0 0 0 0
106 12 0 0 6 0 0 0 0 0
111 12 0 0 6 0 0 0 0 0
112 11 1 1 5 1 1 0 0 0
113 12 0 0 6 0 0 0 0 0
118 9 0 0 3 0 0 0 0 0
123 6 0 0 3 0 0 0 0 0
130 6 1 1 3 0 0 0 0 0
131 9 0 0 6 0 0 0 0 0
149 9 0 0 3 0 0 0 0 0
154 4 0 0 2 0 0 2 0 0
156 4 0 0 0 0 0 0 0 0
158 4 0 0 0 0 0 0 0 0
160 4 0 0 0 0 0 0 0 0
163 9 1 1 3 0 0 0 0 0
165 3 0 0 1 0 0 1 1 1
166 2 0 0 0 0 0 0 0 0
175 2 1 1 1 0 0 0 0 0
180 2 0 0 0 0 0 0 0 0
183 6 0 0 3 0 0 0 0 0
fn=_dl_start
48 57 1 1 19 6 6 0 0 0
50 36 1 1 0 0 0 0 0 0
63 21 0 0 0 0 0 0 0 0
64 14 0 0 0 0 0 4 2 2
65 5 1 1 0 0 0 0 0 0
67 1 0 0 0 0 0 0 0 0
68 5 1 1 0 0 0 0 0 0
69 1 0 0 0 0 0 0 0 0
71 5 1 1 0 0 0 0 0 0
72 4 0 0 0 0 0 0 0 0
73 16 0 0 0 0 0 14 5 5
74 18 0 0 0 0 0 0 0 0
81 2 0 0 0 0 0 0 0 0
101 4 1 1 2 0 0 0 0 0
102 4 0 0 2 0 0 0 0 0
103 4 0 0 2 0 0 0 0 0
104 4 0 0 2 0 0 0 0 0
106 4 1 1 2 0 0 0 0 0
111 4 0 0 2 0 0 0 0 0
112 4 0 0 2 0 0 0 0 0
113 4 0 0 2 0 0 0 0 0
118 3 1 1 1 0 0 0 0 0
123 2 0 0 1 0 0 0 0 0
130 3 0 0 1 0 0 0 0 0
131 3 0 0 2 0 0 0 0 0
139 3 0 0 1 0 0 0 0 0
142 3 1 1 1 1 1 0 0 0
146 2 0 0 1 0 0 0 0 0
147 2 1 1 1 0 0 0 0 0
fn=dl_main
33 1 0 0 1 0 0 0 0 0
42 2 0 0 0 0 0 0 0 0
46 1 0 0 0 0 0 0 0 0
48 84 1 1 28 8 8 0 0 0
50 54 0 0 0 0 0 0 0 0
63 25 0 0 0 0 0 0 0 0
64 17 0 0 0 0 0 5 2 2
65 5 0 0 0 0 0 0 0 0
68 5 0 0 0 0 0 0 0 0
69 1 1 1 0 0 0 0 0 0
71 5 0 0 0 0 0 0 0 0
72 5 0 0 0 0 0 0 0 0
73 22 0 0 0 0 0 22 4 4
74 27 0 0 0 0 0 0 0 0
81 3 0 0 1 0 0 0 0 0
101 3 0 0 1 0 0 0 0 0
102 4 0 0 2 0 0 0 0 0
103 4 0 0 2 0 0 0 0 0
104 4 1 1 2 0 0 0 0 0
106 4 0 0 2 0 0 0 0 0
111 4 0 0 2 0 0 0 0 0
112 4 0 0 2 0 0 0 0 0
113 4 1 1 2 0 0 0 0 0
118 3 0 0 1 0 0 0 0 0
123 2 0 0 1 0 0 0 0 0
130 2 0 0 1 0 0 0 0 0
131 3 0 0 2 0 0 0 0 0
149 3 0 0 1 0 0 0 0 0
154 2 1 1 1 0 0 1 0 0
156 2 0 0 0 0 0 0 0 0
158 2 0 0 0 0 0 0 0 0
160 2 0 0 0 0 0 0 0 0
161 2 1 1 0 0 0 1 0 0
163 3 0 0 1 0 0 0 0 0
165 3 1 1 1 0 0 1 0 0
166 2 0 0 0 0 0 0 0 0
175 2 0 0 1 0 0 0 0 0
180 2 0 0 0 0 0 0 0 0
181 3 0 0 1 0 0 1 0 0
183 2 0 0 1 0 0 0 0 0
fl=/build/glibc-sMfBJT/glibc-2.31/elf/rtld.c
fn=_dl_start
66 8 0 0 0 0 0 2 1 1
430 2 0 0 0 0 0 1 1 1
431 2 1 1 0 0 0 1 0 0
432 2 0 0 0 0 0 1 0 0
433 2 0 0 0 0 0 1 1 1
434 2 0 0 0 0 0 1 0 0
443 1 0 0 0 0 0 1 0 0
449 4 0 0 0 0 0 1 0 0
451 2 0 0 1 0 0 0 0 0
463 10 2 2 0 0 0 6 1 1
504 1 0 0 0 0 0 1 0 0
507 1 0 0 0 0 0 1 1 1
518 2 0 0 0 0 0 0 0 0
523 25 2 2 9 0 0 0 0 0
525 1 0 0 1 1 1 0 0 0
550 9 0 0 7 2 0 0 0 0
fn=dl_main
66 16 5 5 0 0 0 0 0 0
73 12 0 0 0 0 0 0 0 0
74 2 0 0 0 0 0 1 1 0
82 8 0 0 3 0 0 0 0 0
817 1 0 0 1 0 0 0 0 0
819 1 0 0 0 0 0 1 0 0
828 1 0 0 0 0 0 1 0 0
830 1 0 0 0 0 0 1 0 0
835 1 0 0 0 0 0 1 0 0
1090 14 2 2 0 0 0 8 1 1
1096 1 0 0 0 0 0 0 0 0
1099 1 0 0 0 0 0 1 0 0
1102 2 0 0 0 0 0 1 1 1
1106 6 0 0 0 0 0 1 1 1
1112 2 1 1 0 0 0 1 1 1
1122 3 0 0 1 0 0 0 0 0
1330 8 1 1 0 0 0 1 0 0
1332 2 0 0 0 0 0 0 0 0
1333 1 1 1 0 0 0 1 1 1
1334 2 0 0 1 0 0 1 0 0
1335 2 0 0 1 0 0 1 0 0
1339 3 0 0 0 0 0 1 0 0
1340 2 0 0 1 0 0 0 0 0
1362 1 0 0 0 0 0 1 0 0
1364 2 1 1 1 1 1 1 0 0
1366 1 0 0 1 0 0 0 0 0
1369 47 4 4 14 0 0 1 0 0
1370 118 2 2 22 7 7 0 0 0
1374 3 1 1 1 0 0 1 0 0
1379 3 0 0 2 0 0 1 0 0
1388 2 0 0 0 0 0 1 1 1
1389 2 0 0 2 1 1 0 0 0
1391 1 1 1 0 0 0 1 0 0
1398 3 1 1 1 0 0 0 0 0
1410 3 0 0 0 0 0 1 0 0
1416 1 0 0 0 0 0 0 0 0
1424 8 1 1 4 0 0 0 0 0
1425 17 1 1 9 1 1 1 0 0
1426 8 0 0 4 0 0 0 0 0
1427 1 0 0 0 0 0 1 0 0
1430 8 0 0 4 3 3 0 0 0
1431 8 0 0 4 0 0 0 0 0
1432 4 0 0 0 0 0 4 0 0
1433 10 0 0 5 0 0 0 0 0
1434 1 0 0 0 0 0 1 0 0
1461 2 1 1 1 0 0 1 0 0
1465 4 0 0 2 0 0 1 1 1
1478 7 0 0 4 1 1 0 0 0
1481 2 0 0 0 0 0 0 0 0
1483 2 1 1 0 0 0 0 0 0
1485 3 0 0 1 0 0 0 0 0
1498 3 0 0 1 0 0 0 0 0
1499 5 1 1 1 0 0 1 0 0
1501 3 0 0 3 0 0 0 0 0
1504 1 0 0 0 0 0 1 0 0
1506 1 0 0 0 0 0 1 1 1
1507 1 0 0 0 0 0 1 0 0
1509 2 0 0 1 0 0 0 0 0
1510 2 0 0 0 0 0 1 0 0
1514 2 1 1 1 0 0 0 0 0
1516 2 0 0 1 0 0 0 0 0
1521 2 1 1 0 0 0 1 0 0
1524 2 0 0 1 0 0 0 0 0
1549 10 0 0 1 0 0 2 0 0
1554 2 1 1 1 0 0 1 0 0
1557 4 0 0 1 0 0 2 0 0
1559 1 0 0 0 0 0 1 0 0
1564 2 1 1 1 0 0 0 0 0
1567 4 1 1 2 0 0 1 0 0
1568 4 0 0 1 0 0 1 0 0
1569 2 0 0 1 0 0 1 0 0
1570 1 0 0 0 0 0 1 0 0
1571 1 0 0 1 0 0 0 0 0
1572 1 1 1 1 0 0 0 0 0
1577 2 0 0 1 0 0 0 0 0
1578 6 0 0 1 0 0 1 0 0
1595 2 0 0 1 1 1 0 0 0
1596 2 0 0 1 0 0 0 0 0
1598 2 1 1 1 0 0 0 0 0
1600 1 0 0 0 0 0 1 0 0
1601 3 0 0 1 0 0 1 0 0
1606 5 1 1 0 0 0 0 0 0
1607 5 0 0 1 1 1 0 0 0
1609 4 1 1 2 1 1 1 1 1
1615 2 0 0 1 1 1 0 0 0
1620 1 0 0 0 0 0 1 0 0
1621 3 0 0 1 0 0 0 0 0
1622 4 1 1 1 0 0 1 0 0
1640 2 0 0 0 0 0 2 0 0
1648 3 0 0 1 0 0 0 0 0
1651 2 0 0 1 0 0 1 0 0
1655 3 0 0 1 0 0 0 0 0
1660 2 1 1 1 0 0 1 0 0
1661 1 0 0 0 0 0 1 0 0
1662 1 0 0 0 0 0 0 0 0
1666 3 0 0 1 0 0 0 0 0
1682 3 0 0 2 0 0 0 0 0
1684 1 0 0 0 0 0 0 0 0
1686 2 1 1 1 0 0 0 0 0
1690 5 0 0 1 0 0 1 0 0
1694 2 0 0 1 0 0 0 0 0
1709 5 0 0 0 0 0 1 0 0
1785 4 0 0 2 0 0 0 0 0
1789 20 3 3 1 0 0 0 0 0
1790 1 0 0 0 0 0 0 0 0
1793 3 0 0 0 0 0 1 0 0
1794 1 0 0 1 0 0 0 0 0
1795 2 0 0 0 0 0 0 0 0
1796 2 0 0 0 0 0 0 0 0
1805 8 0 0 1 0 0 1 0 0
1810 23 1 1 1 0 0 0 0 0
1811 13 0 0 11 0 0 0 0 0
1814 3 0 0 2 0 0 1 0 0
1815 3 1 1 1 0 0 0 0 0
1816 1 0 0 0 0 0 1 0 0
1818 12 0 0 0 0 0 0 0 0
1819 20 1 1 9 0 0 0 0 0
1829 5 1 1 1 0 0 1 0 0
1831 3 0 0 1 0 0 1 0 0
1832 3 0 0 1 0 0 0 0 0
1834 2 0 0 0 0 0 1 0 0
1836 3 0 0 0 0 0 0 0 0
1838 3 0 0 1 0 0 0 0 0
1839 1 1 1 1 0 0 0 0 0
1852 2 0 0 0 0 0 0 0 0
1853 2 0 0 1 0 0 1 0 0
1854 3 0 0 1 0 0 0 0 0
1865 5 1 1 1 0 0 1 0 0
1866 1 0 0 0 0 0 1 1 1
1867 5 1 1 0 0 0 1 0 0
1877 2 0 0 1 0 0 1 0 0
1878 2 0 0 1 0 0 0 0 0
1879 3 1 1 0 0 0 2 0 0
1881 2 0 0 1 0 0 0 0 0
1886 3 0 0 1 0 0 0 0 0
2116 3 1 1 1 0 0 0 0 0
2172 1 0 0 0 0 0 1 0 0
2176 2 1 1 1 0 0 1 0 0
2182 2 0 0 1 0 0 1 0 0
2185 2 0 0 0 0 0 0 0 0
2193 1 1 1 1 0 0 0 0 0
2239 3 0 0 1 0 0 0 0 0
2242 1 0 0 1 0 0 0 0 0
2246 1 0 0 1 0 0 0 0 0
2247 19 1 1 0 0 0 0 0 0
2249 10 0 0 10 2 0 0 0 0
2254 10 0 0 10 3 0 0 0 0
2256 12 0 0 0 0 0 0 0 0
2258 1 1 1 0 0 0 1 0 0
2259 1 0 0 1 0 0 0 0 0
2262 5 1 1 5 0 0 0 0 0
2264 10 0 0 5 1 0 0 0 0
2265 32 0 0 8 3 0 4 0 0
2269 12 0 0 6 1 0 0 0 0
2270 4 1 1 0 0 0 1 0 0
2278 2 0 0 1 0 0 0 0 0
2283 4 1 1 2 1 0 0 0 0
2285 1 1 1 1 1 0 0 0 0
2292 3 0 0 1 0 0 1 0 0
2295 2 0 0 1 0 0 0 0 0
2304 3 0 0 2 0 0 0 0 0
2306 2 0 0 1 0 0 0 0 0
2319 1 0 0 1 0 0 0 0 0
2320 5 0 0 1 0 0 1 0 0
2330 1 0 0 0 0 0 1 0 0
2334 3 1 1 1 0 0 0 0 0
2355 4 0 0 0 0 0 1 0 0
2356 1 0 0 0 0 0 1 0 0
2357 1 0 0 0 0 0 1 0 0
2358 1 0 0 0 0 0 0 0 0
2362 1 0 0 0 0 0 1 0 0
2367 8 0 0 7 2 0 0 0 0
2533 2 0 0 1 0 0 1 1 1
2535 1 0 0 0 0 0 1 0 0
2536 1 1 1 0 0 0 0 0 0
2540 6 0 0 1 0 0 1 0 0
2542 17 0 0 3 0 0 4 1 1
2544 2 0 0 0 0 0 0 0 0
2546 105 0 0 21 0 0 0 0 0
2547 19 1 1 0 0 0 0 0 0
2555 12 0 0 2 1 1 0 0 0
2576 2 1 1 1 0 0 0 0 0
2583 6 1 1 3 0 0 0 0 0
2585 2 0 0 0 0 0 1 1 1
2586 1 0 0 0 0 0 0 0 0
2631 3 1 1 1 0 0 0 0 0
2632 5 2 2 2 0 0 0 0 0
2634 2 1 1 0 0 0 1 1 1
2635 1 0 0 0 0 0 0 0 0
2704 3 0 0 1 0 0 0 0 0
2736 3 1 1 1 0 0 0 0 0
fn=handle_preload_list
168 3 0 0 1 0 0 0 0 0
770 1 0 0 0 0 0 1 0 0
774 1 0 0 0 0 0 1 0 0
775 1 0 0 0 0 0 1 0 0
776 1 0 0 0 0 0 1 0 0
778 1 0 0 1 0 0 0 0 0
780 6 1 1 0 0 0 1 0 0
781 3 0 0 1 0 0 0 0 0
789 4 0 0 1 0 0 0 0 0
858 10 1 1 1 1 1 6 0 0
859 1 1 1 0 0 0 0 0 0
863 7 0 0 2 0 0 0 0 0
866 4 0 0 0 0 0 1 1 1
867 3 0 0 0 0 0 0 0 0
869 6 1 1 0 0 0 1 0 0
870 2 0 0 0 0 0 1 0 0
876 1 1 1 0 0 0 0 0 0
878 2 0 0 1 0 0 0 0 0
880 2 0 0 1 0 0 0 0 0
884 9 0 0 7 0 0 0 0 0
fn=init_tls
699 1 1 1 0 0 0 1 0 0
701 2 1 1 1 0 0 1 0 0
705 2 0 0 1 0 0 0 0 0
711 2 0 0 0 0 0 1 0 0
714 1 0 0 0 0 0 1 0 0
715 3 0 0 0 0 0 1 0 0
716 1 0 0 0 0 0 0 0 0
720 1 0 0 0 0 0 0 0 0
722 1 1 1 0 0 0 1 0 0
726 2 0 0 1 1 1 0 0 0
727 2 0 0 0 0 0 0 0 0
728 14 0 0 1 0 0 0 0 0
729 7 2 2 5 0 0 0 0 0
730 15 0 0 5 2 0 0 0 0
734 2 0 0 0 0 0 1 1 1
736 1 0 0 0 0 0 0 0 0
738 2 0 0 0 0 0 0 0 0
741 1 0 0 0 0 0 1 0 0
748 2 0 0 0 0 0 1 0 0
749 2 0 0 0 0 0 0 0 0
755 2 0 0 1 0 0 1 0 0
758 7 0 0 0 0 0 2 0 0
761 1 0 0 0 0 0 1 0 0
764 3 0 0 2 0 0 0 0 0
fn=map_doit
606 3 1 1 0 0 0 1 0 0
608 4 0 0 1 0 0 0 0 0
609 6 0 0 2 0 0 2 0 0
611 2 0 0 2 0 0 0 0 0
fn=rtld_lock_default_lock_recursive
801 5 1 1 0 0 0 0 0 0
802 5 0 0 5 2 1 0 0 0
803 5 0 0 5 0 0 0 0 0
fn=rtld_lock_default_unlock_recursive
807 5 0 0 0 0 0 0 0 0
808 5 0 0 5 1 0 0 0 0
809 5 0 0 5 0 0 0 0 0
fn=version_check_doit
639 3 1 1 0 0 0 1 0 0
641 6 0 0 2 0 0 1 0 0
645 2 0 0 2 0 0 0 0 0
fl=/build/glibc-sMfBJT/glibc-2.31/gmon/../sysdeps/posix/profil.c
fn=__profil_counter
42 6720 24 10 3360 2740 99 0 0 0
47 11760 0 0 1680 0 0 0 0 0
49 3360 0 0 1680 0 0 0 0 0
50 2912 0 0 2912 1357 65 0 0 0
fn=profil
66 11 1 1 2 2 1 5 1 0
75 5 0 0 0 0 0 0 0 0
88 2 1 1 0 0 0 0 0 0
103 2 0 0 0 0 0 1 0 0
104 2 1 1 0 0 0 1 0 0
105 1 0 0 0 0 0 1 0 0
106 1 0 0 0 0 0 1 0 0
109 3 0 0 0 0 0 1 1 0
115 1 1 1 0 0 0 1 0 0
116 8 0 0 0 0 0 8 1 0
117 5 1 1 0 0 0 1 1 0
120 1 0 0 0 0 0 1 0 0
121 7 0 0 0 0 0 2 0 0
122 2 0 0 1 0 0 1 0 0
123 4 0 0 0 0 0 1 0 0
124 9 1 1 7 0 0 0 0 0
fl=/build/glibc-sMfBJT/glibc-2.31/gmon/../sysdeps/unix/sysv/linux/prof-freq.c
fn=__profile_frequency
26 1 1 1 0 0 0 0 0 0
27 2 0 0 2 2 0 0 0 0
28 1 0 0 1 0 0 0 0 0
fl=/build/glibc-sMfBJT/glibc-2.31/gmon/../sysdeps/unix/sysv/linux/profil-counter.h
fn=__profil_counter
25 1680 2 1 0 0 0 0 0 0
32 1680 0 0 1680 1381 61 0 0 0
fl=/build/glibc-sMfBJT/glibc-2.31/gmon/../sysdeps/x86_64/_mcount.S
fn=mcount
27 146 10 8 0 0 0 0 0 0
29 146 0 0 0 0 0 0 0 0
31 146 0 0 0 0 0 146 50 13
33 146 13 9 0 0 0 146 0 0
35 146 0 0 0 0 0 146 0 0
37 146 0 0 0 0 0 146 0 0
39 146 0 0 0 0 0 146 0 0
41 146 0 0 0 0 0 146 0 0
43 146 0 0 0 0 0 146 0 0
48 146 0 0 146 0 0 0 0 0
50 146 0 0 146 0 0 0 0 0
51 146 0 0 0 0 0 146 6 4
54 146 0 0 146 0 0 0 0 0
56 146 0 0 146 0 0 0 0 0
58 146 0 0 146 0 0 0 0 0
60 146 0 0 146 0 0 0 0 0
62 146 1 1 146 0 0 0 0 0
64 146 0 0 146 0 0 0 0 0
66 146 0 0 146 0 0 0 0 0
68 146 0 0 0 0 0 0 0 0
70 146 0 0 146 0 0 0 0 0
fl=/build/glibc-sMfBJT/glibc-2.31/gmon/gmon.c
fn=monstartup
101 3 0 0 1 0 0 1 1 1
107 3 0 0 0 0 0 1 0 0
108 1 0 0 0 0 0 1 0 0
123 6 1 1 0 0 0 4 0 0
132 3 0 0 0 0 0 1 1 1
133 3 0 0 0 0 0 1 0 0
134 3 1 1 0 0 0 1 0 0
135 5 0 0 0 0 0 1 1 1
136 1 0 0 0 0 0 1 0 0
143 1 0 0 0 0 0 1 1 1
145 1 0 0 0 0 0 1 0 0
146 10 1 1 0 0 0 1 0 0
147 2 0 0 0 0 0 0 0 0
149 2 0 0 0 0 0 0 0 0
150 1 1 1 0 0 0 0 0 0
151 1 0 0 0 0 0 1 0 0
153 4 1 1 0 0 0 1 0 0
154 2 0 0 0 0 0 0 0 0
161 1 0 0 0 0 0 1 1 0
162 1 0 0 0 0 0 0 0 0
163 1 0 0 0 0 0 1 1 0
164 2 0 0 0 0 0 1 0 0
167 1 1 1 0 0 0 1 1 0
169 1 0 0 0 0 0 0 0 0
170 3 0 0 0 0 0 0 0 0
173 10 1 1 1 1 1 0 0 0
188 1 0 0 0 0 0 0 0 0
191 6 0 0 5 1 0 0 0 0
fl=/build/glibc-sMfBJT/glibc-2.31/gmon/mcount.c
fn=__mcount_internal
60 146 1 1 0 0 0 0 0 0
72 584 0 0 146 53 9 0 0 0
81 146 0 0 146 54 9 0 0 0
82 292 0 0 146 0 0 0 0 0
93 290 1 1 145 58 9 0 0 0
97 435 0 0 145 0 0 0 0 0
98 290 0 0 290 127 62 0 0 0
99 290 0 0 0 0 0 0 0 0
103 129 0 0 43 28 9 43 0 0
104 86 0 0 43 0 0 0 0 0
108 43 1 1 0 0 0 43 0 0
109 86 0 0 0 0 0 0 0 0
110 43 0 0 0 0 0 43 28 12
111 43 0 0 0 0 0 43 6 4
112 43 0 0 0 0 0 43 5 4
115 204 0 0 0 0 0 0 0 0
116 306 0 0 102 68 24 0 0 0
120 102 0 0 102 19 10 0 0 0
121 102 0 0 0 0 0 0 0 0
169 146 1 1 0 0 0 146 0 0
170 146 0 0 146 0 0 0 0 0
fl=/build/glibc-sMfBJT/glibc-2.31/io/../sysdeps/unix/sysv/linux/access.c
fn=access
25 1 1 1 0 0 0 0 0 0
27 7 0 0 0 0 0 1 0 0
31 1 0 0 1 0 0 0 0 0
fl=/build/glibc-sMfBJT/glibc-2.31/io/../sysdeps/unix/sysv/linux/close_nocancel.c
fn=__GI___close_nocancel
25 4 1 1 0 0 0 0 0 0
26 16 0 0 0 0 0 0 0 0
27 4 0 0 4 0 0 0 0 0
fn=__close_nocancel
25 55 1 1 0 0 0 0 0 0
26 220 1 1 0 0 0 0 0 0
27 55 0 0 55 0 0 0 0 0
fl=/build/glibc-sMfBJT/glibc-2.31/io/../sysdeps/unix/sysv/linux/open64.c
fn=open
37 550 51 9 55 0 0 220 0 0
40 385 40 9 0 0 0 0 0 0
48 579 0 0 55 0 0 0 0 0
50 385 1 1 275 0 0 0 0 0
fl=/build/glibc-sMfBJT/glibc-2.31/io/../sysdeps/unix/sysv/linux/open64_nocancel.c
fn=__open_nocancel
34 52 1 1 0 0 0 13 2 2
37 91 1 1 0 0 0 0 0 0
45 118 1 1 0 0 0 9 0 0
47 13 0 0 13 0 0 0 0 0
fl=/build/glibc-sMfBJT/glibc-2.31/io/../sysdeps/unix/sysv/linux/pread64_nocancel.c
fn=__pread64_nocancel
29 12 1 1 0 0 0 0 0 0
30 24 0 0 0 0 0 0 0 0
31 6 0 0 6 0 0 0 0 0
fl=/build/glibc-sMfBJT/glibc-2.31/io/../sysdeps/unix/sysv/linux/read.c
fn=read
25 836 1 1 0 0 0 0 0 0
26 5104 1 1 836 0 0 0 0 0
27 836 0 0 836 0 0 0 0 0
fl=/build/glibc-sMfBJT/glibc-2.31/io/../sysdeps/unix/sysv/linux/read_nocancel.c
fn=__read_nocancel
25 3 1 1 0 0 0 0 0 0
26 12 0 0 0 0 0 0 0 0
27 3 0 0 3 0 0 0 0 0
fl=/build/glibc-sMfBJT/glibc-2.31/io/../sysdeps/unix/sysv/linux/wordsize-64/fxstat.c
fn=_fxstat
33 240 2 2 0 0 0 0 0 0
34 120 1 1 0 0 0 0 0 0
35 240 0 0 0 0 0 0 0 0
39 60 0 0 60 0 0 0 0 0
fl=/build/glibc-sMfBJT/glibc-2.31/io/../sysdeps/unix/sysv/linux/wordsize-64/xstat.c
fn=_xstat
33 32 1 1 0 0 0 0 0 0
34 16 0 0 0 0 0 0 0 0
35 60 0 0 7 0 0 7 0 0
39 1 0 0 1 0 0 0 0 0
fl=/build/glibc-sMfBJT/glibc-2.31/io/../sysdeps/unix/sysv/linux/write.c
fn=write
25 5 1 1 0 0 0 0 0 0
26 37 0 0 5 0 0 0 0 0
27 5 0 0 5 0 0 0 0 0
fl=/build/glibc-sMfBJT/glibc-2.31/libio/../include/sys/sysmacros.h
fn=_IO_file_doallocate
47 6 0 0 0 0 0 0 0 0
fl=/build/glibc-sMfBJT/glibc-2.31/libio/../sysdeps/unix/sysv/linux/x86/lowlevellock.h
fn=_IO_link_in
47 220 0 0 110 0 0 0 0 0
fn=__GI__IO_un_link.part.0
47 220 0 0 110 0 0 0 0 0
fn=fclose@@GLIBC_2.2.5
47 110 0 0 55 0 0 0 0 0
fn=puts
47 2 0 0 1 0 0 0 0 0
fl=/build/glibc-sMfBJT/glibc-2.31/libio/filedoalloc.c
fn=_IO_file_doallocate
78 504 2 2 56 0 0 224 0 0
84 504 38 9 168 0 0 56 2 0
86 224 0 0 56 1 0 0 0 0
89 2 0 0 0 0 0 0 0 0
91 2 1 1 1 0 0 0 0 0
94 2 1 1 1 0 0 0 0 0
97 224 0 0 56 0 0 0 0 0
101 168 0 0 0 0 0 56 0 0
102 112 0 0 0 0 0 0 0 0
104 224 40 9 0 0 0 56 0 0
105 56 0 0 0 0 0 0 0 0
106 448 0 0 336 0 0 0 0 0
fl=/build/glibc-sMfBJT/glibc-2.31/libio/fileops.c
fn=_IO_do_write@@GLIBC_2.2.5
424 86 2 2 5 0 0 30 1 0
426 38 0 0 0 0 0 0 0 0
427 41 0 0 36 0 0 0 0 0
434 10 0 0 5 0 0 0 0 0
441 20 0 0 10 0 0 0 0 0
449 25 1 1 5 0 0 5 0 0
450 25 0 0 5 0 0 0 0 0
452 20 0 0 5 0 0 15 0 0
453 10 0 0 0 0 0 10 0 0
454 5 0 0 0 0 0 5 0 0
455 10 1 1 5 0 0 0 0 0
456 15 0 0 5 0 0 0 0 0
fn=_IO_file_close
1165 55 12 6 0 0 0 0 0 0
1168 110 0 0 55 0 0 0 0 0
fn=_IO_file_close_it@@GLIBC_2.2.5
129 220 1 1 0 0 0 165 0 0
131 165 0 0 55 0 0 0 0 0
134 110 0 0 0 0 0 0 0 0
135 165 1 1 55 0 0 0 0 0
138 55 0 0 0 0 0 0 0 0
140 110 0 0 0 0 0 55 0 0
143 385 0 0 165 0 0 55 0 0
146 165 0 0 55 0 0 0 0 0
154 275 1 1 0 0 0 55 0 0
155 220 0 0 0 0 0 165 0 0
158 110 0 0 0 0 0 55 0 0
159 55 1 1 0 0 0 55 0 0
160 55 0 0 0 0 0 55 0 0
161 55 0 0 0 0 0 55 0 0
163 110 0 0 0 0 0 0 0 0
164 275 0 0 220 0 0 0 0 0
fn=_IO_file_finish@@GLIBC_2.2.5
169 275 1 1 0 0 0 110 0 0
170 110 0 0 55 0 0 0 0 0
176 165 0 0 0 0 0 0 0 0
177 165 1 1 110 0 0 0 0 0
fn=_IO_file_fopen@@GLIBC_2.2.5
214 605 1 1 55 0 0 385 0 0
215 110 0 0 0 0 0 0 0 0
223 110 0 0 55 0 0 0 0 0
225 330 1 1 55 36 9 0 0 0
228 55 0 0 0 0 0 0 0 0
229 55 1 1 0 0 0 0 0 0
248 440 8 5 55 0 0 0 0 0
281 275 3 2 0 0 0 55 0 0
284 110 0 0 0 0 0 0 0 0
287 220 0 0 0 0 0 55 0 0
288 110 0 0 0 0 0 0 0 0
357 660 0 0 495 0 0 0 0 0
fn=_IO_file_open
183 495 1 1 0 0 0 165 0 0
185 110 1 1 55 0 0 0 0 0
186 55 0 0 0 0 0 0 0 0
189 110 0 0 0 0 0 55 0 0
190 110 0 0 0 0 0 0 0 0
192 55 0 0 0 0 0 55 0 0
193 330 0 0 55 0 0 55 0 0
196 165 0 0 0 0 0 0 0 0
206 110 1 1 0 0 0 55 0 0
207 55 0 0 0 0 0 0 0 0
208 220 0 0 220 0 0 0 0 0
fn=_IO_file_overflow@@GLIBC_2.2.5
732 135 1 1 0 0 0 81 0 0
733 108 1 1 27 0 0 0 0 0
740 159 0 0 53 0 0 0 0 0
743 2 1 1 0 0 0 0 0 0
745 2 1 1 0 0 0 1 0 0
746 6 0 0 2 0 0 3 0 0
755 2 0 0 0 0 0 0 0 0
764 4 1 1 2 0 0 0 0 0
769 9 0 0 0 0 0 3 0 0
771 3 0 0 0 0 0 1 0 0
772 5 1 1 1 0 0 0 0 0
773 1 0 0 0 0 0 1 0 0
775 54 0 0 0 0 0 0 0 0
776 8 0 0 0 0 0 0 0 0
777 4 0 0 0 0 0 0 0 0
778 46 0 0 23 0 0 0 0 0
781 69 0 0 0 0 0 46 0 0
782 69 0 0 23 0 0 0 0 0
783 92 0 0 0 0 0 0 0 0
784 8 1 1 0 0 0 2 0 0
785 6 0 0 4 0 0 0 0 0
787 23 0 0 0 0 0 0 0 0
788 104 0 0 104 0 0 0 0 0
fn=_IO_file_read
1131 836 1 1 0 0 0 0 0 0
1132 836 0 0 836 0 0 0 0 0
1133 836 0 0 0 0 0 0 0 0
1134 2508 0 0 836 0 0 0 0 0
fn=_IO_file_stat
1147 112 1 1 0 0 0 0 0 0
1148 168 1 1 56 0 0 0 0 0
fn=_IO_file_underflow@@GLIBC_2.2.5
462 7524 1 1 0 0 0 5016 0 0
466 2508 0 0 836 0 0 0 0 0
469 1672 0 0 0 0 0 0 0 0
475 2508 1 1 1672 0 0 0 0 0
478 1672 0 0 836 0 0 0 0 0
481 165 2 2 55 0 0 0 0 0
486 165 0 0 55 0 0 55 0 0
490 1727 0 0 0 0 0 0 0 0
506 1672 0 0 0 0 0 836 0 0
512 5016 0 0 1672 0 0 2508 0 0
517 4180 0 0 2508 22 0 836 0 0
519 1672 0 0 0 0 0 0 0 0
522 216 1 1 0 0 0 36 0 0
526 800 0 0 800 0 0 0 0 0
532 72 0 0 36 0 0 36 0 0
533 36 0 0 0 0 0 0 0 0
535 2400 0 0 800 0 0 0 0 0
537 1600 0 0 1600 35 9 0 0 0
538 6688 1 1 5852 0 0 0 0 0
fn=_IO_file_write@@GLIBC_2.2.5
1174 35 0 0 0 0 0 20 0 0
1176 40 0 0 0 0 0 0 0 0
1178 5 1 1 5 0 0 0 0 0
1180 10 0 0 0 0 0 0 0 0
1181 15 0 0 5 0 0 5 0 0
1182 10 0 0 0 0 0 0 0 0
1187 5 0 0 0 0 0 0 0 0
1188 5 0 0 0 0 0 0 0 0
1191 15 0 0 5 0 0 0 0 0
1194 45 1 1 25 0 0 0 0 0
fn=_IO_file_xsputn@@GLIBC_2.2.5
1198 72 1 1 0 0 0 54 1 0
1204 54 0 0 9 2 1 0 0 0
1205 9 0 0 0 0 0 0 0 0
1211 36 0 0 9 0 0 0 0 0
1213 16 1 0 8 0 0 0 0 0
1214 16 0 0 0 0 0 0 0 0
1217 140 1 1 0 0 0 0 0 0
1219 168 0 0 56 0 0 0 0 0
1221 3 1 1 0 0 0 0 0 0
1228 3 0 0 1 0 0 0 0 0
1232 10 1 1 0 0 0 0 0 0
1234 8 0 0 0 0 0 0 0 0
1236 24 0 0 0 0 0 16 0 0
1237 8 0 0 0 0 0 0 0 0
1238 32 0 0 0 0 0 0 0 0
1240 26 0 0 0 0 0 0 0 0
1244 24 0 0 8 0 0 4 1 0
1250 8 0 0 8 0 0 0 0 0
1251 28 1 1 0 0 0 0 0 0
1253 8 0 0 0 0 0 0 0 0
1264 12 0 0 0 0 0 0 0 0
1265 14 0 0 0 0 0 2 0 0
1268 81 1 1 63 0 0 0 0 0
fn=_IO_new_file_init_internal
107 165 1 1 0 0 0 55 0 0
111 55 0 0 0 0 0 55 0 0
112 55 0 0 55 0 0 0 0 0
114 55 0 0 0 0 0 55 0 0
115 55 1 1 0 0 0 55 0 0
116 110 0 0 110 0 0 0 0 0
fl=/build/glibc-sMfBJT/glibc-2.31/libio/genops.c
fn=_IO_default_finish
54 110 0 0 55 0 0 0 0 0
601 165 18 8 0 0 0 55 0 0
603 165 19 8 55 0 0 0 0 0
609 165 0 0 55 0 0 0 0 0
612 165 0 0 55 0 0 0 0 0
624 110 22 8 110 0 0 0 0 0
fn=_IO_default_uflow
361 4180 1 1 0 0 0 1672 0 0
362 2508 0 0 1672 0 0 836 0 0
363 1672 0 0 0 0 0 0 0 0
365 3200 1 1 1600 0 0 800 0 0
366 3344 0 0 2508 0 0 0 0 0
fn=_IO_default_xsputn
371 1968 0 0 0 0 0 984 36 11
374 328 0 0 0 0 0 0 0 0
379 766 1 1 372 0 0 0 0 0
381 162 0 0 0 0 0 0 0 0
382 324 0 0 0 0 0 0 0 0
384 324 0 0 0 0 0 0 0 0
389 324 0 0 0 0 0 0 0 0
393 3611 1 1 0 0 0 0 0 0
394 1218 0 0 609 0 0 609 1 0
395 648 1 1 0 0 0 162 0 0
397 162 0 0 0 0 0 0 0 0
399 526 0 0 66 0 0 22 0 0
401 22 0 0 0 0 0 0 0 0
404 1312 1 1 1148 0 0 0 0 0
fn=_IO_doallocbuf
343 224 2 2 0 0 0 168 0 0
344 112 0 0 56 0 0 0 0 0
346 224 0 0 56 0 0 0 0 0
347 280 1 1 112 35 8 56 1 0
350 224 0 0 224 0 0 0 0 0
fn=_IO_link_in
87 880 1 1 110 0 0 440 0 0
88 330 0 0 110 0 0 0 0 0
90 165 1 1 0 0 0 55 0 0
92 330 0 0 55 34 8 110 0 0
93 550 1 1 220 35 9 110 0 0
94 55 0 0 0 0 0 55 0 0
95 770 2 2 440 0 0 55 0 0
97 110 0 0 55 35 8 55 0 0
98 55 0 0 0 0 0 55 0 0
100 770 1 1 275 0 0 110 0 0
101 55 0 0 0 0 0 55 0 0
102 440 1 1 110 0 0 110 0 0
103 110 0 0 0 0 0 0 0 0
106 880 1 1 660 0 0 0 0 0
fn=_IO_no_init
563 1090 4 3 0 0 0 436 19 6
564 109 0 0 0 0 0 109 15 7
565 109 0 0 0 0 0 109 20 6
566 218 0 0 0 0 0 0 0 0
568 55 1 1 0 0 0 55 0 0
572 330 0 0 0 0 0 275 37 9
579 55 0 0 0 0 0 55 36 9
581 55 0 0 0 0 0 55 35 8
586 108 3 3 0 0 0 54 0 0
587 109 0 0 0 0 0 109 0 0
588 654 0 0 545 0 0 0 0 0
fn=_IO_old_init
531 109 1 1 0 0 0 0 0 0
532 218 0 0 0 0 0 109 17 2
533 109 0 0 0 0 0 109 17 2
534 327 0 0 109 35 9 0 0 0
539 763 0 0 0 0 0 654 17 7
544 109 0 0 0 0 0 109 38 9
550 218 2 2 0 0 0 109 0 0
555 327 0 0 109 0 0 0 0 0
556 110 0 0 0 0 0 110 36 9
558 109 0 0 109 0 0 0 0 0
fn=_IO_setb
329 1320 1 1 0 0 0 660 4 2
330 770 0 0 330 0 0 0 0 0
331 165 0 0 55 0 0 55 0 0
332 495 0 0 330 0 0 165 0 0
334 165 0 0 0 0 0 165 0 0
335 825 0 0 0 0 0 0 0 0
338 660 0 0 495 0 0 0 0 0
fn=_IO_switch_to_get_mode
164 4180 1 1 0 0 0 1672 0 0
165 2508 1 1 1672 0 0 0 0 0
168 2508 1 1 836 0 0 0 0 0
172 1672 0 0 836 0 0 836 0 0
173 1672 0 0 836 0 0 0 0 0
176 836 0 0 0 0 0 836 0 0
178 1672 0 0 0 0 0 1672 0 0
180 1672 0 0 0 0 0 836 0 0
181 836 0 0 0 0 0 0 0 0
182 3344 0 0 2508 0 0 0 0 0
fn=_IO_un_link
53 110 1 1 0 0 0 0 0 0
54 275 0 0 110 0 0 0 0 0
82 55 0 0 55 0 0 0 0 0
fn=_IO_unsave_markers
960 165 1 1 0 0 0 55 0 0
962 110 0 0 55 0 0 0 0 0
967 165 0 0 55 0 0 0 0 0
969 110 6 3 110 0 0 0 0 0
fn=__GI__IO_un_link.part.0
52 440 1 1 55 0 0 220 0 0
58 385 1 1 55 5 0 110 0 0
59 550 2 2 220 1 0 110 0 0
60 55 0 0 0 0 0 55 1 0
61 880 1 1 440 0 0 55 0 0
63 220 1 1 55 1 0 0 0 0
65 165 0 0 55 0 0 0 0 0
66 55 0 0 0 0 0 55 0 0
74 110 0 0 0 0 0 55 0 0
76 770 1 1 330 0 0 110 0 0
77 55 0 0 0 0 0 55 0 0
78 440 1 1 110 0 0 110 0 0
79 110 0 0 0 0 0 0 0 0
82 440 0 0 330 0 0 0 0 0
fn=__overflow
199 3 1 1 0 0 0 1 0 0
201 3 0 0 1 0 0 0 0 0
203 3 0 0 2 0 0 0 0 0
204 2 0 0 1 0 0 0 0 0
fn=__uflow
299 4180 1 1 0 0 0 1672 0 0
300 4125 41 10 836 22 0 55 0 0
305 4180 0 0 2508 0 0 0 0 0
308 1672 0 0 0 0 0 0 0 0
310 1672 0 0 0 0 0 0 0 0
316 1672 0 0 836 0 0 0 0 0
321 2508 4 2 836 0 0 0 0 0
323 3344 1 1 1672 35 8 0 0 0
324 2508 0 0 1672 0 0 0 0 0
fl=/build/glibc-sMfBJT/glibc-2.31/libio/getc.c
fn=getc
34 15734355 1 1 0 0 0 6293742 0 0
37 6293742 0 0 3146871 0 0 0 0 0
38 18879554 1 1 9439777 2063 430 3146035 0 0
43 15732683 0 0 9439777 0 0 0 0 0
fl=/build/glibc-sMfBJT/glibc-2.31/libio/iofclose.c
fn=fclose@@GLIBC_2.2.5
34 275 1 1 0 0 0 165 0 0
48 165 0 0 55 0 0 0 0 0
49 55 1 1 0 0 0 55 0 0
51 770 1 1 440 0 0 55 0 0
52 220 0 0 0 0 0 0 0 0
53 330 0 0 55 0 0 55 0 0
57 220 0 0 110 36 8 55 0 0
58 165 0 0 55 0 0 0 0 0
71 110 0 0 55 0 0 0 0 0
76 275 0 0 220 0 0 0 0 0
fl=/build/glibc-sMfBJT/glibc-2.31/libio/iofopen.c
fn=fopen@@GLIBC_2.2.5
37 110 0 0 55 0 0 0 0 0
65 110 0 0 0 0 0 55 0 0
67 165 0 0 0 0 0 0 0 0
70 110 0 0 0 0 0 55 35 9
72 385 3 3 0 0 0 55 0 0
73 110 0 0 0 0 0 55 0 0
74 110 0 0 0 0 0 55 0 0
75 385 1 1 0 0 0 55 0 0
85 440 7 7 0 0 0 220 0 0
87 385 24 9 275 0 0 0 0 0
fl=/build/glibc-sMfBJT/glibc-2.31/libio/ioputs.c
fn=puts
33 7 1 1 0 0 0 5 0 0
35 2 0 0 0 0 0 1 0 0
36 16 1 1 10 0 0 1 0 0
38 2 0 0 0 0 0 0 0 0
39 3 1 1 1 0 0 0 0 0
40 6 0 0 2 0 0 1 0 0
41 8 1 1 3 0 0 1 0 0
42 4 1 1 0 0 0 0 0 0
46 7 0 0 6 0 0 0 0 0
fl=/build/glibc-sMfBJT/glibc-2.31/libio/iovsprintf.c
fn=__vsprintf_internal
72 864 2 2 54 0 0 378 25 7
77 54 0 0 0 0 0 54 37 9
79 378 0 0 0 0 0 54 35 10
87 270 1 1 0 0 0 54 0 0
91 486 0 0 0 0 0 54 0 0
95 270 0 0 0 0 0 54 0 0
97 108 0 0 54 0 0 54 0 0
99 594 1 1 486 0 0 0 0 0
fl=/build/glibc-sMfBJT/glibc-2.31/libio/libioP.h
fn=_IO_default_uflow
941 2508 0 0 0 0 0 0 0 0
943 1672 0 0 0 0 0 0 0 0
944 1672 0 0 0 0 0 0 0 0
fn=_IO_default_xsputn
941 492 1 1 0 0 0 0 0 0
943 44 0 0 0 0 0 0 0 0
944 44 0 0 0 0 0 0 0 0
fn=_IO_do_write@@GLIBC_2.2.5
944 10 1 1 0 0 0 0 0 0
fn=_IO_doallocbuf
941 168 0 0 0 0 0 0 0 0
943 112 0 0 0 0 0 0 0 0
944 112 0 0 0 0 0 0 0 0
fn=_IO_file_close_it@@GLIBC_2.2.5
941 165 0 0 0 0 0 0 0 0
943 110 0 0 0 0 0 0 0 0
944 110 1 1 0 0 0 0 0 0
fn=_IO_file_doallocate
941 168 0 0 0 0 0 0 0 0
943 112 0 0 0 0 0 0 0 0
944 112 0 0 0 0 0 0 0 0
fn=_IO_file_underflow@@GLIBC_2.2.5
885 4180 2 2 0 0 0 0 0 0
943 1672 0 0 0 0 0 0 0 0
944 1672 1 1 0 0 0 0 0 0
fn=_IO_file_xsputn@@GLIBC_2.2.5
941 12 1 1 0 0 0 0 0 0
943 8 0 0 0 0 0 0 0 0
944 8 0 0 0 0 0 0 0 0
947 6 1 1 0 0 0 0 0 0
fn=__overflow
941 3 1 1 0 0 0 0 0 0
943 2 0 0 0 0 0 0 0 0
944 2 0 0 0 0 0 0 0 0
fn=__uflow
941 2508 0 0 0 0 0 0 0 0
943 1672 0 0 0 0 0 0 0 0
944 1672 0 0 0 0 0 0 0 0
fn=fclose@@GLIBC_2.2.5
856 220 1 1 110 35 8 0 0 0
857 220 0 0 55 0 0 0 0 0
863 110 0 0 0 0 0 55 0 0
884 110 0 0 0 0 0 0 0 0
885 495 2 2 220 0 0 55 0 0
941 165 0 0 0 0 0 0 0 0
943 110 0 0 0 0 0 0 0 0
944 110 0 0 0 0 0 0 0 0
fn=puts
884 2 0 0 1 0 0 0 0 0
885 10 1 1 4 0 0 2 0 0
941 3 1 1 0 0 0 0 0 0
943 2 0 0 0 0 0 0 0 0
944 2 0 0 0 0 0 0 0 0
fl=/build/glibc-sMfBJT/glibc-2.31/libio/strops.c
fn=_IO_str_init_static_internal
36 486 1 1 0 0 0 216 0 0
40 108 0 0 0 0 0 0 0 0
41 54 0 0 0 0 0 0 0 0
42 54 1 1 0 0 0 0 0 0
43 216 0 0 0 0 0 0 0 0
46 378 1 1 0 0 0 108 17 2
49 108 0 0 54 0 0 54 0 0
50 54 0 0 0 0 0 54 0 0
51 108 0 0 0 0 0 0 0 0
53 216 0 0 0 0 0 54 0 0
55 54 0 0 0 0 0 54 0 0
64 54 0 0 0 0 0 54 0 0
65 324 0 0 270 0 0 0 0 0
fl=/build/glibc-sMfBJT/glibc-2.31/libio/vtables.c
fn=check_stdfiles_vtables
83 1 1 1 0 0 0 0 0 0
84 4 0 0 2 1 0 0 0 0
85 3 1 1 2 1 0 0 0 0
86 3 0 0 2 1 0 0 0 0
88 1 0 0 1 0 0 0 0 0
fl=/build/glibc-sMfBJT/glibc-2.31/malloc/../sysdeps/unix/sysv/linux/x86/lowlevellock.h
fn=tcache_init.part.0
47 2 0 0 1 0 0 0 0 0
fl=/build/glibc-sMfBJT/glibc-2.31/malloc/arena.c
fn=malloc_hook_ini
291 5 0 0 2 2 1 1 0 0
fn=ptmalloc_init.part.0
289 5 1 1 1 0 0 2 0 0
294 1 0 0 0 0 0 1 0 0
302 2 0 0 1 1 1 0 0 0
303 7 1 1 0 0 0 1 0 0
304 4 0 0 2 1 0 0 0 0
308 4 1 1 1 1 0 1 1 0
313 5 1 1 0 0 0 1 0 0
314 4 0 0 0 0 0 1 0 0
315 4 1 1 0 0 0 1 0 0
316 4 0 0 0 0 0 1 0 0
317 4 0 0 0 0 0 1 0 0
318 4 1 1 0 0 0 1 0 0
319 4 0 0 0 0 0 1 0 0
320 4 0 0 0 0 0 1 0 0
322 4 1 1 0 0 0 1 0 0
323 4 0 0 0 0 0 1 0 0
324 4 0 0 0 0 0 1 0 0
327 4 1 1 0 0 0 1 0 0
396 2 0 0 2 2 1 0 0 0
397 2 0 0 0 0 0 0 0 0
400 1 0 0 0 0 0 1 1 0
401 6 0 0 4 1 0 0 0 0
fn=sysmalloc
536 12 0 0 0 0 0 4 0 0
fl=/build/glibc-sMfBJT/glibc-2.31/malloc/hooks.c
fn=malloc_hook_ini
29 5 1 1 0 0 0 3 0 0
30 2 0 0 1 0 0 1 0 0
33 5 0 0 4 0 0 0 0 0
fl=/build/glibc-sMfBJT/glibc-2.31/malloc/malloc.c
fn=_int_free
1875 210 3 3 70 0 0 0 0 0
2924 110 1 1 0 0 0 55 0 0
2926 110 0 0 55 6 0 55 0 0
2927 55 1 1 0 0 0 55 0 0
2928 110 0 0 0 0 0 55 0 0
4155 1375 2 2 125 15 4 875 16 4
4165 375 0 0 125 0 0 0 0 0
4171 625 0 0 0 0 0 0 0 0
4172 250 0 0 0 0 0 0 0 0
4176 500 3 3 0 0 0 0 0 0
4183 250 0 0 0 0 0 0 0 0
4184 875 0 0 375 20 4 0 0 0
4187 55 0 0 0 0 0 0 0 0
4193 110 0 0 55 0 0 0 0 0
4206 275 0 0 110 2 0 0 0 0
4209 55 0 0 0 0 0 0 0 0
4220 140 3 3 70 20 4 0 0 0
4295 140 3 3 70 0 0 0 0 0
4298 70 0 0 70 0 0 0 0 0
4301 210 0 0 0 0 0 70 15 4
4304 70 8 6 0 0 0 0 0 0
4308 210 0 0 70 16 4 0 0 0
4311 280 1 1 70 16 4 0 0 0
4313 210 1 1 70 16 4 0 0 0
4316 210 0 0 70 0 0 0 0 0
4319 140 0 0 0 0 0 0 0 0
4320 140 0 0 0 0 0 0 0 0
4321 140 0 0 70 21 4 0 0 0
4327 140 0 0 70 0 0 0 0 0
4336 140 1 1 70 0 0 0 0 0
4379 70 1 1 0 0 0 0 0 0
4380 210 0 0 0 0 0 70 0 0
4381 140 0 0 0 0 0 70 0 0
4398 140 1 1 0 0 0 0 0 0
4399 207 1 1 69 0 0 0 0 0
4402 207 0 0 0 0 0 0 0 0
4404 345 1 1 207 48 7 0 0 0
4406 15 1 1 5 0 0 5 1 0
4418 210 0 0 70 0 0 0 0 0
4428 1375 3 3 1125 0 0 0 0 0
fn=_int_malloc
1208 160 1 1 0 0 0 0 0 0
1210 400 1 1 0 0 0 0 0 0
1637 160 0 0 0 0 0 0 0 0
1868 240 0 0 80 0 0 0 0 0
3513 720 1 1 0 0 0 480 3 0
3553 160 0 0 0 0 0 0 0 0
3577 160 0 0 80 32 3 0 0 0
3582 4 1 1 2 0 0 0 0 0
3584 4 0 0 0 0 0 0 0 0
3589 15 2 2 0 0 0 0 0 0
3635 156 0 0 0 0 0 0 0 0
3637 15 1 1 0 0 0 5 1 0
3638 10 1 1 0 0 0 0 0 0
3640 70 1 1 5 3 0 45 1 0
3697 2752 5 4 0 0 0 861 1 0
3698 225 0 0 75 32 4 0 0 0
3716 397 0 0 79 0 0 159 2 0
3717 240 0 0 0 0 0 0 0 0
3718 240 0 0 160 0 0 0 0 0
3722 160 1 1 0 0 0 80 0 0
3728 240 0 0 80 32 4 0 0 0
3795 240 0 0 0 0 0 160 0 0
3917 160 5 5 0 0 0 0 0 0
3919 300 0 0 75 0 0 0 0 0
3922 225 4 4 75 43 11 0 0 0
3990 160 1 1 80 0 0 0 0 0
3991 160 0 0 0 0 0 0 0 0
3992 160 0 0 0 0 0 0 0 0
3993 160 0 0 80 36 8 0 0 0
3994 240 0 0 0 0 0 0 0 0
3999 160 1 1 0 0 0 0 0 0
4003 268 1 1 0 0 0 0 0 0
4006 53 1 1 14 0 0 0 0 0
4103 80 0 0 80 0 0 0 0 0
4104 160 1 1 80 32 4 0 0 0
4106 160 0 0 80 33 4 0 0 0
4109 246 0 0 0 0 0 6 0 0
4111 74 0 0 0 0 0 0 0 0
4112 148 1 1 74 0 0 0 0 0
4113 74 0 0 0 0 0 74 0 0
4114 592 1 1 0 0 0 74 0 0
4116 148 0 0 0 0 0 74 54 20
4119 74 0 0 0 0 0 0 0 0
4126 18 0 0 6 0 0 0 0 0
4141 30 2 2 6 0 0 6 0 0
4142 12 0 0 0 0 0 0 0 0
4147 736 1 1 560 0 0 0 0 0
fn=calloc
3366 132 1 1 0 0 0 88 0 0
3376 198 0 0 0 0 0 0 0 0
3384 44 0 0 44 2 0 0 0 0
3385 44 1 1 0 0 0 0 0 0
3387 4 1 1 1 0 0 1 0 0
3388 2 0 0 0 0 0 0 0 0
3391 2 0 0 0 0 0 0 0 0
3394 63 0 0 42 0 0 0 0 0
3396 63 0 0 21 0 0 0 0 0
3406 21 0 0 21 0 0 0 0 0
3407 63 0 0 21 0 0 0 0 0
3428 84 1 1 0 0 0 21 0 0
3430 200 3 3 21 0 0 0 0 0
3433 63 0 0 21 0 0 0 0 0
3447 42 0 0 0 0 0 0 0 0
3450 19 1 1 0 0 0 0 0 0
3453 84 1 1 42 0 0 0 0 0
3455 4 0 0 0 0 0 0 0 0
3456 1 0 0 0 0 0 0 0 0
3461 19 0 0 0 0 0 0 0 0
3464 133 0 0 0 0 0 0 0 0
3475 19 0 0 0 0 0 0 0 0
3477 38 0 0 0 0 0 0 0 0
3479 38 1 1 0 0 0 0 0 0
3480 85 3 3 0 0 0 17 0 0
3484 4 0 0 0 0 0 2 0 0
3486 2 0 0 0 0 0 2 0 0
3487 4 0 0 0 0 0 0 0 0
3505 152 0 0 109 16 3 0 0 0
fn=free
3087 254 1 1 0 0 0 0 0 0
3092 254 0 0 254 73 15 0 0 0
3093 254 0 0 0 0 0 0 0 0
3099 254 0 0 0 0 0 0 0 0
3102 127 0 0 0 0 0 0 0 0
3104 381 0 0 127 19 6 0 0 0
3108 6 0 0 2 2 2 0 0 0
3110 8 0 0 2 0 0 0 0 0
3111 8 2 2 4 2 2 0 0 0
3113 4 0 0 0 0 0 2 0 0
3114 4 2 2 0 0 0 2 0 0
3115 4 0 0 0 0 0 0 0 0
3118 4 0 0 0 0 0 0 0 0
3122 375 0 0 250 36 8 0 0 0
3124 375 1 1 0 0 0 0 0 0
3125 250 0 0 0 0 0 0 0 0
3126 127 0 0 0 0 0 0 0 0
fn=malloc
1208 222 0 0 0 0 0 0 0 0
1210 888 2 2 0 0 0 0 0 0
2936 108 0 0 54 34 8 0 0 0
2937 108 0 0 54 35 8 54 0 0
2938 108 0 0 0 0 0 54 0 0
2939 54 1 1 0 0 0 54 0 0
3023 555 1 1 0 0 0 333 1 0
3031 222 0 0 222 67 11 0 0 0
3032 222 0 0 0 0 0 0 0 0
3044 444 0 0 222 32 4 0 0 0
3047 222 0 0 111 31 4 0 0 0
3048 56 1 1 0 0 0 0 0 0
3049 168 0 0 56 37 8 0 0 0
3051 54 0 0 0 0 0 0 0 0
3056 171 0 0 57 0 0 0 0 0
3058 228 1 1 0 0 0 57 0 0
3059 399 0 0 57 0 0 0 0 0
3082 555 0 0 444 0 0 0 0 0
fn=malloc_hook_ini
1208 2 1 1 0 0 0 0 0 0
1210 8 1 1 0 0 0 0 0 0
2978 4 0 0 2 1 0 1 0 0
3032 2 0 0 0 0 0 0 0 0
3044 4 0 0 2 1 0 0 0 0
3047 2 1 1 1 0 0 0 0 0
3056 3 1 1 1 0 0 0 0 0
3058 4 0 0 0 0 0 1 0 0
3059 7 0 0 1 0 0 0 0 0
fn=munmap_chunk
2809 2 1 1 0 0 0 0 0 0
2810 4 0 0 4 4 4 0 0 0
2811 6 0 0 2 0 0 0 0 0
2813 4 0 0 0 0 0 0 0 0
2817 8 2 2 4 0 0 0 0 0
2820 2 0 0 0 0 0 0 0 0
2821 6 0 0 2 0 0 0 0 0
2822 2 0 0 0 0 0 0 0 0
2828 8 0 0 0 0 0 0 0 0
2829 10 0 0 0 0 0 0 0 0
2832 2 0 0 4 0 0 0 0 0
2833 6 0 0 4 0 0 0 0 0
2838 4 0 0 0 0 0 0 0 0
2839 2 0 0 0 0 0 0 0 0
fn=ptmalloc_init.part.0
1795 257 0 0 0 0 0 0 0 0
1798 508 0 0 0 0 0 127 33 32
1806 1 0 0 0 0 0 1 1 1
1807 1 0 0 0 0 0 1 1 1
1809 1 0 0 0 0 0 1 0 0
fn=sysmalloc
2255 48 2 2 0 0 0 36 1 0
2275 12 0 0 12 3 2 0 0 0
2286 12 0 0 0 0 0 0 0 0
2287 26 0 0 6 2 1 4 1 0
2288 6 1 1 4 0 0 0 0 0
2302 24 1 1 0 0 0 8 0 0
2308 4 0 0 0 0 0 0 0 0
2310 14 1 1 0 0 0 2 0 0
2312 4 0 0 0 0 0 0 0 0
2327 6 1 1 0 0 0 0 0 0
2342 2 0 0 0 0 0 2 2 2
2343 6 1 1 0 0 0 2 0 0
2348 6 0 0 4 0 0 0 0 0
2349 8 0 0 3 0 0 0 0 0
2352 6 0 0 4 0 0 0 0 0
2353 10 0 0 4 0 0 0 0 0
2368 4 0 0 4 0 0 0 0 0
2369 12 0 0 4 0 0 0 0 0
2370 4 0 0 0 0 0 0 0 0
2379 31 0 0 4 0 0 0 0 0
2385 12 1 1 0 0 0 0 0 0
2388 12 0 0 0 0 0 0 0 0
2449 36 1 1 8 0 0 4 0 0
2460 4 1 1 0 0 0 0 0 0
2468 12 0 0 0 0 0 0 0 0
2470 24 0 0 8 1 0 12 0 0
2471 4 0 0 0 0 0 0 0 0
2474 16 0 0 8 0 0 0 0 0
2477 8 1 1 8 1 0 0 0 0
2478 8 0 0 0 0 0 0 0 0
2524 27 0 0 8 1 1 0 0 0
2525 2 1 1 0 0 0 1 0 0
2526 4 0 0 0 0 0 4 0 0
2532 14 1 1 0 0 0 0 0 0
2533 15 0 0 3 0 0 3 0 0
2535 4 2 2 1 0 0 0 0 0
2575 3 0 0 0 0 0 0 0 0
2597 2 0 0 0 0 0 0 0 0
2598 6 1 1 1 0 0 0 0 0
2600 2 0 0 0 0 0 0 0 0
2601 2 0 0 2 0 0 1 0 0
2613 2 0 0 0 0 0 0 0 0
2621 2 0 0 2 0 0 0 0 0
2622 9 1 1 2 0 0 1 0 0
2660 1 1 1 0 0 0 1 0 0
2661 4 1 1 0 0 0 1 1 1
2662 1 0 0 0 0 0 1 0 0
2673 2 0 0 0 0 0 0 0 0
2705 8 1 1 4 0 0 0 0 0
2706 4 0 0 0 0 0 4 0 0
2711 8 0 0 4 0 0 0 0 0
2714 8 0 0 0 0 0 0 0 0
2716 12 1 1 0 0 0 0 0 0
2717 4 0 0 0 0 0 0 0 0
2718 12 0 0 0 0 0 4 0 0
2719 12 0 0 0 0 0 4 0 0
2720 8 0 0 0 0 0 4 4 4
2722 4 0 0 0 0 0 0 0 0
2728 54 0 0 42 0 0 0 0 0
fn=systrim.isra.0.constprop.0
2741 25 1 1 0 0 0 20 0 0
2751 5 0 0 5 1 0 0 0 0
2752 15 0 0 10 0 0 0 0 0
2754 5 0 0 0 0 0 0 0 0
2755 10 3 1 0 0 0 0 0 0
2756 5 0 0 0 0 0 0 0 0
2759 15 0 0 5 2 0 0 0 0
2761 15 0 0 0 0 0 0 0 0
2805 30 1 1 25 0 0 0 0 0
fn=tcache_init.part.0
2972 1 0 0 0 0 0 1 0 0
2981 7 2 2 3 0 0 0 0 0
2982 4 0 0 0 0 0 1 0 0
2983 2 0 0 0 0 0 0 0 0
2991 4 1 1 2 0 0 0 0 0
2998 2 0 0 0 0 0 0 0 0
3000 2 0 0 1 0 0 1 0 0
3001 88 1 1 0 0 0 81 9 9
3004 2 0 0 2 0 0 0 0 0
fl=/build/glibc-sMfBJT/glibc-2.31/malloc/morecore.c
fn=__default_morecore
46 10 1 1 0 0 0 0 0 0
47 5 0 0 0 0 0 5 0 0
49 15 1 1 0 0 0 0 0 0
52 10 0 0 5 0 0 0 0 0
fl=/build/glibc-sMfBJT/glibc-2.31/malloc/scratch_buffer_set_array_size.c
fn=__libc_scratch_buffer_set_array_size
30 15 1 1 0 0 0 9 0 0
31 6 0 0 0 0 0 0 0 0
34 6 0 0 0 0 0 0 0 0
35 6 0 0 0 0 0 0 0 0
45 6 0 0 3 0 0 0 0 0
46 3 1 1 0 0 0 0 0 0
63 12 0 0 12 0 0 0 0 0
fl=/build/glibc-sMfBJT/glibc-2.31/math/../sysdeps/x86_64/fpu/e_sqrt.c
fn=__sqrt_finite@GLIBC_2.15
25 4779264 1 1 0 0 0 0 0 0
28 4779264 0 0 0 0 0 0 0 0
31 4779264 0 0 4779264 0 0 0 0 0
fl=/build/glibc-sMfBJT/glibc-2.31/math/../sysdeps/x86_64/fpu/multiarch/e_asin.c
fn=__acos_finite@GLIBC_2.15
35 1 1 1 0 0 0 0 0 0
fn=__asin_finite@GLIBC_2.15
27 2 1 1 1 0 0 0 0 0
fl=/build/glibc-sMfBJT/glibc-2.31/math/../sysdeps/x86_64/fpu/multiarch/e_atan2.c
fn=__atan2_finite@GLIBC_2.15
26 2 2 2 1 0 0 0 0 0
fl=/build/glibc-sMfBJT/glibc-2.31/math/../sysdeps/x86_64/fpu/multiarch/e_exp.c
fn=__exp_finite@GLIBC_2.15
27 2 2 2 1 0 0 0 0 0
fl=/build/glibc-sMfBJT/glibc-2.31/math/../sysdeps/x86_64/fpu/multiarch/e_exp2f.c
fn=exp2f@@GLIBC_2.27
27 2 1 1 1 0 0 0 0 0
fl=/build/glibc-sMfBJT/glibc-2.31/math/../sysdeps/x86_64/fpu/multiarch/e_expf.c
fn=expf@@GLIBC_2.27
27 4 1 1 2 0 0 0 0 0
fl=/build/glibc-sMfBJT/glibc-2.31/math/../sysdeps/x86_64/fpu/multiarch/e_log.c
fn=__log_finite@GLIBC_2.15
27 2 1 1 1 0 0 0 0 0
fl=/build/glibc-sMfBJT/glibc-2.31/math/../sysdeps/x86_64/fpu/multiarch/e_log2f.c
fn=log2f@@GLIBC_2.27
27 2 1 1 1 0 0 0 0 0
fl=/build/glibc-sMfBJT/glibc-2.31/math/../sysdeps/x86_64/fpu/multiarch/e_logf.c
fn=logf@@GLIBC_2.27
27 4 1 1 2 0 0 0 0 0
fl=/build/glibc-sMfBJT/glibc-2.31/math/../sysdeps/x86_64/fpu/multiarch/e_pow.c
fn=__pow_finite@GLIBC_2.15
27 2 2 2 1 0 0 0 0 0
fl=/build/glibc-sMfBJT/glibc-2.31/math/../sysdeps/x86_64/fpu/multiarch/e_powf.c
fn=powf@@GLIBC_2.27
30 3 1 1 2 0 0 0 0 0
fl=/build/glibc-sMfBJT/glibc-2.31/math/../sysdeps/x86_64/fpu/multiarch/ifunc-avx-fma4.h
fn=__atan2_finite@GLIBC_2.15
32 2 0 0 0 0 0 0 0 0
33 5 0 0 2 0 0 0 0 0
fn=__exp_finite@GLIBC_2.15
32 2 0 0 0 0 0 0 0 0
33 5 0 0 2 0 0 0 0 0
fn=__log_finite@GLIBC_2.15
32 2 1 1 0 0 0 0 0 0
33 5 0 0 2 0 0 0 0 0
fn=cos
32 2 0 0 0 0 0 0 0 0
33 5 0 0 2 0 0 0 0 0
fn=sin
32 2 0 0 0 0 0 0 0 0
33 5 0 0 2 0 0 0 0 0
fl=/build/glibc-sMfBJT/glibc-2.31/math/../sysdeps/x86_64/fpu/multiarch/ifunc-fma.h
fn=cosf
29 4 0 0 0 0 0 0 0 0
30 3 0 0 2 0 0 0 0 0
fn=exp2f@@GLIBC_2.27
29 4 1 1 0 0 0 0 0 0
30 3 0 0 2 0 0 0 0 0
fn=expf@@GLIBC_2.27
29 8 1 1 0 0 0 0 0 0
30 6 0 0 4 0 0 0 0 0
fn=log2f@@GLIBC_2.27
29 4 0 0 0 0 0 0 0 0
30 3 0 0 2 0 0 0 0 0
fn=logf@@GLIBC_2.27
29 8 0 0 0 0 0 0 0 0
30 6 0 0 4 0 0 0 0 0
fn=powf@@GLIBC_2.27
29 4 1 1 0 0 0 0 0 0
30 2 0 0 1 0 0 0 0 0
fn=sincosf
29 4 1 1 0 0 0 0 0 0
30 3 0 0 2 0 0 0 0 0
fn=sinf
29 4 1 1 0 0 0 0 0 0
30 3 0 0 2 0 0 0 0 0
fl=/build/glibc-sMfBJT/glibc-2.31/math/../sysdeps/x86_64/fpu/multiarch/ifunc-fma4.h
fn=__acos_finite@GLIBC_2.15
31 2 1 1 0 0 0 0 0 0
32 5 0 0 2 0 0 0 0 0
35 1 0 0 1 0 0 0 0 0
fn=__asin_finite@GLIBC_2.15
31 2 0 0 0 0 0 0 0 0
32 5 0 0 2 0 0 0 0 0
fn=__pow_finite@GLIBC_2.15
31 2 0 0 0 0 0 0 0 0
32 5 0 0 2 0 0 0 0 0
fl=/build/glibc-sMfBJT/glibc-2.31/math/../sysdeps/x86_64/fpu/multiarch/s_cosf.c
fn=cosf
26 2 1 1 1 0 0 0 0 0
fl=/build/glibc-sMfBJT/glibc-2.31/math/../sysdeps/x86_64/fpu/multiarch/s_sin.c
fn=cos
34 2 2 2 1 0 0 0 0 0
fn=sin
27 2 1 1 1 0 0 0 0 0
fl=/build/glibc-sMfBJT/glibc-2.31/math/../sysdeps/x86_64/fpu/multiarch/s_sincosf.c
fn=sincosf
26 2 1 1 1 0 0 0 0 0
fl=/build/glibc-sMfBJT/glibc-2.31/math/../sysdeps/x86_64/fpu/multiarch/s_sinf.c
fn=sinf
26 2 1 1 1 0 0 0 0 0
fl=/build/glibc-sMfBJT/glibc-2.31/math/w_sqrt_compat.c
fn=sqrt
30 4779264 1 1 0 0 0 0 0 0
31 14337792 0 0 0 0 0 0 0 0
34 4779264 0 0 0 0 0 0 0 0
fl=/build/glibc-sMfBJT/glibc-2.31/misc/../sysdeps/unix/syscall-template.S
fn=mprotect
78 25 1 1 0 0 0 0 0 0
79 5 0 0 5 0 0 0 0 0
fn=munmap
78 15 2 2 0 0 0 0 0 0
79 3 0 0 3 0 0 0 0 0
fl=/build/glibc-sMfBJT/glibc-2.31/misc/../sysdeps/unix/sysv/linux/mmap64.c
fn=mmap
48 90 3 3 0 0 0 36 0 0
51 36 0 0 0 0 0 0 0 0
54 52 2 2 0 0 0 0 0 0
59 108 0 0 0 0 0 0 0 0
61 54 0 0 54 0 0 0 0 0
fl=/build/glibc-sMfBJT/glibc-2.31/misc/../sysdeps/unix/sysv/linux/x86_64/brk.c
fn=brk
28 6 3 3 0 0 0 0 0 0
31 36 4 3 6 0 0 6 0 0
33 12 0 0 0 0 0 0 0 0
39 6 0 0 0 0 0 0 0 0
40 6 0 0 6 0 0 0 0 0
fl=/build/glibc-sMfBJT/glibc-2.31/misc/init-misc.c
fn=__init_misc
30 5 2 2 0 0 0 2 0 0
31 5 0 0 1 1 0 0 0 0
33 3 0 0 0 0 0 1 0 0
37 5 0 0 1 1 0 1 1 0
38 3 0 0 2 0 0 1 0 0
40 4 0 0 3 0 0 0 0 0
fl=/build/glibc-sMfBJT/glibc-2.31/misc/sbrk.c
fn=sbrk
32 25 1 1 0 0 0 15 1 0
40 32 0 0 14 5 3 0 0 0
41 12 2 2 2 0 0 2 0 0
44 10 0 0 0 0 0 0 0 0
48 24 1 0 0 0 0 0 0 0
56 16 1 0 0 0 0 4 0 0
60 25 0 0 20 0 0 0 0 0
fl=/build/glibc-sMfBJT/glibc-2.31/posix/../sysdeps/unix/syscall-template.S
fn=uname
78 5 1 1 0 0 0 0 0 0
79 1 0 0 1 0 0 0 0 0
fl=/build/glibc-sMfBJT/glibc-2.31/setjmp/../sysdeps/x86_64/bsd-_setjmp.S
fn=_setjmp
28 1 1 1 0 0 0 0 0 0
30 1 0 0 0 0 0 0 0 0
32 1 0 0 0 0 0 0 0 0
fl=/build/glibc-sMfBJT/glibc-2.31/setjmp/../sysdeps/x86_64/setjmp.S
fn=__sigsetjmp
30 7 2 2 0 0 0 0 0 0
32 7 0 0 0 0 0 7 1 1
41 7 0 0 0 0 0 0 0 0
42 14 0 0 7 0 0 0 0 0
43 7 0 0 0 0 0 7 0 0
47 7 0 0 0 0 0 7 0 0
48 7 2 2 0 0 0 7 0 0
49 7 0 0 0 0 0 7 0 0
50 7 0 0 0 0 0 7 0 0
51 7 0 0 0 0 0 0 0 0
53 14 0 0 7 0 0 0 0 0
55 7 0 0 0 0 0 7 0 0
56 7 0 0 7 0 0 0 0 0
57 7 0 0 0 0 0 0 0 0
59 14 0 0 7 0 0 0 0 0
61 7 0 0 0 0 0 7 0 0
66 1 1 1 1 1 0 0 0 0
67 1 0 0 0 0 0 0 0 0
69 6 0 0 0 0 0 0 0 0
72 6 0 0 0 0 0 0 0 0
73 6 0 0 0 0 0 6 1 1
80 6 0 0 0 0 0 0 0 0
81 6 0 0 6 0 0 0 0 0
84 1 0 0 0 0 0 0 0 0
fl=/build/glibc-sMfBJT/glibc-2.31/setjmp/sigjmp.c
fn=__sigjmp_save
28 3 0 0 0 0 0 1 0 0
29 1 0 0 0 0 0 1 0 0
30 2 0 0 0 0 0 0 0 0
34 3 0 0 2 0 0 0 0 0
fl=/build/glibc-sMfBJT/glibc-2.31/signal/../nptl/sigaction.c
fn=sigaction
23 1 1 1 0 0 0 0 0 0
24 5 1 1 0 0 0 0 0 0
30 1 0 0 0 0 0 0 0 0
fl=/build/glibc-sMfBJT/glibc-2.31/signal/../sysdeps/unix/sysv/linux/internal-signals.h
fn=sigaction
46 1 0 0 0 0 0 0 0 0
fl=/build/glibc-sMfBJT/glibc-2.31/signal/../sysdeps/unix/sysv/linux/sigaction.c
fn=__libc_sigaction
43 6 1 1 1 0 0 1 0 0
48 2 0 0 0 0 0 0 0 0
50 2 0 0 1 0 0 1 1 0
51 16 3 3 8 0 0 8 3 0
53 6 0 0 1 0 0 2 0 0
58 11 0 0 0 0 0 0 0 0
62 4 0 0 0 0 0 0 0 0
64 2 0 0 1 0 0 1 1 1
65 16 3 3 8 1 0 8 1 1
66 2 0 0 1 0 0 1 1 1
67 2 0 0 1 0 0 1 0 0
70 6 0 0 3 0 0 0 0 0
fl=/build/glibc-sMfBJT/glibc-2.31/stdio-common/../libio/libioP.h
fn=__vfprintf_internal
941 280 0 0 0 0 0 56 0 0
943 396 3 3 114 0 0 56 0 0
944 340 0 0 114 0 0 0 0 0
fl=/build/glibc-sMfBJT/glibc-2.31/stdio-common/../sysdeps/unix/sysv/linux/x86/lowlevellock.h
fn=__vfprintf_internal
47 4 0 0 2 0 0 0 0 0
fl=/build/glibc-sMfBJT/glibc-2.31/stdio-common/_itoa.c
fn=_itoa_word
165 114 1 1 0 0 0 0 0 0
168 228 0 0 0 0 0 0 0 0
170 114 0 0 0 0 0 0 0 0
179 1178 5 4 76 36 9 76 0 0
188 114 0 0 57 0 0 0 0 0
fl=/build/glibc-sMfBJT/glibc-2.31/stdio-common/printf-parse.h
fn=__vfprintf_internal
111 566 1 1 0 0 0 283 37 13
fl=/build/glibc-sMfBJT/glibc-2.31/stdio-common/printf.c
fn=printf
28 26 4 2 2 0 0 12 0 0
32 12 2 1 0 0 0 8 0 0
33 12 0 0 4 2 0 2 0 0
37 10 1 1 6 0 0 0 0 0
fl=/build/glibc-sMfBJT/glibc-2.31/stdio-common/sprintf.c
fn=sprintf
25 648 2 2 54 0 0 270 20 5
29 324 1 1 0 0 0 216 16 3
30 270 0 0 0 0 0 54 17 2
34 270 1 1 162 0 0 0 0 0
fl=/build/glibc-sMfBJT/glibc-2.31/stdio-common/vfprintf-internal.c
fn=__vfprintf_internal
1289 896 40 17 56 0 0 448 38 14
1320 168 0 0 112 65 11 56 5 2
1324 56 24 8 0 0 0 56 0 0
1328 279 0 0 56 1 0 1 0 0
1332 280 22 8 56 2 0 0 0 0
1343 168 0 0 0 0 0 0 0 0
1350 56 0 0 0 0 0 56 0 0
1354 224 0 0 112 0 0 112 40 17
1358 56 0 0 0 0 0 56 36 10
1369 182 8 8 4 0 0 62 0 0
1370 22 1 1 12 2 0 2 0 0
1373 672 1 1 168 36 8 56 0 0
1377 168 0 0 112 0 0 0 0 0
1381 448 0 0 168 71 17 56 35 11
1402 57 0 0 0 0 0 57 0 0
1403 57 0 0 0 0 0 57 0 0
1404 57 0 0 0 0 0 57 0 0
1405 57 0 0 0 0 0 57 0 0
1406 114 0 0 0 0 0 57 0 0
1407 57 1 1 0 0 0 57 0 0
1408 171 0 0 57 36 9 57 0 0
1409 57 0 0 0 0 0 57 0 0
1410 57 0 0 0 0 0 57 0 0
1411 57 0 0 0 0 0 57 0 0
1412 114 1 1 0 0 0 0 0 0
1415 57 0 0 0 0 0 57 0 0
1416 57 0 0 0 0 0 57 0 0
1419 57 1 1 0 0 0 57 0 0
1420 171 0 0 0 0 0 57 0 0
1423 570 0 0 114 36 9 0 0 0
1687 7034 77 43 1986 0 0 852 0 0
1688 114 6 3 0 0 0 0 0 0
1705 57 1 1 57 0 0 0 0 0
1707 114 0 0 57 0 0 0 0 0
1715 57 0 0 0 0 0 0 0 0
1719 1197 1 1 285 0 0 114 0 0
1721 170 1 1 57 0 0 0 0 0
1741 142 3 3 66 0 0 4 0 0
1742 168 0 0 56 0 0 0 0 0
1745 672 1 1 504 0 0 0 0 0
fl=/build/glibc-sMfBJT/glibc-2.31/stdlib/../include/rounding-mode.h
fn=round_and_return
46 1206399 2 2 0 0 0 0 0 0
49 209408 1 1 0 0 0 0 0 0
52 628224 0 0 0 0 0 0 0 0
fl=/build/glibc-sMfBJT/glibc-2.31/stdlib/../stdlib/gmp.h
fn=round_and_return
447 74737 0 0 0 0 0 0 0 0
448 74737 0 0 0 0 0 74737 0 0
fl=/build/glibc-sMfBJT/glibc-2.31/stdlib/../stdlib/strtol.c
fn=strtol
105 5 1 1 0 0 0 0 0 0
106 20 0 0 10 0 0 0 0 0
fl=/build/glibc-sMfBJT/glibc-2.31/stdlib/../stdlib/strtol_l.c
fn=____strtol_l_internal
226 50 2 2 0 0 0 35 0 0
245 5 0 0 0 0 0 0 0 0
246 10 0 0 0 0 0 0 0 0
252 10 0 0 0 0 0 0 0 0
280 5 0 0 0 0 0 0 0 0
283 20 0 0 0 0 0 0 0 0
292 30 0 0 15 2 1 0 0 0
294 10 1 1 0 0 0 0 0 0
298 5 0 0 0 0 0 5 0 0
299 10 0 0 0 0 0 0 0 0
304 10 0 0 0 0 0 0 0 0
308 10 0 0 0 0 0 0 0 0
318 10 1 1 0 0 0 0 0 0
325 10 1 1 0 0 0 0 0 0
328 20 0 0 0 0 0 5 0 0
432 10 0 0 5 0 0 0 0 0
434 45 0 0 5 2 0 0 0 0
436 15 1 1 0 0 0 0 0 0
450 10 1 1 0 0 0 5 0 0
460 20 0 0 5 0 0 0 0 0
464 15 0 0 0 0 0 0 0 0
467 15 0 0 0 0 0 0 0 0
472 15 0 0 0 0 0 0 0 0
473 15 0 0 0 0 0 0 0 0
478 10 1 1 0 0 0 0 0 0
483 15 0 0 5 0 0 0 0 0
484 5 0 0 0 0 0 5 1 1
489 10 0 0 0 0 0 0 0 0
490 10 0 0 0 0 0 0 0 0
492 15 1 1 5 0 0 0 0 0
507 25 0 0 5 0 0 0 0 0
525 40 1 1 35 0 0 0 0 0
fl=/build/glibc-sMfBJT/glibc-2.31/stdlib/../sysdeps/generic/get-rounding-mode.h
fn=round_and_return
94 209408 0 0 0 0 0 209408 0 0
95 1675264 1 1 209408 0 0 0 0 0
fl=/build/glibc-sMfBJT/glibc-2.31/stdlib/../sysdeps/ieee754/dbl-64/mpn2dbl.c
fn=__mpn_construct_double
29 209408 3 3 0 0 0 0 0 0
33 209408 0 0 0 0 0 0 0 0
39 209408 0 0 209408 0 0 0 0 0
40 2094080 1 1 0 0 0 0 0 0
46 418816 0 0 0 0 0 0 0 0
47 209408 0 0 209408 0 0 0 0 0
fl=/build/glibc-sMfBJT/glibc-2.31/stdlib/../sysdeps/unix/sysv/linux/x86/lowlevellock.h
fn=__cxa_atexit
47 6 0 0 2 1 1 0 0 0
fl=/build/glibc-sMfBJT/glibc-2.31/stdlib/../sysdeps/x86_64/addmul_1.S
fn=__mpn_submul_1
34 44 1 1 0 0 0 0 0 0
35 44 0 0 0 0 0 44 0 0
36 44 0 0 0 0 0 44 0 0
37 44 0 0 0 0 0 0 0 0
38 44 0 0 0 0 0 0 0 0
40 44 0 0 44 0 0 0 0 0
41 44 1 1 44 0 0 0 0 0
43 44 0 0 0 0 0 0 0 0
44 44 0 0 0 0 0 0 0 0
45 44 0 0 0 0 0 0 0 0
47 44 0 0 0 0 0 0 0 0
48 44 0 0 0 0 0 0 0 0
50 44 0 0 0 0 0 0 0 0
51 44 0 0 44 0 0 0 0 0
52 44 0 0 0 0 0 0 0 0
53 44 0 0 0 0 0 0 0 0
54 44 0 0 0 0 0 0 0 0
55 44 0 0 0 0 0 0 0 0
57 44 0 0 0 0 0 0 0 0
58 44 0 0 44 0 0 0 0 0
59 44 0 0 0 0 0 0 0 0
60 44 0 0 0 0 0 0 0 0
84 44 1 1 0 0 0 0 0 0
85 44 0 0 0 0 0 0 0 0
86 44 0 0 0 0 0 0 0 0
87 44 0 0 44 0 0 0 0 0
88 44 0 0 0 0 0 0 0 0
89 44 0 0 0 0 0 44 0 0
90 44 0 0 44 0 0 0 0 0
91 44 0 0 0 0 0 0 0 0
92 44 0 0 0 0 0 0 0 0
93 44 0 0 0 0 0 0 0 0
94 44 0 0 0 0 0 0 0 0
96 44 0 0 0 0 0 0 0 0
97 44 0 0 0 0 0 0 0 0
98 44 0 0 0 0 0 0 0 0
99 44 0 0 0 0 0 44 0 0
100 44 0 0 0 0 0 0 0 0
101 44 0 0 44 0 0 0 0 0
102 44 0 0 0 0 0 0 0 0
103 44 1 1 0 0 0 0 0 0
104 44 0 0 0 0 0 44 0 0
105 44 0 0 0 0 0 0 0 0
106 44 0 0 44 0 0 0 0 0
107 44 0 0 0 0 0 0 0 0
108 44 0 0 0 0 0 44 0 0
109 44 0 0 0 0 0 0 0 0
110 44 0 0 0 0 0 0 0 0
111 44 0 0 44 0 0 0 0 0
112 44 0 0 44 0 0 0 0 0
113 44 0 0 44 0 0 0 0 0
fl=/build/glibc-sMfBJT/glibc-2.31/stdlib/../sysdeps/x86_64/lshift.S
fn=__mpn_lshift
28 374750 1 1 0 0 0 0 0 0
29 374750 0 0 0 0 0 0 0 0
30 374750 0 0 0 0 0 0 0 0
32 374750 0 0 0 0 0 0 0 0
33 374750 1 1 0 0 0 0 0 0
34 374750 0 0 0 0 0 0 0 0
46 374750 0 0 0 0 0 0 0 0
47 374750 0 0 0 0 0 0 0 0
48 374371 0 0 374371 0 0 0 0 0
49 374371 0 0 0 0 0 0 0 0
50 374371 0 0 0 0 0 0 0 0
51 374371 0 0 0 0 0 0 0 0
52 374371 0 0 0 0 0 0 0 0
58 374371 1 1 0 0 0 0 0 0
59 374371 0 0 0 0 0 374371 0 0
60 374371 0 0 374371 0 0 0 0 0
63 379 0 0 0 0 0 0 0 0
64 357 0 0 357 0 0 0 0 0
65 357 0 0 357 0 0 0 0 0
66 357 0 0 0 0 0 0 0 0
67 357 0 0 0 0 0 0 0 0
68 357 0 0 0 0 0 0 0 0
69 357 0 0 0 0 0 0 0 0
74 357 0 0 0 0 0 0 0 0
75 357 0 0 0 0 0 357 0 0
76 357 0 0 0 0 0 0 0 0
77 357 4 2 0 0 0 357 0 0
78 357 0 0 357 0 0 0 0 0
82 22 0 0 22 0 0 0 0 0
83 22 0 0 22 0 0 0 0 0
84 22 0 0 0 0 0 0 0 0
85 22 0 0 0 0 0 0 0 0
86 22 0 0 22 0 0 0 0 0
87 22 0 0 0 0 0 0 0 0
88 22 0 0 0 0 0 0 0 0
89 22 0 0 0 0 0 0 0 0
109 22 1 1 0 0 0 0 0 0
110 22 0 0 0 0 0 22 0 0
111 22 0 0 0 0 0 0 0 0
112 22 0 0 0 0 0 22 0 0
113 22 0 0 0 0 0 0 0 0
114 22 1 1 0 0 0 22 0 0
115 22 0 0 22 0 0 0 0 0
fl=/build/glibc-sMfBJT/glibc-2.31/stdlib/../sysdeps/x86_64/mul_1.S
fn=__mpn_mul_1
31 76193 23 8 0 0 0 0 0 0
32 76193 0 0 0 0 0 76193 0 0
35 76193 0 0 0 0 0 0 0 0
36 76193 0 0 76193 18 3 0 0 0
37 76193 0 0 0 0 0 0 0 0
38 76193 0 0 0 0 0 0 0 0
39 76193 0 0 0 0 0 0 0 0
41 76193 0 0 0 0 0 0 0 0
42 76193 0 0 0 0 0 0 0 0
44 76193 0 0 0 0 0 0 0 0
45 76193 0 0 0 0 0 0 0 0
46 76193 0 0 0 0 0 0 0 0
47 76193 0 0 0 0 0 0 0 0
48 76171 0 0 0 0 0 0 0 0
50 76171 0 0 0 0 0 0 0 0
51 76171 0 0 0 0 0 0 0 0
52 76171 0 0 0 0 0 76171 8 1
53 76171 7 6 0 0 0 0 0 0
79 22 4 4 0 0 0 0 0 0
80 22 0 0 0 0 0 0 0 0
81 22 0 0 0 0 0 0 0 0
82 22 0 0 0 0 0 0 0 0
83 22 0 0 0 0 0 0 0 0
84 22 0 0 0 0 0 0 0 0
85 22 0 0 22 4 4 0 0 0
86 22 0 0 0 0 0 0 0 0
87 22 0 0 0 0 0 0 0 0
113 22 0 0 0 0 0 0 0 0
114 22 0 0 0 0 0 0 0 0
115 22 0 0 0 0 0 0 0 0
117 22 0 0 0 0 0 22 0 0
118 22 0 0 0 0 0 0 0 0
119 22 0 0 0 0 0 0 0 0
120 22 0 0 0 0 0 22 0 0
121 22 0 0 0 0 0 0 0 0
122 76193 1 1 0 0 0 0 0 0
124 76193 0 0 76193 0 0 0 0 0
127 76193 0 0 76193 0 0 0 0 0
fl=/build/glibc-sMfBJT/glibc-2.31/stdlib/atof.c
fn=atof
26 209408 2 1 0 0 0 0 0 0
27 418816 0 0 0 0 0 0 0 0
fl=/build/glibc-sMfBJT/glibc-2.31/stdlib/cmp.c
fn=__mpn_cmp
31 22 1 1 0 0 0 0 0 0
35 44 0 0 0 0 0 0 0 0
37 22 1 1 22 0 0 0 0 0
38 22 0 0 22 0 0 0 0 0
39 44 0 0 0 0 0 0 0 0
47 110 0 0 22 0 0 0 0 0
fl=/build/glibc-sMfBJT/glibc-2.31/stdlib/cxa_atexit.c
fn=__cxa_atexit
41 6 0 0 0 0 0 0 0 0
43 6 1 1 2 0 0 0 0 0
44 4 0 0 0 0 0 2 0 0
46 4 0 0 0 0 0 0 0 0
53 6 0 0 2 0 0 0 0 0
55 2 0 0 0 0 0 2 0 0
56 6 1 1 4 0 0 2 1 0
58 2 0 0 0 0 0 2 0 0
59 8 0 0 4 0 0 0 0 0
69 12 1 1 0 0 0 8 0 0
71 10 0 0 6 0 0 0 0 0
fn=__new_exitfn
82 10 1 1 0 0 0 4 0 0
83 4 0 0 0 0 0 0 0 0
88 4 1 1 2 1 0 0 0 0
93 12 0 0 3 1 0 0 0 0
95 8 1 1 2 0 0 0 0 0
96 5 0 0 1 0 0 0 0 0
103 1 0 0 0 0 0 1 0 0
106 2 0 0 0 0 0 0 0 0
124 1 0 0 0 0 0 0 0 0
125 2 1 1 0 0 0 1 0 0
131 3 0 0 0 0 0 0 0 0
132 2 0 0 0 0 0 1 0 0
138 2 1 1 0 0 0 2 0 0
139 2 0 0 2 0 0 0 0 0
143 10 0 0 6 0 0 0 0 0
fl=/build/glibc-sMfBJT/glibc-2.31/stdlib/mul.c
fn=__mpn_mul
48 1295281 13 7 76193 0 0 685737 25 4
54 152386 0 0 0 0 0 0 0 0
66 152386 0 0 0 0 0 0 0 0
71 76193 1 1 76193 0 0 0 0 0
72 152386 0 0 0 0 0 0 0 0
81 76193 3 2 0 0 0 76193 34 11
83 228579 0 0 76193 0 0 76193 0 0
84 76193 0 0 0 0 0 0 0 0
88 152386 0 0 0 0 0 0 0 0
142 838123 0 0 685737 0 0 0 0 0
fl=/build/glibc-sMfBJT/glibc-2.31/stdlib/strtod.c
fn=strtod
82 209408 1 1 0 0 0 0 0 0
83 837632 0 0 418816 69 16 0 0 0
fl=/build/glibc-sMfBJT/glibc-2.31/stdlib/strtod_l.c
fn=____strtod_l_internal
509 2931712 2 2 209408 0 0 1675264 34 11
515 837632 1 1 0 0 0 0 0 0
554 209408 0 0 0 0 0 0 0 0
562 209408 0 0 209408 35 8 0 0 0
564 418816 0 0 0 0 0 0 0 0
588 209408 0 0 0 0 0 0 0 0
596 628224 0 0 209408 35 8 418816 1 0
597 628224 0 0 0 0 0 418816 2 2
598 837632 1 1 418816 0 0 0 0 0
602 209408 0 0 0 0 0 209408 35 13
603 43454 0 0 0 0 0 43454 0 0
604 922446 0 0 0 0 0 614964 8 1
608 418816 0 0 0 0 0 0 0 0
611 837632 0 0 209408 0 0 0 0 0
612 628224 0 0 418816 68 16 0 0 0
615 418816 1 1 0 0 0 0 0 0
617 165954 0 0 0 0 0 165954 0 0
618 497862 0 0 165954 0 0 0 0 0
620 86908 0 0 0 0 0 0 0 0
633 1256448 0 0 209408 0 0 0 0 0
634 418816 1 1 209408 0 0 0 0 0
642 628224 0 0 0 0 0 0 0 0
690 628224 1 1 209408 0 0 0 0 0
709 418816 0 0 0 0 0 0 0 0
734 1047040 3 3 0 0 0 209408 0 0
776 1465856 0 0 0 0 0 0 0 0
777 418816 0 0 0 0 0 0 0 0
780 418816 1 1 0 0 0 0 0 0
789 418816 0 0 0 0 0 0 0 0
802 418816 0 0 209408 0 0 0 0 0
805 418816 0 0 0 0 0 0 0 0
847 837632 1 1 0 0 0 0 0 0
856 1675264 0 0 209408 0 0 0 0 0
857 418816 0 0 209408 0 0 0 0 0
863 418816 1 1 209408 0 0 0 0 0
864 209408 0 0 209408 0 0 0 0 0
865 8376320 2 2 0 0 0 0 0 0
869 2931712 1 1 0 0 0 0 0 0
872 4397568 0 0 1465856 0 0 0 0 0
875 418816 0 0 0 0 0 0 0 0
881 418816 1 1 418816 35 9 0 0 0
883 837632 0 0 0 0 0 0 0 0
887 209408 1 1 209408 0 0 0 0 0
888 418816 0 0 0 0 0 0 0 0
890 154120 1 1 0 0 0 0 0 0
891 307482 2 1 153741 0 0 0 0 0
893 111334 0 0 0 0 0 0 0 0
894 111334 1 1 55667 0 0 0 0 0
896 628224 0 0 0 0 0 0 0 0
901 418816 0 0 0 0 0 0 0 0
925 108 1 1 0 0 0 0 0 0
937 461223 27 8 0 0 0 0 0 0
939 153741 0 0 0 0 0 0 0 0
943 111334 1 1 0 0 0 0 0 0
945 222668 0 0 0 0 0 0 0 0
947 222668 0 0 0 0 0 0 0 0
964 3559936 53 11 209408 0 0 209408 0 0
969 1675264 1 1 0 0 0 0 0 0
999 418816 0 0 0 0 0 0 0 0
1000 418816 0 0 0 0 0 0 0 0
1002 837632 0 0 418816 0 0 0 0 0
1004 1256448 0 0 0 0 0 0 0 0
1006 1256448 1 1 0 0 0 209408 0 0
1014 418816 0 0 0 0 0 0 0 0
1016 1281852 0 0 576083 0 0 0 0 0
1018 431518 0 0 0 0 0 0 0 0
1019 733350 0 0 0 0 0 0 0 0
1021 194529 0 0 0 0 0 0 0 0
1024 379931 0 0 50049 0 0 0 0 0
1043 578175 1 1 209408 0 0 0 0 0
1046 318718 1 1 0 0 0 0 0 0
1049 418816 1 1 0 0 0 0 0 0
1082 418816 1 1 0 0 0 0 0 0
1174 209408 0 0 209408 0 0 0 0 0
1175 307482 1 1 0 0 0 0 0 0
1176 1102707 1 1 0 0 0 0 0 0
1177 209408 0 0 0 0 0 0 0 0
1178 418816 1 1 0 0 0 209408 0 0
1181 837632 0 0 0 0 0 0 0 0
1193 418816 0 0 0 0 0 0 0 0
1196 418816 0 0 0 0 0 0 0 0
1199 779338 1 1 55667 0 0 222668 9 3
1205 334002 1 1 222668 0 0 0 0 0
1249 167001 5 4 55667 0 0 0 0 0
1250 222668 0 0 0 0 0 55667 0 0
1254 111334 1 1 0 0 0 0 0 0
1260 111334 0 0 0 0 0 0 0 0
1292 111334 0 0 0 0 0 0 0 0
1295 650637 1 1 0 0 0 50049 0 0
1297 100098 0 0 0 0 0 0 0 0
1307 250245 1 1 0 0 0 50049 0 0
1311 250245 0 0 100098 0 0 0 0 0
1326 400392 1 1 50049 0 0 50049 0 0
1331 39326 0 0 0 0 0 16854 0 0
1354 318718 0 0 0 0 0 159359 0 0
1356 159359 0 0 0 0 0 0 0 0
1358 802413 1 1 5618 0 0 0 0 0
1367 16854 0 0 5618 0 0 0 0 0
1370 11236 0 0 0 0 0 0 0 0
1371 33708 1 1 5618 0 0 5618 0 0
1376 307482 1 1 153741 0 0 0 0 0
1379 1229928 0 0 0 0 0 0 0 0
1382 153741 0 0 0 0 0 0 0 0
1392 768705 0 0 0 0 0 0 0 0
1397 461223 1 1 0 0 0 0 0 0
1400 1434231 1 1 0 0 0 159359 0 0
1403 478077 0 0 0 0 0 0 0 0
1411 796795 1 1 0 0 0 159359 0 0
1414 159359 0 0 0 0 0 0 0 0
1415 159359 0 0 0 0 0 0 0 0
1418 1245496 1 1 0 0 0 0 0 0
1421 235552 0 0 0 0 0 0 0 0
1423 471104 0 0 0 0 0 0 0 0
1425 394911 0 0 235552 78 24 0 0 0
1426 956154 0 0 159359 0 0 159359 0 0
1431 1967582 1 1 0 0 0 554270 0 0
1432 76193 0 0 76193 0 0 0 0 0
1435 152386 0 0 76193 0 0 0 0 0
1436 152386 0 0 0 0 0 0 0 0
1437 227442 0 0 0 0 0 0 0 0
1438 76951 0 0 0 0 0 0 0 0
1441 622748 0 0 0 0 0 0 0 0
1442 622748 0 0 0 0 0 0 0 0
1444 1466175 1 1 159359 0 0 0 0 0
1446 956154 0 0 318718 0 0 0 0 0
1447 238515 6 4 47703 0 0 47703 0 0
1450 1434231 1 1 637436 0 0 318718 7 5
1467 637436 0 0 159359 0 0 159359 0 0
1469 796734 0 0 478016 0 0 0 0 0
1473 796795 1 1 159359 0 0 159359 0 0
1474 796795 0 0 159359 0 0 159359 0 0
1475 318718 0 0 0 0 0 0 0 0
1476 305 1 1 61 0 0 122 0 0
1486 318718 0 0 159359 0 0 159359 0 0
1488 319476 1 1 0 0 0 0 0 0
1495 158980 9 6 158980 0 0 0 0 0
1496 158980 1 1 158980 0 0 0 0 0
1497 1760016 0 0 482558 0 0 0 0 0
1501 798050 1 1 0 0 0 0 0 0
1539 3544934 1 1 23885 0 0 324695 0 0
1541 153887 0 0 0 0 0 0 0 0
1543 1430820 0 0 317960 0 0 158980 0 0
1544 317960 0 0 0 0 0 0 0 0
1545 317960 1 1 0 0 0 0 0 0
1553 357 1 1 357 0 0 0 0 0
1554 357 0 0 357 0 0 0 0 0
1556 1071 1 1 357 0 0 0 0 0
1558 636 0 0 0 0 0 0 0 0
1563 4 0 0 0 0 0 0 0 0
1568 942 0 0 314 0 0 0 0 0
1569 1256 1 1 628 0 0 314 0 0
1584 1547 0 0 0 0 0 0 0 0
1589 39 0 0 39 0 0 0 0 0
1590 39 0 0 0 0 0 0 0 0
1593 1482 1 1 0 0 0 0 0 0
1597 822 0 0 0 0 0 0 0 0
1611 1071 0 0 357 0 0 0 0 0
1615 2055 6 4 0 0 0 0 0 0
1616 1233 0 0 0 0 0 0 0 0
1620 1238 0 0 0 0 0 0 0 0
1623 4 0 0 0 0 0 0 0 0
1625 8 0 0 0 0 0 0 0 0
1627 8 0 0 0 0 0 0 0 0
1630 1233 0 0 0 0 0 0 0 0
1633 11281 22 20 606 0 0 1165 0 0
1636 3213 0 0 714 0 0 357 0 0
1638 714 1 1 0 0 0 0 0 0
1645 44 0 0 0 0 0 0 0 0
1647 44 0 0 22 0 0 0 0 0
1648 66 0 0 22 0 0 22 0 0
1652 220 1 1 44 0 0 22 0 0
1655 44 0 0 0 0 0 0 0 0
1657 44 0 0 0 0 0 0 0 0
1660 110 1 1 22 0 0 0 0 0
1661 22 0 0 22 0 0 0 0 0
1701 572 2 2 0 0 0 0 0 0
1702 88 0 0 44 0 0 44 0 0
1703 66 1 1 0 0 0 22 0 0
1714 44 0 0 0 0 0 22 0 0
1715 44 0 0 22 0 0 22 0 0
1717 176 0 0 44 0 0 0 0 0
1719 88 1 1 0 0 0 0 0 0
1722 44 0 0 0 0 0 0 0 0
1727 308 1 1 88 0 0 44 0 0
1728 132 0 0 0 0 0 0 0 0
1730 218 1 1 44 0 0 0 0 0
1732 2 0 0 0 0 0 0 0 0
1733 2 0 0 0 0 0 0 0 0
1734 26 0 0 0 0 0 22 0 0
1745 264 0 0 88 0 0 44 0 0
1747 88 0 0 44 0 0 0 0 0
1753 132 1 1 88 0 0 44 0 0
1754 308 0 0 176 0 0 44 0 0
1755 374 1 1 22 0 0 88 0 0
1756 44 1 1 0 0 0 44 0 0
1758 946 3 3 154 0 0 88 0 0
1761 176 1 1 22 0 0 0 0 0
1763 176 0 0 44 0 0 22 0 0
1765 66 0 0 0 0 0 0 0 0
1771 2303488 0 0 1884672 0 0 0 0 0
fn=round_and_return
216 3350528 2 2 209408 0 0 1465856 0 0
219 418816 0 0 0 0 0 0 0 0
314 1465856 1 1 0 0 0 0 0 0
318 628224 0 0 209408 0 0 0 0 0
320 769159 1 1 0 0 0 0 0 0
321 149474 0 0 0 0 0 0 0 0
329 149474 0 0 0 0 0 0 0 0
339 149474 1 1 0 0 0 0 0 0
351 518914 0 0 0 0 0 0 0 0
353 318718 1 1 318718 70 18 0 0 0
354 159359 0 0 0 0 0 0 0 0
356 628224 0 0 0 0 0 209408 8 1
357 2303488 1 1 1884672 0 0 0 0 0
fn=str_to_mpn.isra.0
366 1935234 6 3 215026 0 0 1505182 26 11
375 430052 0 0 0 0 0 0 0 0
376 215026 0 0 0 0 0 0 0 0
379 215026 0 0 0 0 0 215026 7 3
380 1505182 1 1 0 0 0 0 0 0
383 2187126 0 0 0 0 0 0 0 0
414 5234356 0 0 1308589 0 0 0 0 0
417 318718 0 0 0 0 0 0 0 0
424 318718 0 0 159359 0 0 0 0 0
427 3925767 1 1 0 0 0 0 0 0
428 1308589 0 0 0 0 0 0 0 0
430 2617178 0 0 0 0 0 0 0 0
432 860104 2 2 430052 0 0 0 0 0
439 645078 0 0 215026 70 18 0 0 0
441 645078 0 0 215026 0 0 0 0 0
443 215026 0 0 0 0 0 215026 2 2
444 215026 0 0 0 0 0 215026 0 0
459 1935234 2 1 1505182 0 0 0 0 0
fl=/build/glibc-sMfBJT/glibc-2.31/string/../bits/stdlib-bsearch.h
fn=intel_check_word.isra.0
27 12 0 0 0 0 0 0 0 0
28 12 0 0 0 0 0 0 0 0
29 228 0 0 0 0 0 0 0 0
31 162 1 1 0 0 0 0 0 0
32 81 0 0 0 0 0 0 0 0
37 15 1 1 0 0 0 0 0 0
fl=/build/glibc-sMfBJT/glibc-2.31/string/../string/strstr.c
fn=__GI_strstr
77 605 1 1 55 0 0 385 0 0
82 165 1 1 55 37 9 0 0 0
84 275 0 0 0 0 0 55 1 0
85 110 0 0 0 0 0 0 0 0
129 55 1 1 0 0 0 0 0 0
161 660 0 0 495 0 0 0 0 0
fl=/build/glibc-sMfBJT/glibc-2.31/string/../sysdeps/x86/cacheinfo.c
fn=handle_intel.constprop.0
259 30 2 2 3 0 0 21 0 0
261 3 0 0 3 0 0 0 0 0
264 6 0 0 3 0 0 0 0 0
270 6 0 0 0 0 0 3 0 0
272 6 0 0 0 0 0 3 0 0
273 3 0 0 0 0 0 3 0 0
275 9 0 0 0 0 0 0 0 0
281 15 1 1 0 0 0 6 0 0
286 6 0 0 0 0 0 0 0 0
288 6 0 0 0 0 0 3 0 0
289 3 0 0 0 0 0 0 0 0
293 18 0 0 0 0 0 3 0 0
295 6 1 1 0 0 0 0 0 0
298 21 0 0 0 0 0 3 0 0
300 6 0 0 0 0 0 0 0 0
319 33 1 1 27 0 0 0 0 0
fn=init_cacheinfo
488 8 1 1 0 0 0 6 0 0
500 2 1 1 1 0 0 1 0 0
502 6 0 0 4 2 0 0 0 0
504 3 0 0 0 0 0 1 0 0
506 3 0 0 0 0 0 2 0 0
510 1 1 1 0 0 0 1 0 0
511 3 0 0 0 0 0 1 0 0
519 2 0 0 0 0 0 0 0 0
530 1 0 0 0 0 0 0 0 0
535 3 0 0 1 1 0 0 0 0
539 2 0 0 1 0 0 0 0 0
547 12 1 1 0 0 0 0 0 0
550 13 1 1 0 0 0 0 0 0
556 8 0 0 0 0 0 0 0 0
559 26 0 0 0 0 0 0 0 0
564 2 1 1 0 0 0 0 0 0
568 3 1 1 0 0 0 0 0 0
569 2 0 0 0 0 0 0 0 0
573 2 0 0 0 0 0 0 0 0
577 3 0 0 0 0 0 0 0 0
580 3 0 0 0 0 0 0 0 0
581 1 0 0 0 0 0 0 0 0
586 4 0 0 0 0 0 0 0 0
592 2 1 1 1 0 0 0 0 0
600 9 0 0 1 0 0 0 0 0
602 7 1 1 0 0 0 0 0 0
604 7 0 0 0 0 0 0 0 0
606 6 0 0 0 0 0 0 0 0
609 2 0 0 0 0 0 0 0 0
610 8 0 0 0 0 0 0 0 0
612 4 1 1 0 0 0 0 0 0
615 2 0 0 0 0 0 0 0 0
620 1 0 0 0 0 0 0 0 0
622 4 0 0 0 0 0 0 0 0
623 2 0 0 0 0 0 0 0 0
624 2 0 0 0 0 0 0 0 0
627 2 0 0 0 0 0 0 0 0
630 2 1 1 0 0 0 0 0 0
633 1 0 0 0 0 0 0 0 0
634 2 0 0 1 0 0 0 0 0
637 1 0 0 0 0 0 0 0 0
639 4 1 1 0 0 0 0 0 0
640 1 0 0 0 0 0 0 0 0
645 2 0 0 0 0 0 0 0 0
651 2 0 0 0 0 0 0 0 0
652 2 0 0 0 0 0 0 0 0
653 1 1 1 0 0 0 0 0 0
654 2 0 0 1 0 0 0 0 0
691 4 0 0 0 0 0 0 0 0
692 5 0 0 0 0 0 0 0 0
696 2 1 1 0 0 0 0 0 0
755 2 0 0 0 0 0 0 0 0
758 2 1 1 0 0 0 0 0 0
760 3 0 0 0 0 0 1 0 0
761 1 0 0 0 0 0 1 1 1
763 1 0 0 0 0 0 0 0 0
764 3 1 1 0 0 0 1 0 0
765 1 0 0 0 0 0 1 0 0
768 2 0 0 0 0 0 0 0 0
771 2 0 0 0 0 0 0 0 0
773 3 0 0 0 0 0 1 0 0
774 1 0 0 0 0 0 1 1 0
776 1 0 0 0 0 0 0 0 0
777 3 0 0 0 0 0 1 0 0
778 1 0 0 0 0 0 1 0 0
786 2 0 0 1 0 0 1 1 1
788 8 0 0 1 0 0 0 0 0
789 8 0 0 7 0 0 0 0 0
fn=intel_check_word.isra.0
119 162 0 0 81 6 6 0 0 0
122 81 0 0 0 0 0 0 0 0
128 42 1 1 0 0 0 24 0 0
132 12 1 1 0 0 0 0 0 0
134 3 0 0 0 0 0 0 0 0
138 42 0 0 0 0 0 0 0 0
140 60 0 0 0 0 0 0 0 0
142 15 1 1 0 0 0 0 0 0
144 30 0 0 0 0 0 0 0 0
152 30 0 0 0 0 0 0 0 0
161 13 1 1 0 0 0 0 0 0
164 29 1 1 0 0 0 0 0 0
167 24 0 0 0 0 0 0 0 0
171 16 0 0 0 0 0 0 0 0
173 36 0 0 0 0 0 0 0 0
175 14 0 0 0 0 0 0 0 0
177 10 0 0 0 0 0 0 0 0
178 6 0 0 0 0 0 0 0 0
179 2 1 1 0 0 0 0 0 0
181 3 1 1 0 0 0 0 0 0
183 6 0 0 0 0 0 0 0 0
185 9 1 1 0 0 0 0 0 0
186 12 0 0 0 0 0 0 0 0
187 9 1 1 0 0 0 0 0 0
188 15 0 0 0 0 0 0 0 0
196 5 0 0 0 0 0 0 0 0
203 24 0 0 0 0 0 0 0 0
225 12 1 1 0 0 0 0 0 0
255 36 0 0 30 0 0 0 0 0
fl=/build/glibc-sMfBJT/glibc-2.31/string/../sysdeps/x86_64/multiarch/../strchr.S
fn=index
23 10 1 1 0 0 0 0 0 0
24 10 0 0 0 0 0 0 0 0
25 10 0 0 0 0 0 0 0 0
26 10 0 0 0 0 0 0 0 0
27 10 0 0 0 0 0 0 0 0
28 10 0 0 0 0 0 0 0 0
29 10 0 0 0 0 0 0 0 0
30 10 1 1 0 0 0 0 0 0
31 10 0 0 0 0 0 0 0 0
32 10 0 0 10 3 3 0 0 0
33 10 0 0 0 0 0 0 0 0
34 10 0 0 0 0 0 0 0 0
35 10 0 0 0 0 0 0 0 0
36 10 0 0 0 0 0 0 0 0
37 10 0 0 0 0 0 0 0 0
38 10 0 0 0 0 0 0 0 0
39 10 0 0 0 0 0 0 0 0
40 10 0 0 0 0 0 0 0 0
41 7 0 0 0 0 0 0 0 0
45 7 0 0 0 0 0 0 0 0
46 7 0 0 0 0 0 0 0 0
47 7 0 0 7 0 0 0 0 0
48 7 0 0 0 0 0 0 0 0
50 7 0 0 7 0 0 0 0 0
54 3 1 1 3 1 1 0 0 0
55 3 0 0 0 0 0 0 0 0
56 3 0 0 0 0 0 0 0 0
57 3 0 0 0 0 0 0 0 0
58 3 0 0 0 0 0 0 0 0
59 3 0 0 0 0 0 0 0 0
60 3 0 0 3 1 1 0 0 0
61 3 0 0 0 0 0 0 0 0
62 3 0 0 0 0 0 0 0 0
63 3 0 0 0 0 0 0 0 0
64 3 0 0 0 0 0 0 0 0
65 3 0 0 0 0 0 0 0 0
66 3 0 0 0 0 0 0 0 0
67 3 0 0 3 0 0 0 0 0
68 3 0 0 0 0 0 0 0 0
69 3 1 1 0 0 0 0 0 0
70 3 0 0 0 0 0 0 0 0
71 3 0 0 0 0 0 0 0 0
72 3 0 0 0 0 0 0 0 0
73 3 0 0 0 0 0 0 0 0
74 3 0 0 0 0 0 0 0 0
75 3 0 0 0 0 0 0 0 0
76 3 0 0 0 0 0 0 0 0
77 5 0 0 0 0 0 0 0 0
82 1 0 0 0 0 0 0 0 0
83 1 0 0 0 0 0 0 0 0
86 1 0 0 0 0 0 0 0 0
87 1 0 0 1 0 0 0 0 0
88 1 1 1 1 0 0 0 0 0
89 1 0 0 1 0 0 0 0 0
90 1 0 0 0 0 0 0 0 0
91 1 0 0 1 0 0 0 0 0
92 1 0 0 0 0 0 0 0 0
93 1 0 0 0 0 0 0 0 0
94 1 0 0 1 0 0 0 0 0
95 1 0 0 0 0 0 0 0 0
96 1 0 0 1 0 0 0 0 0
97 1 0 0 1 0 0 0 0 0
98 1 0 0 0 0 0 0 0 0
99 1 0 0 1 0 0 0 0 0
100 1 0 0 0 0 0 0 0 0
101 1 0 0 0 0 0 0 0 0
102 1 1 1 0 0 0 0 0 0
103 1 0 0 0 0 0 0 0 0
105 1 0 0 0 0 0 0 0 0
106 1 0 0 0 0 0 0 0 0
108 1 0 0 1 0 0 0 0 0
109 1 0 0 0 0 0 0 0 0
110 1 0 0 0 0 0 0 0 0
111 1 0 0 0 0 0 0 0 0
112 1 0 0 0 0 0 0 0 0
113 1 0 0 0 0 0 0 0 0
114 1 0 0 0 0 0 0 0 0
115 1 0 0 0 0 0 0 0 0
117 1 0 0 0 0 0 0 0 0
118 1 0 0 0 0 0 0 0 0
119 1 0 0 0 0 0 0 0 0
120 1 0 0 0 0 0 0 0 0
121 1 0 0 0 0 0 0 0 0
122 1 1 1 0 0 0 0 0 0
123 1 0 0 0 0 0 0 0 0
124 1 0 0 0 0 0 0 0 0
125 1 0 0 0 0 0 0 0 0
126 1 0 0 0 0 0 0 0 0
129 3 0 0 0 0 0 0 0 0
133 3 0 0 0 0 0 0 0 0
134 3 0 0 0 0 0 0 0 0
135 3 0 0 3 0 0 0 0 0
136 3 0 0 0 0 0 0 0 0
138 3 0 0 3 0 0 0 0 0
fl=/build/glibc-sMfBJT/glibc-2.31/string/../sysdeps/x86_64/multiarch/../strlen.S
fn=strlen
41 18 1 1 0 0 0 0 0 0
79 18 0 0 0 0 0 0 0 0
80 18 0 0 0 0 0 0 0 0
81 18 0 0 0 0 0 0 0 0
82 18 0 0 0 0 0 0 0 0
83 18 0 0 0 0 0 0 0 0
84 18 0 0 0 0 0 0 0 0
85 18 0 0 0 0 0 0 0 0
87 18 0 0 0 0 0 0 0 0
89 18 0 0 0 0 0 0 0 0
120 18 0 0 18 2 2 0 0 0
121 18 1 1 0 0 0 0 0 0
122 18 0 0 0 0 0 0 0 0
123 18 0 0 0 0 0 0 0 0
124 18 0 0 0 0 0 0 0 0
125 9 0 0 0 0 0 0 0 0
127 9 0 0 9 0 0 0 0 0
131 9 0 0 0 0 0 0 0 0
132 9 0 0 9 0 0 0 0 0
133 9 0 0 9 1 1 0 0 0
134 9 0 0 9 0 0 0 0 0
135 9 0 0 0 0 0 0 0 0
136 9 0 0 0 0 0 0 0 0
137 9 0 0 0 0 0 0 0 0
138 9 0 0 0 0 0 0 0 0
139 9 0 0 0 0 0 0 0 0
140 9 0 0 0 0 0 0 0 0
141 9 0 0 0 0 0 0 0 0
142 9 0 0 0 0 0 0 0 0
147 66 1 1 6 0 0 0 0 0
221 3 1 1 3 0 0 0 0 0
222 3 0 0 3 0 0 0 0 0
223 3 0 0 3 0 0 0 0 0
224 3 0 0 3 0 0 0 0 0
225 3 0 0 0 0 0 0 0 0
226 3 0 0 0 0 0 0 0 0
227 3 0 0 0 0 0 0 0 0
228 3 0 0 0 0 0 0 0 0
244 3 1 1 0 0 0 0 0 0
246 3 0 0 0 0 0 0 0 0
247 42 1 1 12 0 0 0 0 0
249 3 0 0 0 0 0 0 0 0
250 3 0 0 0 0 0 0 0 0
251 3 0 0 0 0 0 0 0 0
253 3 0 0 3 0 0 0 0 0
fl=/build/glibc-sMfBJT/glibc-2.31/string/../sysdeps/x86_64/multiarch/ifunc-avx2.h
fn=memchr
30 5 0 0 0 0 0 0 0 0
32 3 0 0 2 0 0 0 0 0
fn=memrchr
30 5 1 1 0 0 0 0 0 0
32 3 0 0 2 0 0 0 0 0
fn=rawmemchr
30 5 0 0 0 0 0 0 0 0
32 3 0 0 2 0 0 0 0 0
fn=rindex
30 5 1 1 0 0 0 0 0 0
32 3 0 0 2 0 0 0 0 0
fn=strchrnul
30 5 0 0 0 0 0 0 0 0
32 3 0 0 2 0 0 0 0 0
fn=strlen
30 5 0 0 0 0 0 0 0 0
32 3 0 0 2 0 0 0 0 0
fn=strnlen
30 10 1 1 0 0 0 0 0 0
32 6 0 0 4 0 0 0 0 0
fl=/build/glibc-sMfBJT/glibc-2.31/string/../sysdeps/x86_64/multiarch/ifunc-memcmp.h
fn=bcmp
32 3 0 0 1 0 0 0 0 0
33 3 0 0 2 0 0 0 0 0
34 3 0 0 0 0 0 0 0 0
35 2 0 0 1 0 0 0 0 0
fl=/build/glibc-sMfBJT/glibc-2.31/string/../sysdeps/x86_64/multiarch/ifunc-memmove.h
fn=memcpy@@GLIBC_2.14
44 2 0 0 0 0 0 0 0 0
45 3 0 0 2 0 0 0 0 0
48 2 0 0 0 0 0 0 0 0
49 2 0 0 1 0 0 0 0 0
60 2 0 0 0 0 0 0 0 0
62 5 1 1 2 0 0 0 0 0
fn=memmove
44 4 0 0 0 0 0 0 0 0
45 6 1 1 4 1 0 0 0 0
48 4 0 0 0 0 0 0 0 0
49 4 0 0 2 0 0 0 0 0
60 4 0 0 0 0 0 0 0 0
62 10 0 0 4 1 0 0 0 0
fn=mempcpy
44 2 0 0 0 0 0 0 0 0
45 3 0 0 2 0 0 0 0 0
48 2 1 1 0 0 0 0 0 0
49 2 0 0 1 0 0 0 0 0
60 2 0 0 0 0 0 0 0 0
62 5 0 0 2 0 0 0 0 0
fl=/build/glibc-sMfBJT/glibc-2.31/string/../sysdeps/x86_64/multiarch/ifunc-memset.h
fn=memset
42 5 1 1 2 0 0 0 0 0
45 2 0 0 0 0 0 0 0 0
46 2 0 0 1 0 0 0 0 0
57 4 0 0 2 0 0 0 0 0
59 5 1 1 1 0 0 0 0 0
fl=/build/glibc-sMfBJT/glibc-2.31/string/../sysdeps/x86_64/multiarch/ifunc-sse4_2.h
fn=strcspn
30 5 1 1 2 0 0 0 0 0
fn=strpbrk
30 5 0 0 2 0 0 0 0 0
fn=strspn
30 5 0 0 2 0 0 0 0 0
fl=/build/glibc-sMfBJT/glibc-2.31/string/../sysdeps/x86_64/multiarch/ifunc-strcasecmp.h
fn=strcasecmp
32 4 0 0 2 0 0 0 0 0
fn=strcasecmp_l
32 4 0 0 2 0 0 0 0 0
fn=strncasecmp
32 4 1 1 2 0 0 0 0 0
fn=strncasecmp_l
32 4 0 0 2 0 0 0 0 0
fl=/build/glibc-sMfBJT/glibc-2.31/string/../sysdeps/x86_64/multiarch/ifunc-strcpy.h
fn=stpcpy
34 3 1 1 0 0 0 0 0 0
36 4 0 0 2 0 0 0 0 0
fn=stpncpy
34 3 0 0 0 0 0 0 0 0
36 4 0 0 2 0 0 0 0 0
fn=strcat
34 3 1 1 0 0 0 0 0 0
36 4 0 0 2 0 0 0 0 0
fn=strcpy
34 6 0 0 0 0 0 0 0 0
36 8 0 0 4 1 0 0 0 0
fn=strncpy
34 3 0 0 0 0 0 0 0 0
36 4 1 1 2 0 0 0 0 0
fl=/build/glibc-sMfBJT/glibc-2.31/string/../sysdeps/x86_64/multiarch/memchr.c
fn=memchr
29 2 1 1 1 0 0 0 0 0
fl=/build/glibc-sMfBJT/glibc-2.31/string/../sysdeps/x86_64/multiarch/memcmp.c
fn=bcmp
29 2 1 1 1 0 0 0 0 0
fl=/build/glibc-sMfBJT/glibc-2.31/string/../sysdeps/x86_64/multiarch/memcpy.c
fn=memcpy@@GLIBC_2.14
29 1 1 1 0 0 0 0 0 0
fl=/build/glibc-sMfBJT/glibc-2.31/string/../sysdeps/x86_64/multiarch/memmove-vec-unaligned-erms.S
fn=__memcpy_avx_unaligned_erms
225 212724 0 0 0 0 0 0 0 0
226 212724 0 0 0 0 0 0 0 0
232 212732 0 0 0 0 0 0 0 0
233 212732 0 0 0 0 0 0 0 0
277 212732 1 1 0 0 0 0 0 0
278 212732 0 0 0 0 0 0 0 0
280 212441 0 0 0 0 0 0 0 0
281 212441 0 0 0 0 0 0 0 0
282 6 0 0 0 0 0 0 0 0
283 6 0 0 0 0 0 0 0 0
284 6 0 0 0 0 0 0 0 0
285 6 0 0 0 0 0 0 0 0
286 5 0 0 0 0 0 0 0 0
287 5 0 0 5 0 0 0 0 0
288 5 0 0 0 0 0 5 1 0
290 5 0 0 5 0 0 0 0 0
304 291 0 0 291 0 0 0 0 0
305 291 0 0 291 0 0 0 0 0
306 291 0 0 0 0 0 291 1 1
307 291 0 0 0 0 0 291 0 0
308 291 0 0 291 0 0 0 0 0
312 212435 0 0 212435 52 15 0 0 0
313 212435 0 0 212435 0 0 0 0 0
314 212435 3 3 0 0 0 212435 0 0
315 212435 0 0 0 0 0 212435 0 0
316 212435 0 0 212435 0 0 0 0 0
326 1 1 0 1 0 0 0 0 0
327 1 0 0 1 0 0 0 0 0
328 1 0 0 0 0 0 1 1 0
329 1 0 0 0 0 0 1 0 0
330 1 0 0 1 0 0 0 0 0
fn=__mempcpy_avx_unaligned_erms
212 8 1 1 0 0 0 0 0 0
213 8 0 0 0 0 0 0 0 0
214 8 0 0 0 0 0 0 0 0
215 8 0 0 0 0 0 0 0 0
fn=memcpy
127 19 1 1 0 0 0 0 0 0
128 19 0 0 0 0 0 0 0 0
134 49 0 0 0 0 0 0 0 0
135 49 0 0 0 0 0 0 0 0
136 17 0 0 0 0 0 0 0 0
137 17 0 0 0 0 0 0 0 0
142 12 0 0 12 1 0 0 0 0
143 12 0 0 12 0 0 0 0 0
144 12 0 0 0 0 0 12 3 3
145 12 0 0 0 0 0 12 1 1
150 12 0 0 12 0 0 0 0 0
280 32 0 0 0 0 0 0 0 0
281 32 0 0 0 0 0 0 0 0
282 10 0 0 0 0 0 0 0 0
283 10 0 0 0 0 0 0 0 0
284 5 0 0 0 0 0 0 0 0
285 5 0 0 0 0 0 0 0 0
286 3 0 0 0 0 0 0 0 0
287 1 0 0 1 1 1 0 0 0
288 1 0 0 0 0 0 1 1 1
290 3 0 0 3 0 0 0 0 0
312 22 0 0 22 0 0 0 0 0
313 22 0 0 22 0 0 0 0 0
314 22 0 0 0 0 0 22 3 3
315 22 0 0 0 0 0 22 0 0
316 22 0 0 22 0 0 0 0 0
319 5 0 0 5 0 0 0 0 0
320 5 0 0 5 0 0 0 0 0
321 5 0 0 0 0 0 5 0 0
322 5 0 0 0 0 0 5 0 0
323 5 0 0 5 0 0 0 0 0
326 2 1 1 2 1 1 0 0 0
327 2 0 0 2 0 0 0 0 0
328 2 0 0 0 0 0 2 1 1
329 2 0 0 0 0 0 2 0 0
330 2 0 0 2 0 0 0 0 0
340 5 0 0 0 0 0 0 0 0
341 5 0 0 0 0 0 0 0 0
342 5 0 0 0 0 0 0 0 0
343 5 0 0 0 0 0 0 0 0
345 4 0 0 4 0 0 0 0 0
346 4 0 0 4 0 0 0 0 0
347 4 1 1 4 0 0 0 0 0
348 4 0 0 4 0 0 0 0 0
349 4 0 0 4 0 0 0 0 0
350 4 0 0 4 0 0 0 0 0
351 4 0 0 4 0 0 0 0 0
352 4 0 0 4 0 0 0 0 0
353 4 0 0 0 0 0 4 1 1
354 4 0 0 0 0 0 4 0 0
355 4 0 0 0 0 0 4 0 0
356 4 0 0 0 0 0 4 3 3
357 4 0 0 0 0 0 4 1 1
358 4 0 0 0 0 0 4 0 0
359 4 0 0 0 0 0 4 0 0
360 4 0 0 0 0 0 4 0 0
362 4 0 0 4 0 0 0 0 0
365 1 1 1 1 0 0 0 0 0
366 1 0 0 1 0 0 0 0 0
367 1 0 0 1 0 0 0 0 0
368 1 0 0 1 0 0 0 0 0
369 1 0 0 0 0 0 1 0 0
370 1 0 0 0 0 0 1 0 0
371 1 0 0 0 0 0 1 0 0
372 1 0 0 0 0 0 1 0 0
374 1 0 0 1 0 0 0 0 0
fn=mempcpy
114 30 1 1 0 0 0 0 0 0
115 30 0 0 0 0 0 0 0 0
116 30 0 0 0 0 0 0 0 0
117 30 0 0 0 0 0 0 0 0
fl=/build/glibc-sMfBJT/glibc-2.31/string/../sysdeps/x86_64/multiarch/memmove.c
fn=memmove
29 2 1 1 0 0 0 0 0 0
fl=/build/glibc-sMfBJT/glibc-2.31/string/../sysdeps/x86_64/multiarch/mempcpy.c
fn=mempcpy
33 1 1 1 0 0 0 0 0 0
fl=/build/glibc-sMfBJT/glibc-2.31/string/../sysdeps/x86_64/multiarch/memrchr.c
fn=memrchr
29 2 1 1 1 0 0 0 0 0
fl=/build/glibc-sMfBJT/glibc-2.31/string/../sysdeps/x86_64/multiarch/memset-vec-unaligned-erms.S
fn=__memset_avx2_erms
147 17 0 0 0 0 0 0 0 0
148 17 0 0 0 0 0 0 0 0
149 17 0 0 0 0 0 0 0 0
150 17 0 0 0 0 0 0 0 0
151 11290731 0 0 0 0 0 11290714 175691 111316
152 17 0 0 0 0 0 0 0 0
153 17 0 0 17 16 0 0 0 0
fn=__memset_avx2_unaligned_erms
167 40 1 1 0 0 0 0 0 0
168 120 0 0 0 0 0 0 0 0
173 40 1 1 0 0 0 0 0 0
174 40 0 0 0 0 0 0 0 0
175 18 0 0 0 0 0 0 0 0
176 18 0 0 0 0 0 0 0 0
184 18 0 0 0 0 0 0 0 0
185 18 0 0 0 0 0 0 0 0
188 1 0 0 0 0 0 0 0 0
189 1 0 0 0 0 0 0 0 0
199 1 1 1 0 0 0 0 0 0
200 1 0 0 0 0 0 1 1 1
201 1 0 0 0 0 0 0 0 0
202 1 0 0 0 0 0 1 0 0
203 1 0 0 0 0 0 1 0 0
204 1 0 0 0 0 0 1 1 1
205 1 0 0 0 0 0 1 1 1
206 1 0 0 0 0 0 1 0 0
207 1 0 0 0 0 0 1 0 0
208 1 0 0 0 0 0 1 1 1
209 1 1 1 0 0 0 0 0 0
210 1 0 0 0 0 0 0 0 0
211 1 0 0 0 0 0 0 0 0
212 1 0 0 0 0 0 0 0 0
214 5 0 0 0 0 0 5 4 4
215 5 0 0 0 0 0 5 0 0
216 5 0 0 0 0 0 5 4 4
217 5 0 0 0 0 0 5 0 0
218 5 0 0 0 0 0 0 0 0
219 5 0 0 0 0 0 0 0 0
220 5 0 0 0 0 0 0 0 0
221 1 0 0 0 0 0 0 0 0
222 1 0 0 1 0 0 0 0 0
233 22 0 0 0 0 0 0 0 0
234 22 0 0 0 0 0 0 0 0
259 22 1 1 0 0 0 22 0 0
260 22 0 0 0 0 0 22 0 0
261 22 0 0 0 0 0 0 0 0
262 22 0 0 22 0 0 0 0 0
fn=memset
108 12 1 1 0 0 0 0 0 0
109 60 1 1 0 0 0 0 0 0
115 12 0 0 0 0 0 0 0 0
116 12 0 0 0 0 0 0 0 0
117 6 0 0 0 0 0 0 0 0
118 6 0 0 0 0 0 0 0 0
120 4 0 0 0 0 0 4 2 2
121 4 0 0 0 0 0 4 0 0
123 4 0 0 4 0 0 0 0 0
188 2 0 0 0 0 0 0 0 0
189 2 0 0 0 0 0 0 0 0
199 2 1 1 0 0 0 0 0 0
200 2 0 0 0 0 0 2 2 2
201 2 0 0 0 0 0 0 0 0
202 2 0 0 0 0 0 2 2 2
203 2 0 0 0 0 0 2 0 0
204 2 0 0 0 0 0 2 0 0
205 2 0 0 0 0 0 2 1 1
206 2 0 0 0 0 0 2 0 0
207 2 0 0 0 0 0 2 0 0
208 2 0 0 0 0 0 2 0 0
209 2 0 0 0 0 0 0 0 0
210 2 0 0 0 0 0 0 0 0
211 2 0 0 0 0 0 0 0 0
212 2 0 0 0 0 0 0 0 0
214 34 0 0 0 0 0 34 31 31
215 34 0 0 0 0 0 34 0 0
216 34 0 0 0 0 0 34 0 0
217 34 0 0 0 0 0 34 0 0
218 34 0 0 0 0 0 0 0 0
219 34 0 0 0 0 0 0 0 0
220 34 0 0 0 0 0 0 0 0
221 2 0 0 2 0 0 0 0 0
236 6 1 1 0 0 0 0 0 0
237 6 0 0 0 0 0 0 0 0
238 6 0 0 0 0 0 0 0 0
239 3 0 0 0 0 0 0 0 0
240 3 0 0 0 0 0 0 0 0
241 1 0 0 0 0 0 0 0 0
242 1 0 0 0 0 0 0 0 0
266 3 0 0 0 0 0 3 2 2
267 3 0 0 0 0 0 3 0 0
269 3 0 0 3 0 0 0 0 0
272 2 1 1 0 0 0 2 0 0
273 2 0 0 0 0 0 2 0 0
275 2 0 0 2 0 0 0 0 0
278 1 0 0 0 0 0 1 0 0
279 1 0 0 0 0 0 1 0 0
281 1 0 0 1 0 0 0 0 0
fl=/build/glibc-sMfBJT/glibc-2.31/string/../sysdeps/x86_64/multiarch/memset.c
fn=memset
29 1 1 1 0 0 0 0 0 0
fl=/build/glibc-sMfBJT/glibc-2.31/string/../sysdeps/x86_64/multiarch/rawmemchr.c
fn=rawmemchr
31 2 1 1 1 0 0 0 0 0
fl=/build/glibc-sMfBJT/glibc-2.31/string/../sysdeps/x86_64/multiarch/stpcpy.c
fn=stpcpy
33 2 1 1 1 0 0 0 0 0
fl=/build/glibc-sMfBJT/glibc-2.31/string/../sysdeps/x86_64/multiarch/stpncpy.c
fn=stpncpy
31 2 1 1 1 0 0 0 0 0
fl=/build/glibc-sMfBJT/glibc-2.31/string/../sysdeps/x86_64/multiarch/strcasecmp.c
fn=strcasecmp
31 2 2 2 1 0 0 0 0 0
fl=/build/glibc-sMfBJT/glibc-2.31/string/../sysdeps/x86_64/multiarch/strcasecmp_l.c
fn=strcasecmp_l
31 2 2 2 1 0 0 0 0 0
fl=/build/glibc-sMfBJT/glibc-2.31/string/../sysdeps/x86_64/multiarch/strcat.c
fn=strcat
29 2 1 1 1 0 0 0 0 0
fl=/build/glibc-sMfBJT/glibc-2.31/string/../sysdeps/x86_64/multiarch/strchr-avx2.S
fn=__strchr_avx2
44 55 1 1 0 0 0 0 0 0
45 55 0 0 0 0 0 0 0 0
47 55 0 0 0 0 0 0 0 0
48 55 0 0 0 0 0 0 0 0
49 55 1 1 0 0 0 0 0 0
51 55 0 0 0 0 0 0 0 0
52 55 0 0 0 0 0 0 0 0
53 55 0 0 0 0 0 0 0 0
74 55 1 1 0 0 0 0 0 0
75 55 0 0 0 0 0 0 0 0
76 55 0 0 55 0 0 0 0 0
77 55 0 0 0 0 0 0 0 0
78 55 0 0 0 0 0 0 0 0
79 55 0 0 0 0 0 0 0 0
80 55 0 0 0 0 0 0 0 0
82 55 0 0 0 0 0 0 0 0
83 55 0 0 0 0 0 0 0 0
84 55 0 0 0 0 0 0 0 0
86 55 0 0 0 0 0 0 0 0
87 55 0 0 0 0 0 0 0 0
91 55 0 0 0 0 0 0 0 0
92 55 0 0 0 0 0 0 0 0
93 55 0 0 55 0 0 0 0 0
94 55 0 0 0 0 0 0 0 0
96 55 0 0 0 0 0 0 0 0
97 55 0 0 55 0 0 0 0 0
fn=__strchrnul_avx2
44 113 1 1 0 0 0 0 0 0
45 113 0 0 0 0 0 0 0 0
47 113 0 0 0 0 0 0 0 0
48 113 0 0 0 0 0 0 0 0
49 113 0 0 0 0 0 0 0 0
51 113 0 0 0 0 0 0 0 0
52 113 0 0 0 0 0 0 0 0
53 113 0 0 0 0 0 0 0 0
57 63 0 0 63 31 6 0 0 0
58 63 1 1 0 0 0 0 0 0
59 63 0 0 0 0 0 0 0 0
60 63 0 0 0 0 0 0 0 0
61 63 0 0 0 0 0 0 0 0
62 63 0 0 0 0 0 0 0 0
63 63 0 0 0 0 0 0 0 0
74 50 0 0 0 0 0 0 0 0
75 50 0 0 0 0 0 0 0 0
76 50 0 0 50 6 4 0 0 0
77 50 0 0 0 0 0 0 0 0
78 50 6 6 0 0 0 0 0 0
79 50 0 0 0 0 0 0 0 0
80 50 0 0 0 0 0 0 0 0
82 50 0 0 0 0 0 0 0 0
83 50 0 0 0 0 0 0 0 0
84 50 0 0 0 0 0 0 0 0
86 48 0 0 0 0 0 0 0 0
87 48 0 0 0 0 0 0 0 0
89 48 0 0 0 0 0 0 0 0
96 48 0 0 0 0 0 0 0 0
97 48 0 0 48 0 0 0 0 0
101 2 0 0 0 0 0 0 0 0
106 2 0 0 2 2 2 0 0 0
107 2 0 0 0 0 0 0 0 0
108 2 1 1 0 0 0 0 0 0
109 2 0 0 0 0 0 0 0 0
110 2 0 0 0 0 0 0 0 0
111 2 0 0 0 0 0 0 0 0
112 2 0 0 0 0 0 0 0 0
184 65 1 1 0 0 0 0 0 0
186 65 0 0 0 0 0 0 0 0
193 65 0 0 0 0 0 0 0 0
194 65 0 0 65 0 0 0 0 0
fl=/build/glibc-sMfBJT/glibc-2.31/string/../sysdeps/x86_64/multiarch/strchr.c
fn=index
38 3 0 0 0 0 0 0 0 0
40 4 1 1 2 0 0 0 0 0
49 2 0 0 1 0 0 0 0 0
fl=/build/glibc-sMfBJT/glibc-2.31/string/../sysdeps/x86_64/multiarch/strchrnul.c
fn=strchrnul
31 2 1 1 1 0 0 0 0 0
fl=/build/glibc-sMfBJT/glibc-2.31/string/../sysdeps/x86_64/multiarch/strcmp-avx2.S
fn=__strcmp_avx2
79 4 1 1 0 0 0 0 0 0
92 4 0 0 0 0 0 0 0 0
93 4 0 0 0 0 0 0 0 0
95 4 0 0 0 0 0 0 0 0
96 4 0 0 0 0 0 0 0 0
97 4 0 0 0 0 0 0 0 0
98 4 0 0 0 0 0 0 0 0
99 4 0 0 0 0 0 0 0 0
101 4 1 1 4 1 0 0 0 0
102 4 0 0 4 4 4 0 0 0
103 4 0 0 0 0 0 0 0 0
104 4 0 0 0 0 0 0 0 0
105 4 0 0 0 0 0 0 0 0
106 4 0 0 0 0 0 0 0 0
107 4 0 0 0 0 0 0 0 0
108 4 0 0 0 0 0 0 0 0
126 4 0 0 4 0 0 0 0 0
127 4 0 0 4 0 0 0 0 0
128 4 0 0 0 0 0 0 0 0
130 4 0 0 0 0 0 0 0 0
131 4 0 0 4 0 0 0 0 0
fl=/build/glibc-sMfBJT/glibc-2.31/string/../sysdeps/x86_64/multiarch/strcmp.c
fn=strcmp
39 6 0 0 0 0 0 0 0 0
41 8 0 0 4 0 0 0 0 0
53 4 2 2 2 0 0 0 0 0
fl=/build/glibc-sMfBJT/glibc-2.31/string/../sysdeps/x86_64/multiarch/strcpy.c
fn=strcpy
29 4 1 1 2 0 0 0 0 0
fl=/build/glibc-sMfBJT/glibc-2.31/string/../sysdeps/x86_64/multiarch/strcspn.c
fn=strcspn
29 2 1 1 1 0 0 0 0 0
fl=/build/glibc-sMfBJT/glibc-2.31/string/../sysdeps/x86_64/multiarch/strlen-avx2.S
fn=__strlen_avx2
42 209409 0 0 0 0 0 0 0 0
55 209409 0 0 0 0 0 0 0 0
56 209409 0 0 0 0 0 0 0 0
57 209409 0 0 0 0 0 0 0 0
60 209409 0 0 0 0 0 0 0 0
61 209409 0 0 0 0 0 0 0 0
62 209409 0 0 0 0 0 0 0 0
65 1 0 0 1 1 0 0 0 0
66 1 0 0 0 0 0 0 0 0
67 1 0 0 0 0 0 0 0 0
75 1 0 0 0 0 0 0 0 0
94 209408 1 1 0 0 0 0 0 0
95 209408 0 0 0 0 0 0 0 0
96 209408 0 0 209408 35 9 0 0 0
97 209408 0 0 0 0 0 0 0 0
99 209408 0 0 0 0 0 0 0 0
100 209408 0 0 0 0 0 0 0 0
101 209408 0 0 0 0 0 0 0 0
102 209408 0 0 0 0 0 0 0 0
108 209408 0 0 0 0 0 0 0 0
109 209408 0 0 0 0 0 0 0 0
110 209408 1 1 0 0 0 0 0 0
114 209408 0 0 0 0 0 0 0 0
115 209408 0 0 209408 0 0 0 0 0
335 1 1 1 0 0 0 0 0 0
336 1 0 0 0 0 0 0 0 0
337 1 0 0 0 0 0 0 0 0
341 1 0 0 0 0 0 0 0 0
342 1 0 0 1 0 0 0 0 0
fl=/build/glibc-sMfBJT/glibc-2.31/string/../sysdeps/x86_64/multiarch/strlen.c
fn=strlen
29 2 1 1 1 0 0 0 0 0
fl=/build/glibc-sMfBJT/glibc-2.31/string/../sysdeps/x86_64/multiarch/strncase.c
fn=strncasecmp
31 2 0 0 1 0 0 0 0 0
fl=/build/glibc-sMfBJT/glibc-2.31/string/../sysdeps/x86_64/multiarch/strncase_l.c
fn=strncasecmp_l
31 2 1 1 1 0 0 0 0 0
fl=/build/glibc-sMfBJT/glibc-2.31/string/../sysdeps/x86_64/multiarch/strncmp.c
fn=strncmp
39 3 0 0 0 0 0 0 0 0
41 4 0 0 2 0 0 0 0 0
54 2 1 1 1 0 0 0 0 0
fl=/build/glibc-sMfBJT/glibc-2.31/string/../sysdeps/x86_64/multiarch/strncpy.c
fn=strncpy
29 2 2 2 1 0 0 0 0 0
fl=/build/glibc-sMfBJT/glibc-2.31/string/../sysdeps/x86_64/multiarch/strnlen.c
fn=strnlen
31 4 1 1 2 0 0 0 0 0
fl=/build/glibc-sMfBJT/glibc-2.31/string/../sysdeps/x86_64/multiarch/strpbrk.c
fn=strpbrk
29 2 0 0 1 0 0 0 0 0
fl=/build/glibc-sMfBJT/glibc-2.31/string/../sysdeps/x86_64/multiarch/strrchr-avx2.S
fn=__strrchr_avx2
42 1 1 1 0 0 0 0 0 0
43 1 0 0 0 0 0 0 0 0
44 1 0 0 0 0 0 0 0 0
46 1 0 0 0 0 0 0 0 0
47 1 0 0 0 0 0 0 0 0
50 1 0 0 0 0 0 0 0 0
51 1 0 0 0 0 0 0 0 0
52 1 0 0 0 0 0 0 0 0
85 1 1 1 0 0 0 0 0 0
86 1 0 0 0 0 0 0 0 0
87 1 0 0 1 1 0 0 0 0
88 1 0 0 0 0 0 0 0 0
89 1 0 0 0 0 0 0 0 0
90 1 0 0 0 0 0 0 0 0
91 1 0 0 0 0 0 0 0 0
92 1 0 0 0 0 0 0 0 0
93 1 0 0 0 0 0 0 0 0
94 1 0 0 0 0 0 0 0 0
97 1 0 0 0 0 0 0 0 0
98 1 0 0 0 0 0 0 0 0
107 1 1 1 0 0 0 0 0 0
108 1 0 0 0 0 0 0 0 0
207 1 1 1 0 0 0 0 0 0
208 1 0 0 0 0 0 0 0 0
216 1 0 0 0 0 0 0 0 0
217 1 0 0 0 0 0 0 0 0
218 1 0 0 0 0 0 0 0 0
219 1 0 0 0 0 0 0 0 0
220 1 0 0 0 0 0 0 0 0
222 1 0 0 0 0 0 0 0 0
223 1 0 0 0 0 0 0 0 0
224 1 0 0 0 0 0 0 0 0
225 1 1 1 0 0 0 0 0 0
226 1 0 0 1 0 0 0 0 0
fl=/build/glibc-sMfBJT/glibc-2.31/string/../sysdeps/x86_64/multiarch/strrchr.c
fn=rindex
28 2 0 0 1 0 0 0 0 0
fl=/build/glibc-sMfBJT/glibc-2.31/string/../sysdeps/x86_64/multiarch/strspn.c
fn=strspn
29 2 1 1 1 0 0 0 0 0
fl=/build/glibc-sMfBJT/glibc-2.31/string/../sysdeps/x86_64/strcmp.S
fn=strcmp
111 285 1 1 0 0 0 0 0 0
144 285 0 0 0 0 0 0 0 0
145 285 0 0 0 0 0 0 0 0
147 285 0 0 0 0 0 0 0 0
148 285 0 0 0 0 0 0 0 0
169 285 1 1 0 0 0 0 0 0
170 285 0 0 0 0 0 0 0 0
171 260 0 0 0 0 0 0 0 0
172 260 0 0 0 0 0 0 0 0
173 245 0 0 245 33 20 0 0 0
174 245 0 0 245 4 3 0 0 0
175 245 0 0 245 0 0 0 0 0
176 245 0 0 245 0 0 0 0 0
197 245 0 0 0 0 0 0 0 0
198 245 0 0 0 0 0 0 0 0
199 245 0 0 0 0 0 0 0 0
200 245 0 0 0 0 0 0 0 0
201 245 0 0 0 0 0 0 0 0
202 245 0 0 0 0 0 0 0 0
203 245 0 0 0 0 0 0 0 0
208 11 0 0 0 0 0 0 0 0
209 33 1 1 0 0 0 0 0 0
218 51 0 0 0 0 0 0 0 0
219 51 0 0 0 0 0 0 0 0
220 51 0 0 0 0 0 0 0 0
221 51 0 0 0 0 0 0 0 0
222 51 0 0 0 0 0 0 0 0
223 51 0 0 0 0 0 0 0 0
224 51 0 0 0 0 0 0 0 0
225 51 0 0 0 0 0 0 0 0
226 42 0 0 0 0 0 0 0 0
227 21 0 0 0 0 0 0 0 0
228 21 0 0 0 0 0 0 0 0
229 21 0 0 0 0 0 0 0 0
231 42 0 0 0 0 0 0 0 0
232 42 0 0 0 0 0 0 0 0
233 42 1 1 0 0 0 0 0 0
234 42 0 0 42 5 2 0 0 0
235 42 0 0 0 0 0 0 0 0
236 42 0 0 0 0 0 0 0 0
246 9 0 0 9 1 0 0 0 0
247 9 0 0 0 0 0 0 0 0
248 9 0 0 0 0 0 0 0 0
250 9 0 0 9 1 1 0 0 0
256 9 0 0 0 0 0 0 0 0
257 9 0 0 0 0 0 0 0 0
258 9 0 0 0 0 0 0 0 0
259 9 0 0 0 0 0 0 0 0
260 9 0 0 0 0 0 0 0 0
265 9 0 0 0 0 0 0 0 0
267 4 0 0 0 0 0 0 0 0
268 4 1 1 0 0 0 0 0 0
269 8 0 0 0 0 0 0 0 0
277 4 0 0 4 0 0 0 0 0
278 4 0 0 4 1 1 0 0 0
281 4 0 0 0 0 0 0 0 0
282 4 0 0 0 0 0 0 0 0
283 4 0 0 0 0 0 0 0 0
284 4 0 0 0 0 0 0 0 0
285 4 0 0 0 0 0 0 0 0
286 4 0 0 0 0 0 0 0 0
447 1 1 1 0 0 0 0 0 0
448 1 0 0 1 0 0 0 0 0
449 1 0 0 1 0 0 0 0 0
450 1 0 0 0 0 0 0 0 0
451 1 1 1 0 0 0 0 0 0
453 1 0 0 0 0 0 0 0 0
454 1 0 0 0 0 0 0 0 0
455 1 0 0 0 0 0 0 0 0
456 1 0 0 0 0 0 0 0 0
457 1 0 0 0 0 0 0 0 0
458 1 0 0 0 0 0 0 0 0
459 1 0 0 0 0 0 0 0 0
460 1 0 0 1 0 0 0 0 0
463 1 0 0 0 0 0 0 0 0
464 1 0 0 0 0 0 0 0 0
465 1 0 0 0 0 0 0 0 0
471 1 0 0 0 0 0 0 0 0
472 1 0 0 0 0 0 0 0 0
473 2 1 1 0 0 0 0 0 0
477 1 0 0 0 0 0 0 0 0
478 1 0 0 0 0 0 0 0 0
481 1 0 0 1 0 0 0 0 0
482 1 0 0 1 0 0 0 0 0
483 1 0 0 0 0 0 0 0 0
486 1 0 0 0 0 0 0 0 0
487 1 0 0 0 0 0 0 0 0
488 1 0 0 0 0 0 0 0 0
494 1 0 0 0 0 0 0 0 0
495 1 0 0 0 0 0 0 0 0
496 1 1 1 0 0 0 0 0 0
497 1 0 0 0 0 0 0 0 0
498 1 0 0 0 0 0 0 0 0
499 1 0 0 0 0 0 0 0 0
821 3 1 1 0 0 0 0 0 0
822 3 0 0 3 0 0 0 0 0
823 3 0 0 3 0 0 0 0 0
824 3 0 0 0 0 0 0 0 0
825 3 1 1 0 0 0 0 0 0
827 3 0 0 0 0 0 0 0 0
828 3 0 0 0 0 0 0 0 0
829 3 0 0 0 0 0 0 0 0
830 3 0 0 0 0 0 0 0 0
831 3 0 0 0 0 0 0 0 0
832 3 0 0 0 0 0 0 0 0
833 3 0 0 0 0 0 0 0 0
834 3 0 0 3 0 0 0 0 0
838 3 0 0 0 0 0 0 0 0
839 3 0 0 0 0 0 0 0 0
840 3 0 0 0 0 0 0 0 0
846 3 0 0 0 0 0 0 0 0
847 3 0 0 0 0 0 0 0 0
848 6 1 1 0 0 0 0 0 0
852 3 0 0 0 0 0 0 0 0
853 3 0 0 0 0 0 0 0 0
856 3 0 0 3 0 0 0 0 0
857 3 0 0 3 1 1 0 0 0
858 3 0 0 0 0 0 0 0 0
861 3 0 0 0 0 0 0 0 0
862 3 0 0 0 0 0 0 0 0
863 3 0 0 0 0 0 0 0 0
869 3 0 0 0 0 0 0 0 0
870 3 0 0 0 0 0 0 0 0
871 3 1 1 0 0 0 0 0 0
872 3 0 0 0 0 0 0 0 0
873 3 0 0 0 0 0 0 0 0
874 3 0 0 0 0 0 0 0 0
946 2 1 1 0 0 0 0 0 0
947 2 0 0 2 1 1 0 0 0
948 2 0 0 2 1 1 0 0 0
949 2 0 0 0 0 0 0 0 0
950 2 1 1 0 0 0 0 0 0
952 2 0 0 0 0 0 0 0 0
953 2 0 0 0 0 0 0 0 0
954 2 0 0 0 0 0 0 0 0
955 2 0 0 0 0 0 0 0 0
956 2 0 0 0 0 0 0 0 0
957 2 0 0 0 0 0 0 0 0
958 2 0 0 0 0 0 0 0 0
959 1 0 0 1 0 0 0 0 0
963 1 0 0 0 0 0 0 0 0
964 1 0 0 0 0 0 0 0 0
965 1 0 0 0 0 0 0 0 0
971 1 0 0 0 0 0 0 0 0
972 1 0 0 0 0 0 0 0 0
973 2 1 1 0 0 0 0 0 0
977 1 0 0 0 0 0 0 0 0
978 1 0 0 0 0 0 0 0 0
981 1 0 0 1 1 1 0 0 0
982 1 0 0 1 0 0 0 0 0
983 1 0 0 0 0 0 0 0 0
986 1 0 0 0 0 0 0 0 0
987 1 0 0 0 0 0 0 0 0
988 1 0 0 0 0 0 0 0 0
994 1 0 0 0 0 0 0 0 0
995 1 0 0 0 0 0 0 0 0
996 1 1 1 0 0 0 0 0 0
997 1 0 0 0 0 0 0 0 0
998 1 0 0 0 0 0 0 0 0
999 1 0 0 0 0 0 0 0 0
1006 1 0 0 0 0 0 0 0 0
1007 1 0 0 0 0 0 0 0 0
1009 1 0 0 0 0 0 0 0 0
1010 1 0 0 0 0 0 0 0 0
1012 1 0 0 1 0 0 0 0 0
1013 1 0 0 1 0 0 0 0 0
1014 1 0 0 0 0 0 0 0 0
1017 1 0 0 0 0 0 0 0 0
1018 1 0 0 0 0 0 0 0 0
1019 1 0 0 0 0 0 0 0 0
1025 1 0 0 0 0 0 0 0 0
1026 1 1 1 0 0 0 0 0 0
1027 1 0 0 0 0 0 0 0 0
1028 1 0 0 0 0 0 0 0 0
1029 1 0 0 0 0 0 0 0 0
1030 1 0 0 0 0 0 0 0 0
1071 1 1 1 0 0 0 0 0 0
1072 1 0 0 1 1 0 0 0 0
1073 1 0 0 1 0 0 0 0 0
1074 1 0 0 0 0 0 0 0 0
1075 1 1 1 0 0 0 0 0 0
1077 1 0 0 0 0 0 0 0 0
1078 1 0 0 0 0 0 0 0 0
1079 1 0 0 0 0 0 0 0 0
1080 1 0 0 0 0 0 0 0 0
1081 1 0 0 0 0 0 0 0 0
1082 1 0 0 0 0 0 0 0 0
1083 1 0 0 0 0 0 0 0 0
1321 5 1 1 0 0 0 0 0 0
1322 5 0 0 5 2 2 0 0 0
1323 5 0 0 5 0 0 0 0 0
1324 5 0 0 0 0 0 0 0 0
1325 5 1 1 0 0 0 0 0 0
1327 5 0 0 0 0 0 0 0 0
1328 5 0 0 0 0 0 0 0 0
1329 5 0 0 0 0 0 0 0 0
1330 5 0 0 0 0 0 0 0 0
1331 5 0 0 0 0 0 0 0 0
1332 5 0 0 0 0 0 0 0 0
1333 5 0 0 0 0 0 0 0 0
1334 5 0 0 5 0 0 0 0 0
1338 5 0 0 0 0 0 0 0 0
1339 5 0 0 0 0 0 0 0 0
1340 5 0 0 0 0 0 0 0 0
1346 5 0 0 0 0 0 0 0 0
1347 5 0 0 0 0 0 0 0 0
1348 10 1 1 0 0 0 0 0 0
1352 5 0 0 0 0 0 0 0 0
1353 5 0 0 0 0 0 0 0 0
1356 5 0 0 5 0 0 0 0 0
1357 5 0 0 5 1 1 0 0 0
1358 5 0 0 0 0 0 0 0 0
1361 5 0 0 0 0 0 0 0 0
1362 5 0 0 0 0 0 0 0 0
1363 5 0 0 0 0 0 0 0 0
1369 5 0 0 0 0 0 0 0 0
1370 5 0 0 0 0 0 0 0 0
1371 5 1 1 0 0 0 0 0 0
1372 5 0 0 0 0 0 0 0 0
1373 5 0 0 0 0 0 0 0 0
1374 5 0 0 0 0 0 0 0 0
1446 2 1 1 0 0 0 0 0 0
1447 2 0 0 2 2 2 0 0 0
1448 2 0 0 2 0 0 0 0 0
1449 2 0 0 0 0 0 0 0 0
1450 2 1 1 0 0 0 0 0 0
1452 2 0 0 0 0 0 0 0 0
1453 2 0 0 0 0 0 0 0 0
1454 2 0 0 0 0 0 0 0 0
1455 2 0 0 0 0 0 0 0 0
1456 2 0 0 0 0 0 0 0 0
1457 2 0 0 0 0 0 0 0 0
1458 2 0 0 0 0 0 0 0 0
1459 1 0 0 1 0 0 0 0 0
1463 1 0 0 0 0 0 0 0 0
1464 1 0 0 0 0 0 0 0 0
1465 1 0 0 0 0 0 0 0 0
1471 1 0 0 0 0 0 0 0 0
1472 1 0 0 0 0 0 0 0 0
1473 2 1 1 0 0 0 0 0 0
1477 1 0 0 0 0 0 0 0 0
1478 1 0 0 0 0 0 0 0 0
1481 1 0 0 1 0 0 0 0 0
1482 1 0 0 1 0 0 0 0 0
1483 1 0 0 0 0 0 0 0 0
1486 1 0 0 0 0 0 0 0 0
1487 1 0 0 0 0 0 0 0 0
1488 1 0 0 0 0 0 0 0 0
1494 1 0 0 0 0 0 0 0 0
1495 1 0 0 0 0 0 0 0 0
1496 1 1 1 0 0 0 0 0 0
1497 1 0 0 0 0 0 0 0 0
1498 1 0 0 0 0 0 0 0 0
1499 1 0 0 0 0 0 0 0 0
1571 3 1 1 0 0 0 0 0 0
1572 3 0 0 3 1 1 0 0 0
1573 3 0 0 3 1 0 0 0 0
1574 3 0 0 0 0 0 0 0 0
1575 3 1 1 0 0 0 0 0 0
1577 3 0 0 0 0 0 0 0 0
1578 3 0 0 0 0 0 0 0 0
1579 3 0 0 0 0 0 0 0 0
1580 3 0 0 0 0 0 0 0 0
1581 3 0 0 0 0 0 0 0 0
1582 3 0 0 0 0 0 0 0 0
1583 3 0 0 0 0 0 0 0 0
1584 3 0 0 3 0 0 0 0 0
1588 3 0 0 0 0 0 0 0 0
1589 3 0 0 0 0 0 0 0 0
1590 3 0 0 0 0 0 0 0 0
1596 3 0 0 0 0 0 0 0 0
1597 3 0 0 0 0 0 0 0 0
1598 6 1 1 0 0 0 0 0 0
1602 3 0 0 0 0 0 0 0 0
1603 3 0 0 0 0 0 0 0 0
1606 3 0 0 3 0 0 0 0 0
1607 3 0 0 3 0 0 0 0 0
1608 3 0 0 0 0 0 0 0 0
1611 3 0 0 0 0 0 0 0 0
1612 3 0 0 0 0 0 0 0 0
1613 3 0 0 0 0 0 0 0 0
1619 3 0 0 0 0 0 0 0 0
1620 3 0 0 0 0 0 0 0 0
1621 3 1 1 0 0 0 0 0 0
1622 3 0 0 0 0 0 0 0 0
1623 3 0 0 0 0 0 0 0 0
1624 3 0 0 0 0 0 0 0 0
1696 8 1 1 0 0 0 0 0 0
1697 8 0 0 8 1 1 0 0 0
1698 8 0 0 8 1 1 0 0 0
1699 8 0 0 0 0 0 0 0 0
1700 8 1 1 0 0 0 0 0 0
1702 8 0 0 0 0 0 0 0 0
1703 8 0 0 0 0 0 0 0 0
1704 8 0 0 0 0 0 0 0 0
1705 8 0 0 0 0 0 0 0 0
1706 8 0 0 0 0 0 0 0 0
1707 8 0 0 0 0 0 0 0 0
1708 8 0 0 0 0 0 0 0 0
1709 3 0 0 3 0 0 0 0 0
1713 3 0 0 0 0 0 0 0 0
1714 3 0 0 0 0 0 0 0 0
1715 3 0 0 0 0 0 0 0 0
1721 3 0 0 0 0 0 0 0 0
1722 3 0 0 0 0 0 0 0 0
1723 6 1 1 0 0 0 0 0 0
1727 3 0 0 0 0 0 0 0 0
1728 3 0 0 0 0 0 0 0 0
1731 3 0 0 3 1 1 0 0 0
1732 3 0 0 3 2 1 0 0 0
1733 3 0 0 0 0 0 0 0 0
1736 3 0 0 0 0 0 0 0 0
1737 3 0 0 0 0 0 0 0 0
1738 3 0 0 0 0 0 0 0 0
1744 3 0 0 0 0 0 0 0 0
1745 3 0 0 0 0 0 0 0 0
1746 3 1 1 0 0 0 0 0 0
1747 3 0 0 0 0 0 0 0 0
1748 3 0 0 0 0 0 0 0 0
1749 3 0 0 0 0 0 0 0 0
1821 5 1 1 0 0 0 0 0 0
1822 5 0 0 5 1 1 0 0 0
1823 5 0 0 5 1 1 0 0 0
1824 5 0 0 0 0 0 0 0 0
1825 5 1 1 0 0 0 0 0 0
1827 5 0 0 0 0 0 0 0 0
1828 5 0 0 0 0 0 0 0 0
1829 5 0 0 0 0 0 0 0 0
1830 5 0 0 0 0 0 0 0 0
1831 5 0 0 0 0 0 0 0 0
1832 5 0 0 0 0 0 0 0 0
1833 5 0 0 0 0 0 0 0 0
1834 1 0 0 1 0 0 0 0 0
1838 1 0 0 0 0 0 0 0 0
1839 1 0 0 0 0 0 0 0 0
1840 1 0 0 0 0 0 0 0 0
1846 1 0 0 0 0 0 0 0 0
1847 1 0 0 0 0 0 0 0 0
1848 2 1 1 0 0 0 0 0 0
1852 1 0 0 0 0 0 0 0 0
1853 1 0 0 0 0 0 0 0 0
1856 1 0 0 1 0 0 0 0 0
1857 1 0 0 1 0 0 0 0 0
1858 1 0 0 0 0 0 0 0 0
1861 1 0 0 0 0 0 0 0 0
1862 1 0 0 0 0 0 0 0 0
1863 1 0 0 0 0 0 0 0 0
1869 1 0 0 0 0 0 0 0 0
1870 1 0 0 0 0 0 0 0 0
1871 1 1 1 0 0 0 0 0 0
1872 1 0 0 0 0 0 0 0 0
1873 1 0 0 0 0 0 0 0 0
1874 1 0 0 0 0 0 0 0 0
1946 3 1 1 0 0 0 0 0 0
1947 3 0 0 3 2 1 0 0 0
1948 3 0 0 3 0 0 0 0 0
1949 3 0 0 0 0 0 0 0 0
1950 3 1 1 0 0 0 0 0 0
1952 3 0 0 0 0 0 0 0 0
1953 3 0 0 0 0 0 0 0 0
1954 3 0 0 0 0 0 0 0 0
1955 3 0 0 0 0 0 0 0 0
1956 3 0 0 0 0 0 0 0 0
1957 3 0 0 0 0 0 0 0 0
1958 3 0 0 0 0 0 0 0 0
1959 2 0 0 2 0 0 0 0 0
1963 2 0 0 0 0 0 0 0 0
1964 2 0 0 0 0 0 0 0 0
1965 2 0 0 0 0 0 0 0 0
1971 2 0 0 0 0 0 0 0 0
1972 2 0 0 0 0 0 0 0 0
1973 4 1 1 0 0 0 0 0 0
1977 2 0 0 0 0 0 0 0 0
1978 2 0 0 0 0 0 0 0 0
1981 2 0 0 2 1 1 0 0 0
1982 2 0 0 2 0 0 0 0 0
1983 2 0 0 0 0 0 0 0 0
1986 2 0 0 0 0 0 0 0 0
1987 2 0 0 0 0 0 0 0 0
1988 2 0 0 0 0 0 0 0 0
1994 2 0 0 0 0 0 0 0 0
1995 2 0 0 0 0 0 0 0 0
1996 2 1 1 0 0 0 0 0 0
1997 2 0 0 0 0 0 0 0 0
1998 2 0 0 0 0 0 0 0 0
1999 2 0 0 0 0 0 0 0 0
2071 9 1 1 0 0 0 0 0 0
2072 9 0 0 9 1 1 0 0 0
2073 9 0 0 9 2 2 0 0 0
2074 9 0 0 0 0 0 0 0 0
2075 9 1 1 0 0 0 0 0 0
2077 9 0 0 0 0 0 0 0 0
2078 9 0 0 0 0 0 0 0 0
2079 9 0 0 0 0 0 0 0 0
2080 9 0 0 0 0 0 0 0 0
2081 9 0 0 0 0 0 0 0 0
2082 9 0 0 0 0 0 0 0 0
2083 9 0 0 0 0 0 0 0 0
2085 3 0 0 3 0 0 0 0 0
2089 3 0 0 0 0 0 0 0 0
2090 3 0 0 0 0 0 0 0 0
2091 3 0 0 0 0 0 0 0 0
2097 3 0 0 0 0 0 0 0 0
2098 3 0 0 0 0 0 0 0 0
2100 6 1 1 0 0 0 0 0 0
2104 3 0 0 0 0 0 0 0 0
2105 3 0 0 0 0 0 0 0 0
2108 3 0 0 3 0 0 0 0 0
2109 3 0 0 3 2 1 0 0 0
2110 3 0 0 0 0 0 0 0 0
2113 3 0 0 0 0 0 0 0 0
2114 3 0 0 0 0 0 0 0 0
2115 3 0 0 0 0 0 0 0 0
2121 3 0 0 0 0 0 0 0 0
2122 3 0 0 0 0 0 0 0 0
2123 3 1 1 0 0 0 0 0 0
2124 3 0 0 0 0 0 0 0 0
2125 3 0 0 0 0 0 0 0 0
2126 3 0 0 0 0 0 0 0 0
2200 27 0 0 0 0 0 0 0 0
2202 51 1 1 0 0 0 0 0 0
2203 51 0 0 0 0 0 0 0 0
2204 51 0 0 0 0 0 0 0 0
2205 51 0 0 0 0 0 0 0 0
2206 42 0 0 0 0 0 0 0 0
2211 285 1 1 0 0 0 0 0 0
2217 285 0 0 285 0 0 0 0 0
2218 285 0 0 285 0 0 0 0 0
2226 285 0 0 0 0 0 0 0 0
2227 285 0 0 285 0 0 0 0 0
fl=/build/glibc-sMfBJT/glibc-2.31/string/../sysdeps/x86_64/strcspn.S
fn=strcspn
28 1 1 1 0 0 0 0 0 0
30 1 0 0 0 0 0 0 0 0
37 1 0 0 0 0 0 0 0 0
38 1 0 0 0 0 0 0 0 0
40 1 0 0 0 0 0 0 0 0
41 1 0 0 0 0 0 0 0 0
42 1 0 0 0 0 0 0 0 0
43 1 0 0 0 0 0 0 0 0
44 33 0 0 0 0 0 32 4 4
47 3 0 0 0 0 0 0 0 0
54 1 0 0 1 1 1 0 0 0
55 1 0 0 0 0 0 0 0 0
56 1 0 0 0 0 0 0 0 0
57 1 0 0 0 0 0 1 0 0
59 1 0 0 1 0 0 0 0 0
60 1 0 0 0 0 0 0 0 0
61 1 1 1 0 0 0 0 0 0
62 1 0 0 0 0 0 1 0 0
64 1 0 0 1 0 0 0 0 0
65 1 0 0 0 0 0 0 0 0
66 1 0 0 0 0 0 0 0 0
75 3 0 0 0 0 0 0 0 0
87 17 0 0 0 0 0 0 0 0
89 17 0 0 17 0 0 0 0 0
90 17 0 0 17 0 0 0 0 0
91 17 0 0 0 0 0 0 0 0
93 16 0 0 16 0 0 0 0 0
94 16 0 0 16 0 0 0 0 0
95 16 0 0 0 0 0 0 0 0
97 16 0 0 16 0 0 0 0 0
98 16 0 0 16 0 0 0 0 0
99 16 0 0 0 0 0 0 0 0
101 16 0 0 16 1 1 0 0 0
102 16 0 0 16 0 0 0 0 0
103 16 0 0 0 0 0 0 0 0
109 1 0 0 0 0 0 0 0 0
116 1 0 0 0 0 0 0 0 0
120 1 0 0 1 0 0 0 0 0
fl=/build/glibc-sMfBJT/glibc-2.31/string/strdup.c
fn=strdup
40 20 1 1 0 0 0 8 0 0
41 8 0 0 0 0 0 4 0 0
42 8 0 0 0 0 0 4 0 0
44 8 0 0 0 0 0 0 0 0
47 16 0 0 0 0 0 0 0 0
48 12 0 0 8 0 0 0 0 0
fl=/build/glibc-sMfBJT/glibc-2.31/time/../sysdeps/unix/syscall-template.S
fn=setitimer
78 5 1 1 0 0 0 0 0 0
79 1 0 0 1 0 0 0 0 0
fl=/build/glibc-sMfBJT/glibc-2.31/time/../sysdeps/unix/sysv/linux/clock.c
fn=clock
25 5 1 1 1 0 0 1 0 0
34 5 0 0 0 0 0 1 0 0
37 1 0 0 1 0 0 0 0 0
38 8 1 1 1 0 0 0 0 0
39 5 0 0 3 0 0 0 0 0
fl=/build/glibc-sMfBJT/glibc-2.31/time/../sysdeps/unix/sysv/linux/clock_gettime.c
fn=clock_gettime@@GLIBC_2.17
31 6 1 1 0 0 0 2 0 0
38 11 1 1 2 1 0 0 0 0
73 4 0 0 3 0 0 0 0 0
fl=/build/glibc-sMfBJT/glibc-2.31/time/../sysdeps/unix/sysv/linux/dl-vdso.h
fn=time
40 2 0 0 2 1 0 0 0 0
41 2 0 0 0 0 0 0 0 0
fl=/build/glibc-sMfBJT/glibc-2.31/time/../sysdeps/unix/sysv/linux/time.c
fn=time
38 3 2 2 1 0 0 0 0 0
fl=/build/glibc-sMfBJT/glibc-2.31/wcsmbs/../sysdeps/x86_64/multiarch/ifunc-avx2.h
fn=wcschr
30 10 0 0 0 0 0 0 0 0
32 6 0 0 4 0 0 0 0 0
fn=wcscmp
30 6 1 1 1 0 0 0 0 0
32 3 0 0 2 0 0 0 0 0
fn=wcslen
30 5 1 1 0 0 0 0 0 0
32 3 0 0 2 0 0 0 0 0
fn=wmemchr
30 10 1 1 0 0 0 0 0 0
32 6 0 0 4 0 0 0 0 0
fl=/build/glibc-sMfBJT/glibc-2.31/wcsmbs/../sysdeps/x86_64/multiarch/ifunc-memcmp.h
fn=wmemcmp
32 3 0 0 1 0 0 0 0 0
33 3 0 0 2 0 0 0 0 0
34 3 1 1 0 0 0 0 0 0
35 2 0 0 1 0 0 0 0 0
fl=/build/glibc-sMfBJT/glibc-2.31/wcsmbs/../sysdeps/x86_64/multiarch/ifunc-wmemset.h
fn=wmemset
30 6 0 0 0 0 0 0 0 0
32 10 1 1 4 0 0 0 0 0
34 8 0 0 0 0 0 0 0 0
35 4 0 0 0 0 0 0 0 0
fl=/build/glibc-sMfBJT/glibc-2.31/wcsmbs/../sysdeps/x86_64/multiarch/wcschr.c
fn=wcschr
31 4 1 1 2 0 0 0 0 0
fl=/build/glibc-sMfBJT/glibc-2.31/wcsmbs/../sysdeps/x86_64/multiarch/wcscmp.c
fn=wcscmp
30 1 1 1 0 0 0 0 0 0
fl=/build/glibc-sMfBJT/glibc-2.31/wcsmbs/../sysdeps/x86_64/multiarch/wcscpy.c
fn=wcscpy
37 5 0 0 2 0 0 0 0 0
43 2 0 0 1 0 0 0 0 0
fl=/build/glibc-sMfBJT/glibc-2.31/wcsmbs/../sysdeps/x86_64/multiarch/wcslen.c
fn=wcslen
29 2 1 1 1 0 0 0 0 0
fl=/build/glibc-sMfBJT/glibc-2.31/wcsmbs/../sysdeps/x86_64/multiarch/wcsnlen.c
fn=wcsnlen
38 3 0 0 0 0 0 0 0 0
40 4 0 0 2 0 0 0 0 0
49 2 2 2 1 0 0 0 0 0
fl=/build/glibc-sMfBJT/glibc-2.31/wcsmbs/../sysdeps/x86_64/multiarch/wmemchr.c
fn=wmemchr
31 4 1 1 2 0 0 0 0 0
fl=/build/glibc-sMfBJT/glibc-2.31/wcsmbs/../sysdeps/x86_64/multiarch/wmemcmp.c
fn=wmemcmp
29 2 0 0 1 0 0 0 0 0
fl=/build/glibc-sMfBJT/glibc-2.31/wcsmbs/../sysdeps/x86_64/multiarch/wmemset.c
fn=wmemset
31 6 1 1 2 0 0 0 0 0
fl=/home/ricardo/EmbeddedNet/Debug/../actions.c
fn=inference
11 16 1 1 2 1 0 7 0 0
13 2 0 0 0 0 0 1 0 0
18 17 1 1 0 0 0 6 0 0
27 7 1 1 0 0 0 1 1 0
34 4 0 0 0 0 0 1 0 0
43 12 1 1 0 0 0 3 0 0
51 7 0 0 0 0 0 1 0 0
58 4 1 1 0 0 0 1 0 0
62 17 1 1 0 0 0 6 0 0
71 7 1 1 0 0 0 1 1 0
82 41 2 2 0 0 0 16 2 0
98 44 4 4 0 0 0 16 2 0
114 44 3 3 0 0 0 16 2 0
130 44 3 3 0 0 0 16 2 0
146 43 3 3 0 0 0 16 2 0
fn=test
779 25 3 3 3 0 0 14 0 0
781 1 0 0 0 0 0 1 0 0
782 15 1 1 2 0 0 3 0 0
783 2 0 0 1 1 1 1 0 0
784 5 1 1 2 0 0 1 0 0
785 18 1 1 1 0 0 7 0 0
786 2 0 0 0 0 0 1 0 0
789 5 1 1 2 0 0 1 0 0
790 8 1 1 2 1 1 1 0 0
791 4 0 0 1 0 0 1 0 0
792 6 1 1 4 2 0 1 0 0
fl=/home/ricardo/EmbeddedNet/Debug/../blocks.c
fn=S1block
69 645 18 18 60 0 0 234 27 18
73 18 1 1 6 0 0 0 0 0
74 18 0 0 6 0 0 0 0 0
75 18 0 0 6 0 0 0 0 0
76 18 0 0 6 0 0 0 0 0
77 18 1 1 6 0 0 0 0 0
78 18 0 0 6 0 0 0 0 0
79 18 1 1 6 0 0 0 0 0
80 9 0 0 3 0 0 0 0 0
81 9 0 0 3 0 0 0 0 0
82 9 0 0 3 0 0 0 0 0
83 9 0 0 3 0 0 0 0 0
84 9 0 0 3 0 0 0 0 0
85 54 3 2 6 1 0 36 3 0
88 57 1 1 24 0 0 18 0 0
95 39 1 1 18 9 0 3 3 0
100 18 0 0 9 6 2 3 0 0
105 45 1 1 18 9 1 9 0 0
111 39 1 1 18 9 0 3 0 0
116 18 0 0 9 6 2 3 0 0
121 56 2 2 24 12 2 18 0 0
128 26 0 0 12 8 0 2 2 0
134 4 1 1 2 2 0 0 0 0
135 12 0 0 8 4 0 2 0 0
137 16 0 0 12 2 0 0 0 0
fn=S2block
4 430 21 21 40 0 0 156 11 9
8 12 1 1 4 0 0 0 0 0
9 12 0 0 4 0 0 0 0 0
10 12 0 0 4 0 0 0 0 0
11 12 1 1 4 0 0 0 0 0
12 12 1 1 4 0 0 0 0 0
13 12 0 0 4 0 0 0 0 0
14 12 1 1 4 0 0 0 0 0
15 6 1 1 2 0 0 0 0 0
16 6 0 0 2 0 0 0 0 0
17 6 0 0 2 0 0 0 0 0
18 6 0 0 2 0 0 0 0 0
19 6 1 1 2 0 0 0 0 0
20 6 0 0 2 0 0 0 0 0
21 30 3 3 2 1 0 24 2 0
23 38 2 2 16 0 0 12 0 0
30 26 2 2 12 8 4 2 2 1
35 12 0 0 6 6 6 2 0 0
40 32 1 1 14 8 5 8 0 0
46 26 1 1 12 8 4 2 0 0
51 12 1 1 6 6 0 2 0 0
56 38 1 1 16 8 0 12 0 0
63 26 2 2 12 6 0 2 2 0
67 16 2 0 12 2 0 0 0 0
fl=/home/ricardo/EmbeddedNet/Debug/../data_manip.c
fn=importTransfer
406 8 2 2 2 0 0 3 0 0
409 4 0 0 0 0 0 2 0 0
410 2 0 0 1 0 0 0 0 0
415 4 1 1 1 0 0 2 0 0
418 1 0 0 0 0 0 1 0 0
420 5 1 1 2 0 0 0 0 0
421 4 0 0 2 0 0 1 0 0
422 4 0 0 1 0 0 2 0 0
423 1 0 0 1 0 0 0 0 0
425 3 0 0 1 0 0 1 0 0
426 7 0 0 0 0 0 2 0 0
428 3 1 1 1 0 0 1 0 0
429 6 0 0 4 0 0 0 0 0
fn=import_bn
126 323 1 1 51 17 2 136 0 0
133 102 0 0 17 0 0 17 0 0
137 85 0 0 0 0 0 34 0 0
138 34 16 8 17 0 0 0 0 0
143 68 0 0 17 0 0 34 0 0
146 170 1 1 85 0 0 17 0 0
147 13994 1 1 10436 0 0 34 0 0
150 242284 2 2 140532 0 0 3456 0 0
151 182768 0 0 91384 0 0 0 0 0
152 182768 0 0 91384 0 0 45692 0 0
153 182768 0 0 45692 0 0 91384 0 0
155 10368 0 0 3456 0 0 3456 0 0
156 17280 0 0 0 0 0 6912 0 0
157 38016 0 0 13824 0 0 3456 216 216
158 13824 0 0 3456 0 0 6912 0 0
161 51 0 0 17 0 0 17 0 0
162 136 0 0 85 0 0 0 0 0
fn=import_conv2d
87 1056 6 6 156 8 0 288 27 5
91 72 1 1 12 0 0 12 0 0
95 60 0 0 0 0 0 24 0 0
96 24 0 0 12 0 0 0 0 0
101 48 1 1 12 0 0 24 0 0
104 116 1 1 66 0 0 12 0 0
105 150 0 0 88 0 0 14 0 0
106 3920 1 1 2905 0 0 20 0 0
107 183847 1 1 136214 0 0 955 0 0
110 3288293 4 4 1901538 0 0 44768 0 0
111 2417276 0 0 1208638 0 0 0 0 0
112 2417276 0 0 1208638 0 0 604319 0 0
113 2417276 0 0 604319 0 0 1208638 0 0
115 134304 0 0 44768 0 0 44768 0 0
116 223840 0 0 0 0 0 89536 0 0
117 1253504 1 1 268608 0 0 44768 3469 2798
118 179072 0 0 44768 0 0 89536 0 0
123 36 0 0 12 0 0 12 0 0
124 144 1 1 108 6 0 0 0 0
fn=import_depth
212 258 18 18 24 6 2 72 8 6
216 36 0 0 6 0 0 6 0 0
220 30 0 0 0 0 0 12 0 0
221 12 6 6 6 0 0 0 0 0
226 24 0 0 6 0 0 12 0 0
229 102 1 1 66 0 0 6 0 0
230 306 10 10 198 0 0 18 0 0
231 29070 0 0 21708 0 0 54 0 0
234 515915 6 6 299469 0 0 7200 0 0
235 389692 0 0 194846 0 0 0 0 0
236 389692 0 0 194846 0 0 97423 0 0
237 389692 0 0 97423 0 0 194846 0 0
239 21600 0 0 7200 0 0 7200 0 0
240 36000 6 6 0 0 0 14400 0 0
241 136800 0 0 36000 0 0 7200 450 450
242 28800 0 0 7200 0 0 14400 0 0
246 18 0 0 6 0 0 6 0 0
247 60 6 6 42 0 0 0 0 0
fn=import_image
22 10 2 2 2 0 0 5 0 0
26 2 0 0 1 0 0 0 0 0
27 7 0 0 1 0 0 1 0 0
33 5 1 1 0 0 0 2 0 0
34 2 0 0 1 0 0 0 0 0
39 4 1 1 1 0 0 2 0 0
42 676 1 1 449 0 0 1 0 0
43 151424 0 0 100576 0 0 224 0 0
44 652288 0 0 351232 0 0 50176 0 0
47 11077002 1 1 6435462 0 0 150528 0 0
48 8379912 1 1 4189956 0 0 0 0 0
49 8379912 0 0 4189956 0 0 2094978 0 0
50 8379912 0 0 2094978 0 0 4189956 0 0
52 451584 0 0 150528 0 0 150528 0 0
53 752640 0 0 0 0 0 301056 0 0
54 3161088 1 1 602112 0 0 150528 9408 9408
55 602112 0 0 150528 0 0 301056 0 0
59 3 1 1 1 0 0 1 0 0
61 2 0 0 1 0 0 0 0 0
62 7 0 0 1 0 0 1 0 0
66 5 1 1 0 0 0 2 0 0
67 2 0 0 1 0 0 0 0 0
72 4 1 1 1 0 0 2 0 0
75 11 0 0 5 0 0 1 0 0
76 4 0 0 2 0 0 1 0 0
77 4 0 0 1 0 0 2 0 0
79 3 1 1 1 0 0 1 0 0
80 7 0 0 0 0 0 2 1 0
82 5 0 0 1 0 0 1 0 0
84 3 1 1 1 0 0 1 0 0
85 6 0 0 4 0 0 0 0 0
fn=import_moving
164 323 2 2 51 0 0 136 0 0
170 102 0 0 17 0 0 17 0 0
174 85 0 0 0 0 0 34 0 0
175 34 0 0 17 0 0 0 0 0
180 68 1 1 17 0 0 34 0 0
184 170 1 1 85 0 0 17 0 0
185 13994 0 0 10436 0 0 34 0 0
186 242284 0 0 140532 0 0 3456 0 0
187 182768 0 0 45692 0 0 91384 0 0
189 13824 0 0 3456 0 0 6912 0 0
193 170 6 6 85 0 0 17 0 0
194 13994 0 0 10436 0 0 34 0 0
197 243054 13 8 140994 0 0 3456 0 0
198 183384 0 0 91692 0 0 0 0 0
199 183384 0 0 91692 0 0 45846 0 0
200 183384 0 0 45846 0 0 91692 0 0
202 10368 1 1 3456 0 0 3456 0 0
203 17280 0 0 0 0 0 6912 0 0
204 38016 0 0 13824 0 0 3456 216 216
205 13824 0 0 3456 0 0 6912 0 0
208 51 0 0 17 0 0 17 0 0
209 136 11 5 85 0 0 0 0 0
fl=/home/ricardo/EmbeddedNet/Debug/../layers.c
fn=S1depthwise
50 264 9 9 16 0 0 72 4 0
55 24 1 1 8 0 0 0 0 0
56 24 0 0 8 0 0 0 0 0
57 24 0 0 8 0 0 0 0 0
58 60 1 1 4 4 2 48 8 2
60 24 0 0 16 0 0 4 0 0
65 60 1 1 32 0 0 16 0 0
70 32 0 0 24 8 0 0 0 0
fn=S2depthwise
72 132 5 5 8 0 0 36 2 1
78 12 0 0 4 0 0 0 0 0
79 12 1 1 4 0 0 0 0 0
80 12 0 0 4 0 0 0 0 0
81 30 1 1 2 2 2 24 4 3
83 12 2 2 8 0 0 2 0 0
88 30 2 0 16 0 0 8 0 0
93 16 2 2 12 4 2 0 0 0
fn=batch_normalization
29 782 8 8 34 0 0 221 0 0
32 102 0 0 34 0 0 0 0 0
33 102 0 0 34 0 0 0 0 0
34 51 0 0 17 0 0 0 0 0
35 255 1 1 17 17 2 204 34 4
36 102 0 0 51 0 0 17 0 0
40 102 0 0 51 0 0 17 0 0
44 153 1 1 102 17 7 17 0 0
48 136 0 0 102 17 6 0 0 0
fn=conv2d
4 1188 8 8 108 0 0 300 9 2
11 72 1 1 24 0 0 0 0 0
12 72 1 1 24 0 0 0 0 0
13 108 0 0 36 0 0 0 0 0
14 180 2 2 12 6 2 144 27 2
16 108 1 1 60 0 0 12 0 0
22 167 1 1 120 5 0 60 0 0
27 88 0 0 66 11 1 0 0 0
fl=/home/ricardo/EmbeddedNet/Debug/../main.c
fn=main
44 15 2 2 2 0 0 10 0 0
47 8 0 0 2 1 0 1 0 0
86 8 2 2 2 0 0 1 0 0
215 8 2 2 2 0 0 1 0 0
344 10 1 1 2 0 0 1 0 0
346 2 0 0 0 0 0 2 0 0
348 1 0 0 0 0 0 1 0 0
350 2 1 1 1 0 0 0 0 0
355 2 0 0 1 0 0 0 0 0
356 18 1 1 4 0 0 2 0 0
361 8 1 1 2 0 0 2 0 0
364 2 1 1 0 0 0 1 0 0
367 42 3 3 2 0 0 4 0 0
368 13 1 1 1 0 0 3 0 0
369 6 0 0 1 0 0 2 0 0
371 8 1 1 5 0 0 1 0 0
fl=/home/ricardo/EmbeddedNet/Debug/../operations.c
fn=add_array
133 112 5 5 8 0 0 16 0 0
134 28 2 2 2 0 0 22 4 0
135 346 1 1 256 0 0 2 0 0
136 16100 0 0 11928 0 0 84 0 0
137 421008 0 0 308896 0 0 3920 0 0
138 5519360 3 3 1404928 12546 4705 100352 0 0
141 20 1 1 14 2 0 0 0 0
fn=batch_normalize
55 918 17 14 51 0 0 255 0 0
58 136 17 9 34 0 0 34 0 0
59 119 10 9 34 0 0 17 0 0
60 51 17 9 17 0 0 0 0 0
61 272 34 18 17 0 0 221 0 0
63 714 11 10 119 0 0 170 15 2
65 6997 1 1 5218 0 0 17 15 1
69 325824 8 7 241344 0 0 1728 0 0
70 19513536 0 0 14496384 0 0 79296 0 0
71 305872896 4 4 95585280 4779507 1487056 14337792 4779262 1452721
72 234183936 2 2 81247488 214 35 4779264 4779262 1637398
76 51 0 0 17 0 0 17 0 0
77 153 0 0 119 17 6 0 0 0
fn=convolution2D
17 1284 22 16 168 0 0 324 0 0
23 96 0 0 24 0 0 24 0 0
24 72 0 0 24 0 0 0 0 0
25 108 2 2 36 0 0 0 0 0
26 192 2 2 12 4 0 156 0 0
31 2828 1 1 2100 0 0 12 0 0
32 219029 0 0 163059 0 0 693 0 0
33 13188636 2 2 9797166 0 0 53892 0 0
34 61366105 1 1 16148975 0 0 3229795 201867 201863
35 32279415 0 0 18557420 0 0 3229795 0 0
36 45927287 0 0 27388396 0 0 4032611 0 0
38 45087413 1 1 25764236 0 0 6441059 0 0
39 45087413 0 0 25764236 0 0 6441059 0 0
41 64356830 1 1 38614098 0 0 0 0 0
42 423395507 12 6 306312353 0 0 6419587 0 0
43 8315073405 6 6 2347785432 131969 5363 97824393 0 0
53 110 0 0 77 11 1 0 0 0
fn=depthwise_convolution
89 438 6 6 54 0 0 126 0 0
95 36 0 0 12 0 0 0 0 0
96 36 0 0 12 0 0 0 0 0
97 36 1 1 12 0 0 0 0 0
98 96 1 1 6 0 0 78 0 0
100 1262 1 1 936 0 0 6 0 0
101 86212 0 0 64120 0 0 308 0 0
102 6377840 0 0 4746336 0 0 21168 0 0
103 29792000 2 2 6272000 0 0 1568000 98000 98000
104 26656000 1 1 17248000 0 0 1568000 0 0
105 79968000 0 0 51744000 0 0 4704000 0 0
107 98784000 0 0 56448000 0 0 14112000 0 0
108 98784000 1 1 56448000 0 0 14112000 0 0
110 139907040 1 1 83917568 0 0 0 0 0
111 1020403168 3 3 275784640 367844 75265 13789232 0 0
115 60 1 1 42 6 1 0 0 0
fn=relu6
79 336 2 2 24 0 0 24 0 0
80 132 1 1 12 0 0 96 12 6
81 2860 2 2 2124 0 0 12 0 0
82 219884 0 0 163688 0 0 700 0 0
83 17781904 0 0 13241760 0 0 54096 0 0
84 88269620 2 2 26454636 273628 110222 37500 0 0
85 119743053 2 2 27743612 0 0 1463583 0 0
87 96 0 0 60 12 1 0 0 0
fl=???
fn=???
0 17120240 65 52 8558410 346 80 12 1 1
fn=__gmon_start__
0 22 2 2 6 3 1 2 0 0
fn=__libc_csu_init
0 34 2 2 8 1 0 8 0 0
fn=_start
0 12 0 0 2 0 0 3 0 0
fn=atexit
0 4 1 1 1 1 0 0 0 0
summary: 11682899916 2736 2192 3715609494 5579357 1686330 242902634 10049921 3515426
