4.29371625e-01, 4.23168451e-01, 4.23168451e-01, 4.23168451e-01, 4.23168451e-01, 4.23168451e-01, 4.23168451e-01, 4.23168451e-01, 4.23168451e-01, 4.23168451e-01, 4.23168451e-01, 4.23168451e-01, 4.23168451e-01, 4.23168451e-01, 4.23168451e-01, 4.23168451e-01, 4.23168451e-01, 4.23168451e-01, 4.23168451e-01, 4.23168451e-01, 4.23168451e-01, 4.23168451e-01, 4.23168451e-01, 4.23168451e-01, 4.23168451e-01, 4.23168451e-01, 4.23168451e-01, 4.23168451e-01, 4.23168451e-01, 4.23168451e-01, 4.23168451e-01, 4.23168451e-01, 4.15486664e-01, -1.28619671e-01, -1.94612578e-01, 1.07565627e-01, -1.21152684e-01, -9.74240363e-01, -8.16304266e-01, 1.58076197e-01, 4.04259473e-01, 4.12661225e-01, 4.23314065e-01, 4.20785517e-01, 3.99461180e-01, 3.95050347e-01, 3.95838112e-01, 3.81272942e-01, 3.38243514e-01, 3.28553885e-01, 3.53781670e-01, 2.62002259e-01, 1.44783422e-01, 1.05774172e-01, -5.30312024e-03, -5.28634861e-02, -1.18493676e-01, -1.31386161e-01, -1.70747876e-01, -2.35817403e-01, -2.68134713e-01, -2.55536228e-01, -2.62572318e-01, -3.02671522e-01, -3.20563614e-01, -3.27972531e-01, -3.09687585e-01, -3.37050915e-01, -3.15159589e-01, -3.34039479e-01, -3.74255270e-01, -3.55874419e-01, -4.10602272e-01, -4.07591701e-01, -4.10698175e-01, -3.63333464e-01, -4.00352508e-01, -3.87165904e-01, -4.05089498e-01, -3.99479806e-01, -3.99247169e-01, -3.49247783e-01, -3.64206523e-01, -3.70972157e-01, -3.93774837e-01, -3.96915734e-01, -3.95961642e-01, -3.99362892e-01, -4.11362678e-01, -4.10749376e-01, -4.06634510e-01, -4.40893233e-01, -4.25442398e-01, -3.87499899e-01, -4.00923669e-01, -3.94764155e-01, -4.13251489e-01, -4.19338971e-01, -3.88579845e-01, -3.73353601e-01, -3.86673450e-01, -4.07573044e-01, -4.09373581e-01, -3.61957312e-01, -3.30486119e-01, -2.94020474e-01, -1.59157261e-01, -2.80118942e-01, -4.63885576e-01, -4.43561405e-01, -4.15196747e-01, -3.90765011e-01, 
4.22400028e-01, 4.23168451e-01, 4.23168451e-01, 4.23168451e-01, 4.23168451e-01, 4.23168451e-01, 4.23168451e-01, 4.23168451e-01, 4.23168451e-01, 4.23168451e-01, 4.23168451e-01, 4.23168451e-01, 4.23168451e-01, 4.23168451e-01, 4.23168451e-01, 4.23168451e-01, 4.23168451e-01, 4.23168451e-01, 4.23168451e-01, 4.23168451e-01, 4.23168451e-01, 4.23168451e-01, 4.23168451e-01, 4.23168451e-01, 4.23168451e-01, 4.23168451e-01, 4.23168451e-01, 4.23168451e-01, 4.23168451e-01, 4.23168451e-01, 4.23168451e-01, 4.23168451e-01, 4.18861330e-01, -8.29311162e-02, 4.15879153e-02, -1.56164408e-01, 6.43471122e-01, -1.33774430e-01, -8.14558864e-01, -1.39979362e-01, 4.19911593e-01, 4.23168451e-01, 4.33844626e-01, 4.22839254e-01, 3.99935633e-01, 3.95576298e-01, 3.92188847e-01, 3.81721765e-01, 3.33352774e-01, 3.09009790e-01, 3.28047991e-01, 2.60784805e-01, 1.87162951e-01, 1.46460176e-01, -1.80862807e-02, -8.94728452e-02, -9.23318937e-02, -5.40544838e-02, -1.53861761e-01, -1.92270264e-01, -2.24923432e-01, -2.19470382e-01, -2.42755756e-01, -2.79879093e-01, -3.08729440e-01, -3.22886884e-01, -3.38670224e-01, -3.15313518e-01, -3.19680691e-01, -3.02691162e-01, -3.64481151e-01, -3.78066778e-01, -3.83635461e-01, -4.03705060e-01, -4.06771749e-01, -4.02194560e-01, -4.04840410e-01, -3.68775725e-01, -2.92941868e-01, -3.78595769e-01, -3.99336308e-01, -3.56185019e-01, -3.46550316e-01, -3.72945666e-01, -3.64814341e-01, -3.62633228e-01, -3.91770601e-01, -3.78895938e-01, -3.85831892e-01, -3.46712857e-01, -3.49897534e-01, -3.63804191e-01, -3.86593878e-01, -3.84250998e-01, -4.02071416e-01, -4.01398152e-01, -4.13134277e-01, -4.12945896e-01, -3.73441607e-01, -3.97654295e-01, -3.96719605e-01, -3.98708224e-01, -3.50981981e-01, -2.74851918e-01, -2.58511573e-01, -2.83570826e-01, -2.92826951e-01, -1.31452993e-01, -1.33099541e-01, -4.16013658e-01, -4.21462536e-01, -3.82690459e-01, 
4.17572945e-01, 4.23168451e-01, 4.23168451e-01, 4.23168451e-01, 4.23168451e-01, 4.23168451e-01, 4.23168451e-01, 4.23168451e-01, 4.23168451e-01, 4.23168451e-01, 4.23168451e-01, 4.23168451e-01, 4.23168451e-01, 4.23168451e-01, 4.23168451e-01, 4.23168451e-01, 4.23168451e-01, 4.23168451e-01, 4.23168451e-01, 4.23168451e-01, 4.23168451e-01, 4.23168451e-01, 4.23168451e-01, 4.23168451e-01, 4.23168451e-01, 4.23168451e-01, 4.23168451e-01, 4.23168451e-01, 4.23168451e-01, 4.23168451e-01, 4.23168451e-01, 4.23168451e-01, 4.22178745e-01, -1.74084008e-01, -4.74615425e-01, -5.65896809e-01, 8.70698690e-01, 6.60282448e-02, -2.77479857e-01, -4.81120974e-01, 4.45414454e-01, 4.17425841e-01, 4.14137453e-01, 3.96270007e-01, 3.98324639e-01, 3.72295558e-01, 3.80539834e-01, 3.60544741e-01, 3.51245880e-01, 3.03127646e-01, 3.12605649e-01, 2.66551971e-01, 2.01434910e-01, 1.15654945e-01, -6.00299612e-03, -6.75762594e-02, -1.16356768e-01, -1.13263391e-01, -1.68773815e-01, -2.64580071e-01, -2.37384230e-01, -2.84544468e-01, -2.64723092e-01, -2.54013807e-01, -3.09700847e-01, -3.77502680e-01, -3.43081325e-01, -3.39847147e-01, -3.40619802e-01, -3.54303092e-01, -3.91976088e-01, -3.87476057e-01, -3.81292403e-01, -3.92310739e-01, -4.03470308e-01, -4.06291455e-01, -4.08343583e-01, -3.96251142e-01, -3.19042176e-01, -3.71695220e-01, -3.88561368e-01, -3.43599588e-01, -3.71958107e-01, -3.63866359e-01, -3.75267088e-01, -3.62454891e-01, -3.97119462e-01, -4.12586093e-01, -3.91590536e-01, -3.74885857e-01, -3.93733621e-01, -3.89860392e-01, -4.08298314e-01, -4.25200641e-01, -3.88219237e-01, -4.15931195e-01, -4.02929574e-01, -4.19614345e-01, -3.86405885e-01, -3.99634957e-01, -4.15031731e-01, -3.86238426e-01, -3.01341951e-01, -2.99974650e-01, -3.07639033e-01, -3.14386427e-01, -3.86522025e-01, -3.52449447e-01, -5.56223430e-02, 7.97107294e-02, -2.74033725e-01, -3.85721534e-01, 
4.24689323e-01, 4.21327204e-01, 4.18101698e-01, 4.23168451e-01, 4.23168451e-01, 4.23168451e-01, 4.23168451e-01, 4.23168451e-01, 4.23168451e-01, 4.23168451e-01, 4.23168451e-01, 4.23168451e-01, 4.23168451e-01, 4.23168451e-01, 4.23168451e-01, 4.23168451e-01, 4.23168451e-01, 4.23168451e-01, 4.23168451e-01, 4.23168451e-01, 4.23168451e-01, 4.23168451e-01, 4.23168451e-01, 4.23168451e-01, 4.23168451e-01, 4.23168451e-01, 4.23168451e-01, 4.23168451e-01, 4.23168451e-01, 4.23168451e-01, 4.23168451e-01, 4.22714174e-01, 4.09368902e-01, -3.15968007e-01, -3.50216985e-01, 2.77920038e-01, 9.51240540e-01, 7.97712624e-01, -2.60698441e-02, -2.24779397e-01, 6.29816502e-02, 3.92888635e-01, 4.23128009e-01, 3.93653810e-01, 3.78516018e-01, 3.80632132e-01, 3.85442436e-01, 4.18602467e-01, 3.67359936e-01, 3.52566361e-01, 2.83403009e-01, 2.31955945e-01, 2.47912213e-01, 8.09377432e-02, -2.60657948e-02, -1.09949425e-01, -1.66981623e-01, -1.78883865e-01, -1.68411016e-01, -1.84692457e-01, -2.17936888e-01, -1.98030174e-01, -2.95570433e-01, -3.16893727e-01, -3.28705519e-01, -3.34403962e-01, -3.38337243e-01, -3.22628796e-01, -3.48090351e-01, -3.47707838e-01, -3.86669278e-01, -3.91674668e-01, -3.82877082e-01, -3.55714887e-01, -3.63092601e-01, -3.88779789e-01, -4.37052995e-01, -4.05896038e-01, -3.16218615e-01, -4.02856499e-01, -4.34254378e-01, -3.64642322e-01, -3.65612119e-01, -3.89278829e-01, -3.98587614e-01, -3.57180029e-01, -3.69755805e-01, -3.90496314e-01, -4.10023689e-01, -3.94475430e-01, -3.89516711e-01, -3.69931906e-01, -4.07173753e-01, -4.37721610e-01, -4.36551481e-01, -3.80478591e-01, -4.36340362e-01, -4.15700316e-01, -3.97539884e-01, -4.35269684e-01, -4.27598804e-01, -3.34123701e-01, -3.60426813e-01, -3.91886681e-01, -3.46582651e-01, -3.13450545e-01, -1.81815803e-01, -1.19514279e-02, 3.44448164e-03, 1.03230812e-01, 4.10135597e-01, 2.85727292e-01, 
4.19871718e-01, 4.23156112e-01, 4.22929853e-01, 4.23168451e-01, 4.23168451e-01, 4.23168451e-01, 4.23168451e-01, 4.23168451e-01, 4.23168451e-01, 4.23168451e-01, 4.23168451e-01, 4.23168451e-01, 4.23168451e-01, 4.23168451e-01, 4.23168451e-01, 4.23168451e-01, 4.23168451e-01, 4.23168451e-01, 4.23168451e-01, 4.23168451e-01, 4.23168451e-01, 4.23168451e-01, 4.23168451e-01, 4.23168451e-01, 4.23168451e-01, 4.23168451e-01, 4.23168451e-01, 4.23168451e-01, 4.23168451e-01, 4.23168451e-01, 4.23168451e-01, 4.22969490e-01, 4.22966361e-01, -2.53555924e-01, -2.37056166e-01, 5.44799156e-02, -3.76467668e-02, -2.86349237e-01, -1.19475037e-01, -3.70670229e-01, -2.87217140e-01, 4.32774961e-01, 4.19063181e-01, 4.05695498e-01, 3.84352058e-01, 3.82304490e-01, 3.96402806e-01, 3.87199700e-01, 3.86260509e-01, 3.64842951e-01, 2.94725031e-01, 2.49957085e-01, 2.14017421e-01, 6.32330552e-02, -6.66508302e-02, -7.61436298e-02, -8.05161372e-02, -1.76472217e-01, -1.56868458e-01, -1.59360960e-01, -2.49473006e-01, -2.54358113e-01, -2.35574409e-01, -3.28240454e-01, -3.20924759e-01, -3.24525118e-01, -3.03311378e-01, -3.25222433e-01, -3.24150115e-01, -3.52542907e-01, -3.80545139e-01, -3.61804456e-01, -3.90070409e-01, -3.87622327e-01, -3.60400885e-01, -3.99255216e-01, -3.85897964e-01, -3.51859093e-01, -3.65354121e-01, -4.30172056e-01, -3.63344491e-01, -3.52778316e-01, -3.98239672e-01, -3.84743154e-01, -3.67873579e-01, -3.81184846e-01, -3.75530005e-01, -3.94737363e-01, -3.84519994e-01, -4.11940932e-01, -3.88055682e-01, -4.06648993e-01, -4.15838331e-01, -4.11600083e-01, -4.26495463e-01, -3.93643171e-01, -3.99369061e-01, -4.04398799e-01, -4.05315429e-01, -3.93612295e-01, -4.04164195e-01, -4.01990265e-01, -3.55262995e-01, -3.53026390e-01, -3.17795098e-01, -1.94792539e-01, -2.39532411e-01, -6.45379052e-02, -1.75186947e-01, -1.89024255e-01, -1.32420182e-01, -2.30264321e-01, 
4.22784239e-01, 4.26849693e-01, 4.37350780e-01, 4.23168451e-01, 4.23168451e-01, 4.23168451e-01, 4.23168451e-01, 4.23168451e-01, 4.23168451e-01, 4.23168451e-01, 4.23168451e-01, 4.23168451e-01, 4.23168451e-01, 4.23168451e-01, 4.23168451e-01, 4.23168451e-01, 4.23168451e-01, 4.23168451e-01, 4.23168451e-01, 4.23168451e-01, 4.23168451e-01, 4.23168451e-01, 4.23168451e-01, 4.23168451e-01, 4.23168451e-01, 4.23168451e-01, 4.23168451e-01, 4.23168451e-01, 4.23168451e-01, 4.23168451e-01, 4.23168451e-01, 4.23168451e-01, 5.01813710e-01, -6.16524853e-02, -4.20713246e-01, -2.78242946e-01, 4.61801708e-01, 6.57356620e-01, 2.93929316e-02, 5.08174717e-01, -2.03438297e-01, 4.41795260e-01, 4.16346759e-01, 4.10390973e-01, 3.80201042e-01, 3.72677416e-01, 3.95260245e-01, 3.78774971e-01, 3.52887899e-01, 3.14498514e-01, 3.24350655e-01, 2.57740587e-01, 2.05687717e-01, 5.76355830e-02, -4.20461670e-02, -4.53920513e-02, -1.10095203e-01, -1.71048328e-01, -1.33527786e-01, -2.00248212e-01, -2.30954871e-01, -2.62962878e-01, -2.51621336e-01, -2.92035490e-01, -3.03167343e-01, -3.51050854e-01, -3.75941128e-01, -3.31187487e-01, -3.39478165e-01, -3.66584927e-01, -3.74728143e-01, -3.72983068e-01, -3.84246379e-01, -3.74138206e-01, -4.00405288e-01, -4.12221521e-01, -3.88822466e-01, -3.46448660e-01, -3.79463315e-01, -4.23710853e-01, -3.60332727e-01, -3.91726434e-01, -3.69402647e-01, -3.58588636e-01, -3.57985348e-01, -3.53556365e-01, -3.83588552e-01, -3.83209139e-01, -4.08153534e-01, -4.23651397e-01, -4.02442008e-01, -3.87356520e-01, -3.93296212e-01, -4.13638294e-01, -4.05478746e-01, -4.00485963e-01, -3.73828620e-01, -3.96287650e-01, -4.12808299e-01, -4.05621886e-01, -4.11746681e-01, -4.01380807e-01, -3.85518312e-01, -3.54029506e-01, -3.45497698e-01, -3.35435867e-01, -2.38505810e-01, -2.29053438e-01, -2.05498025e-01, -1.78652257e-01, -3.87695134e-01, -4.57376271e-01, 
4.22784239e-01, 4.13408071e-01, 4.22784239e-01, 4.23168451e-01, 4.23168451e-01, 4.23168451e-01, 4.23168451e-01, 4.23168451e-01, 4.23168451e-01, 4.23168451e-01, 4.23168451e-01, 4.23168451e-01, 4.23168451e-01, 4.23168451e-01, 4.23168451e-01, 4.23168451e-01, 4.23168451e-01, 4.23168451e-01, 4.23168451e-01, 4.23168451e-01, 4.23168451e-01, 4.23168451e-01, 4.23168451e-01, 4.23168451e-01, 4.23168451e-01, 4.23168451e-01, 4.23168451e-01, 4.23168451e-01, 4.23168451e-01, 4.23168451e-01, 4.23168451e-01, 4.23168451e-01, 4.14029330e-01, -3.65463376e-01, -1.30939931e-01, -3.07600319e-01, -4.58400339e-01, 3.99980515e-01, -7.32306540e-02, 7.98765063e-01, -2.38775283e-01, 1.64307579e-01, 4.35156852e-01, 4.07986432e-01, 3.94718766e-01, 3.85484248e-01, 3.86831671e-01, 3.81093115e-01, 3.08893353e-01, 3.16597283e-01, 3.46689820e-01, 2.86094218e-01, 2.23587066e-01, 1.04727574e-01, -1.33138504e-02, -5.05145043e-02, -1.13561600e-01, -1.41779393e-01, -2.34274462e-01, -1.94771484e-01, -2.26623565e-01, -2.40963250e-01, -2.75965184e-01, -2.36673176e-01, -3.61123532e-01, -6.62847042e-01, -7.97294021e-01, -5.64123869e-01, -3.27834666e-01, -3.45813751e-01, -3.88401151e-01, -3.62212747e-01, -3.78254145e-01, -3.88853043e-01, -3.67685795e-01, -3.88367802e-01, -3.91027123e-01, -3.53309393e-01, -3.42296332e-01, -3.84201288e-01, -3.29247355e-01, -3.76547545e-01, -3.69509369e-01, -3.68954778e-01, -3.56205642e-01, -3.87359649e-01, -3.68087083e-01, -4.20391232e-01, -4.11356241e-01, -4.34057653e-01, -4.11774069e-01, -3.80711675e-01, -4.09029871e-01, -4.14383113e-01, -4.21960741e-01, -3.99437517e-01, -3.88532162e-01, -3.81118536e-01, -4.29255456e-01, -4.46154684e-01, -4.02358174e-01, -4.08796936e-01, -4.17492449e-01, -4.12189037e-01, -4.03036654e-01, -4.07254696e-01, -2.01382354e-01, -3.04780811e-01, -4.44845647e-01, -4.71767634e-01, -2.98114151e-01, -3.82460892e-01, 
4.22784239e-01, 4.27205712e-01, 4.22784239e-01, 4.23168451e-01, 4.21327204e-01, 4.18101698e-01, 4.23168451e-01, 4.23168451e-01, 4.23168451e-01, 4.23168451e-01, 4.23168451e-01, 4.23168451e-01, 4.23168451e-01, 4.23168451e-01, 4.23168451e-01, 4.23168451e-01, 4.23168451e-01, 4.23168451e-01, 4.23168451e-01, 4.23168451e-01, 4.23168451e-01, 4.23168451e-01, 4.23168451e-01, 4.23168451e-01, 4.23168451e-01, 4.23168451e-01, 4.23168451e-01, 4.23168451e-01, 4.23168451e-01, 4.23168451e-01, 4.23168451e-01, 4.22714174e-01, 4.03046578e-01, -1.79980338e-01, -1.80798784e-01, -2.84167856e-01, -2.78236061e-01, -5.31569183e-01, 1.72591865e-01, -1.00784197e-01, -5.22441685e-01, -2.91974038e-01, 4.32660639e-01, 4.12021309e-01, 3.94178689e-01, 3.79505426e-01, 3.86831671e-01, 3.95216405e-01, 3.45707089e-01, 3.39917779e-01, 3.33034158e-01, 2.94985890e-01, 2.40398467e-01, 1.38918325e-01, 3.88831943e-02, -5.61746955e-02, -6.18555695e-02, -1.57372788e-01, -1.88302502e-01, -1.91820696e-01, -1.70060188e-01, -2.27442190e-01, -2.46086314e-01, -4.80190873e-01, 1.65774778e-01, 9.07260895e-01, 2.62696028e-01, 1.19085705e+00, -5.01573503e-01, -3.45014870e-01, -3.72401237e-01, -3.85440767e-01, -3.63178164e-01, -3.87913972e-01, -3.51608038e-01, -3.66571158e-01, -3.60566974e-01, -2.81763673e-01, -3.55479807e-01, -3.45850050e-01, -3.42119455e-01, -3.64542603e-01, -3.86535734e-01, -3.55049312e-01, -3.52419555e-01, -3.74166220e-01, -4.01488632e-01, -4.05648470e-01, -3.89366299e-01, -3.90366197e-01, -3.91021103e-01, -4.04016018e-01, -4.17904198e-01, -3.97900522e-01, -3.91603082e-01, -3.86792302e-01, -3.72061938e-01, -3.49306583e-01, -4.08250183e-01, -4.16210920e-01, -4.34236795e-01, -4.27077919e-01, -4.32525933e-01, -4.06407475e-01, -3.54934782e-01, -3.80377382e-01, -3.34027708e-01, -3.97761345e-01, -3.67115974e-01, -3.42182815e-01, -2.91125178e-01, -3.24810386e-01, 
4.12890643e-01, 4.21929747e-01, 4.27850991e-01, 4.23168451e-01, 4.24997360e-01, 4.27850991e-01, 4.23168451e-01, 4.23168451e-01, 4.23168451e-01, 4.23168451e-01, 4.23168451e-01, 4.23168451e-01, 4.23168451e-01, 4.23168451e-01, 4.23168451e-01, 4.23168451e-01, 4.23168451e-01, 4.23168451e-01, 4.23168451e-01, 4.23168451e-01, 4.23168451e-01, 4.23168451e-01, 4.23168451e-01, 4.23168451e-01, 4.23168451e-01, 4.23168451e-01, 4.23168451e-01, 4.23168451e-01, 4.23168451e-01, 4.23168451e-01, 4.23168451e-01, 4.24066573e-01, 3.81702423e-01, -4.06427801e-01, -2.92474240e-01, -2.77514666e-01, 1.98668540e-01, 9.48100388e-01, -1.72908187e-01, 2.04535484e-01, -6.23491645e-01, -5.60248554e-01, 4.20301378e-01, 4.13156927e-01, 4.30445880e-01, 3.87601167e-01, 3.90688688e-01, 4.08146769e-01, 3.73218924e-01, 3.54790390e-01, 3.36964309e-01, 2.86272675e-01, 2.08928928e-01, 1.21285789e-01, 8.59897137e-02, -3.01757082e-02, -1.17111266e-01, -1.52327210e-01, -1.57461733e-01, -1.30485684e-01, -1.33910343e-01, -2.08862722e-01, -3.93057466e-01, 6.29485011e-01, -6.50007784e-01, -2.37636670e-01, -2.30688691e-01, -4.42460865e-01, -5.62019013e-02, -3.73242497e-01, -3.58209610e-01, -3.79106104e-01, -3.79839659e-01, -3.84644419e-01, -3.47389519e-01, -3.71753961e-01, -4.06089604e-01, -3.36959720e-01, -3.59414399e-01, -3.22334409e-01, -3.31178665e-01, -3.45655411e-01, -3.77483577e-01, -3.41126084e-01, -3.49519730e-01, -4.29400027e-01, -4.32109982e-01, -4.17734623e-01, -4.25415218e-01, -4.08974171e-01, -3.97082269e-01, -4.02369589e-01, -4.11714584e-01, -3.99239749e-01, -3.78005296e-01, -3.90608549e-01, -3.58264625e-01, -3.39714259e-01, -3.82144004e-01, -4.25462931e-01, -4.17159051e-01, -4.15777296e-01, -3.97868872e-01, -3.92793328e-01, -2.97726512e-01, -3.83566678e-01, -3.14492494e-01, -3.26828599e-01, -3.71307522e-01, -2.92343408e-01, -2.67946720e-01, -3.22205693e-01, 
4.19716626e-01, 4.23168451e-01, 4.23168451e-01, 4.23168451e-01, 4.23168451e-01, 4.23168451e-01, 4.23168451e-01, 4.23168451e-01, 4.23168451e-01, 4.23168451e-01, 4.23168451e-01, 4.23168451e-01, 4.23168451e-01, 4.23168451e-01, 4.23168451e-01, 4.23168451e-01, 4.23168451e-01, 4.23168451e-01, 4.23168451e-01, 4.23168451e-01, 4.23168451e-01, 4.23168451e-01, 4.23168451e-01, 4.23168451e-01, 4.23168451e-01, 4.23168451e-01, 4.23168451e-01, 4.23168451e-01, 4.23168451e-01, 4.23168451e-01, 4.23168451e-01, 4.25020784e-01, 4.05202538e-01, -5.41575924e-02, -3.59709024e-01, -6.30703047e-02, -5.37429303e-02, -3.77180755e-01, 6.92783594e-01, 6.51424110e-01, 3.67268324e-01, 1.08819380e-01, 2.55500287e-01, 3.93420428e-01, 4.11691517e-01, 4.04300630e-01, 3.76810998e-01, 3.89880717e-01, 3.77295136e-01, 3.90844107e-01, 3.42983186e-01, 2.79029727e-01, 2.14566961e-01, 1.35114253e-01, 2.52164081e-02, -3.91471535e-02, -9.95486975e-02, -8.97474438e-02, -2.02135861e-01, -2.18024552e-01, -2.06578493e-01, -1.98831558e-01, 4.26285118e-01, -4.85265732e-01, -3.49640608e-01, 1.05639115e-01, -6.35021389e-01, -4.31979507e-01, -2.82308400e-01, -3.44278723e-01, -3.49650770e-01, -3.58243793e-01, -3.48103225e-01, -3.83947790e-01, -3.80998313e-01, -3.59646976e-01, -3.57989550e-01, -3.22294712e-01, -3.74134839e-01, -2.87435710e-01, -3.12692821e-01, -3.67561519e-01, -3.53066325e-01, -3.62706542e-01, -4.07386869e-01, -4.19093668e-01, -4.07753736e-01, -3.99915129e-01, -3.98687780e-01, -4.06607300e-01, -3.81713241e-01, -3.99544090e-01, -3.78037989e-01, -3.92254263e-01, -3.98016393e-01, -3.95674825e-01, -3.68729323e-01, -3.71650994e-01, -4.04933453e-01, -4.03636605e-01, -4.16150838e-01, -4.16675508e-01, -4.05635446e-01, -3.89528185e-01, -3.83977920e-01, -3.89624774e-01, -3.82975399e-01, -3.84147942e-01, -3.92301977e-01, -2.72103339e-01, -2.66253501e-01, -2.44510889e-01, 
4.17717725e-01, 4.23168451e-01, 4.23168451e-01, 4.23168451e-01, 4.23168451e-01, 4.23168451e-01, 4.23168451e-01, 4.23168451e-01, 4.23168451e-01, 4.23168451e-01, 4.23168451e-01, 4.23168451e-01, 4.23168451e-01, 4.23168451e-01, 4.23168451e-01, 4.23168451e-01, 4.23168451e-01, 4.23168451e-01, 4.23168451e-01, 4.23168451e-01, 4.23168451e-01, 4.23168451e-01, 4.23168451e-01, 4.23168451e-01, 4.23168451e-01, 4.23168451e-01, 4.23168451e-01, 4.23168451e-01, 4.23168451e-01, 4.23168451e-01, 4.23168451e-01, 4.24997360e-01, 4.23168749e-01, -2.91834295e-01, -2.83739746e-01, -2.22519800e-01, 2.07833439e-01, 4.49626356e-01, -7.25237191e-01, -7.00621083e-02, -8.17594945e-01, -1.57560602e-01, 2.65422374e-01, 3.75633061e-01, 3.95177752e-01, 3.97051543e-01, 3.99413168e-01, 4.00292516e-01, 3.90218943e-01, 3.31887126e-01, 3.34248632e-01, 2.89222330e-01, 2.43452027e-01, 1.69975683e-01, 5.72636575e-02, -6.16097972e-02, -9.33195427e-02, -8.28310996e-02, -1.61828175e-01, -1.64175272e-01, -1.90760344e-01, 4.81219292e-01, -8.13090920e-01, -7.40103662e-01, -6.53494708e-03, 2.68105745e-01, 5.64914048e-02, -2.39267394e-01, -3.62721771e-01, -3.37592751e-01, -3.37117791e-01, -3.66257757e-01, -3.76282394e-01, -3.73642445e-01, -3.24433744e-01, -3.40559423e-01, -3.87562871e-01, -3.47422808e-01, -2.61176407e-01, -2.63681322e-01, -3.17735761e-01, -3.42993319e-01, -3.36072773e-01, -3.50344032e-01, -4.04849678e-01, -4.09486890e-01, -3.98378402e-01, -3.94072950e-01, -3.89201045e-01, -3.84704232e-01, -3.97247285e-01, -4.08688903e-01, -3.73382926e-01, -3.53684723e-01, -3.66948366e-01, -4.21446592e-01, -3.95088136e-01, -3.50656509e-01, -4.15440351e-01, -4.17284936e-01, -4.14075702e-01, -4.12899047e-01, -4.19844955e-01, -4.23358709e-01, -4.49142665e-01, -3.76806647e-01, -3.68166208e-01, -3.67642939e-01, -3.51995468e-01, -3.01563948e-01, -2.56542474e-01, -3.22633237e-01, 
4.22400028e-01, 4.23168451e-01, 4.23168451e-01, 4.23168451e-01, 4.23168451e-01, 4.23168451e-01, 4.23168451e-01, 4.23168451e-01, 4.23168451e-01, 4.23168451e-01, 4.23168451e-01, 4.23168451e-01, 4.23168451e-01, 4.23168451e-01, 4.23168451e-01, 4.23168451e-01, 4.23168451e-01, 4.23168451e-01, 4.23168451e-01, 4.23168451e-01, 4.23168451e-01, 4.23168451e-01, 4.23168451e-01, 4.23168451e-01, 4.23168451e-01, 4.23168451e-01, 4.23168451e-01, 4.23168451e-01, 4.23168451e-01, 4.23168451e-01, 4.23168451e-01, 4.23168451e-01, 4.19848442e-01, -2.14754313e-01, -1.62464857e-01, -1.37575760e-01, 3.93257849e-02, 1.50229645e+00, 3.91166031e-01, 5.13221085e-01, 2.32784096e-02, -4.15024161e-01, -2.28616595e-01, 4.12381649e-01, 3.61055553e-01, 4.02205318e-01, 4.04750794e-01, 3.70007753e-01, 3.69259149e-01, 3.45813423e-01, 3.05589885e-01, 2.62958109e-01, 2.54856646e-01, 1.73796862e-01, 6.25576377e-02, -4.87586260e-02, -8.32999200e-02, -9.07262787e-02, -1.03203535e-01, -1.03286617e-01, 3.29288274e-01, -1.56354278e-01, -8.05822313e-02, -3.60350758e-02, -2.18646094e-01, -2.97464073e-01, -3.71940345e-01, -1.20284669e-01, -3.35284829e-01, -3.65140080e-01, -3.29886734e-01, -3.48718375e-01, -3.65104407e-01, -3.71467322e-01, -3.37892175e-01, -3.67884487e-01, -3.76054823e-01, -3.17004234e-01, -3.42333734e-01, -3.18091691e-01, -3.69979978e-01, -3.77178252e-01, -3.30922991e-01, -3.68292898e-01, -4.30182040e-01, -4.25438821e-01, -4.00183380e-01, -3.80209148e-01, -3.51811588e-01, -3.57964039e-01, -3.41924310e-01, -3.96520793e-01, -4.21038747e-01, -3.88038039e-01, -4.07554716e-01, -3.79653156e-01, -3.69951218e-01, -3.56808662e-01, -4.16057527e-01, -4.04275924e-01, -4.22411233e-01, -4.34988469e-01, -4.18775350e-01, -4.10167247e-01, -4.00855064e-01, -3.99684995e-01, -3.90129775e-01, -3.89843941e-01, -3.69025588e-01, -3.24400604e-01, -3.98000091e-01, -3.62200618e-01, 
4.27466542e-01, 4.23168451e-01, 4.23168451e-01, 4.23168451e-01, 4.23168451e-01, 4.23168451e-01, 4.23168451e-01, 4.23168451e-01, 4.23168451e-01, 4.23168451e-01, 4.23168451e-01, 4.23168451e-01, 4.23168451e-01, 4.23168451e-01, 4.23168451e-01, 4.23168451e-01, 4.23168451e-01, 4.23168451e-01, 4.23168451e-01, 4.23168451e-01, 4.23168451e-01, 4.23168451e-01, 4.23168451e-01, 4.23168451e-01, 4.23168451e-01, 4.23168451e-01, 4.23168451e-01, 4.23168451e-01, 4.23168451e-01, 4.23168451e-01, 4.23168451e-01, 4.23168451e-01, 4.41966504e-01, -8.74640793e-03, -1.78137794e-01, -3.73629361e-01, -2.63481736e-01, 6.52534425e-01, -6.68958664e-01, -3.74902993e-01, -1.60084799e-01, -1.59699708e-01, -3.06519449e-01, -7.43969679e-02, 3.94810885e-01, 4.32895929e-01, 4.39062417e-01, 3.89463276e-01, 3.84505570e-01, 3.51180553e-01, 3.56217533e-01, 2.90044218e-01, 2.40494400e-01, 1.54546157e-01, 2.53467485e-02, -7.81905353e-02, -4.79531661e-02, -8.60608369e-02, -1.31263718e-01, 8.98809060e-02, -3.88948560e-01, -3.91072124e-01, -1.31752193e-01, -2.09756326e-02, -2.47162327e-01, 2.95764267e-01, -5.24726994e-02, -4.27421510e-01, -3.71695191e-01, -3.38766515e-01, -3.08948278e-01, -3.40336353e-01, -3.54255825e-01, -3.78324866e-01, -3.34649861e-01, -3.80501449e-01, -3.62996429e-01, -3.44506919e-01, -3.29026312e-01, -3.25924158e-01, -3.71606827e-01, -3.53474975e-01, -3.41452718e-01, -3.73442620e-01, -4.00581717e-01, -4.02651757e-01, -3.57386172e-01, -3.51300389e-01, -3.20052654e-01, -3.42253357e-01, -3.59529942e-01, -4.10326123e-01, -3.88595551e-01, -4.10994321e-01, -4.04654324e-01, -3.89726579e-01, -3.58728737e-01, -3.62806112e-01, -4.36706215e-01, -4.20324296e-01, -4.11504149e-01, -4.13991302e-01, -4.16136414e-01, -4.00067836e-01, -3.93157303e-01, -3.92631829e-01, -3.92528176e-01, -3.64287227e-01, -3.51660728e-01, -3.19054395e-01, -3.58322829e-01, -3.57556790e-01, 
4.22784239e-01, 4.23168451e-01, 4.23168451e-01, 4.23168451e-01, 4.23168451e-01, 4.23168451e-01, 4.23168451e-01, 4.23168451e-01, 4.23168451e-01, 4.23168451e-01, 4.23168451e-01, 4.23168451e-01, 4.23168451e-01, 4.23168451e-01, 4.23168451e-01, 4.23168451e-01, 4.23168451e-01, 4.23168451e-01, 4.23168451e-01, 4.23168451e-01, 4.23168451e-01, 4.23168451e-01, 4.23168451e-01, 4.23168451e-01, 4.23168451e-01, 4.23168451e-01, 4.23168451e-01, 4.23168451e-01, 4.23168451e-01, 4.23168451e-01, 4.23168451e-01, 4.22714174e-01, 5.66671371e-01, -1.03561096e-02, 6.09978586e-02, -7.29250252e-01, 6.50245771e-02, 5.02010345e-01, 4.14773762e-01, -1.53914317e-02, -7.61429489e-01, -3.47494245e-01, 3.48608792e-01, -5.37295818e-01, 4.06542063e-01, 2.84690410e-01, 3.53333384e-01, 3.94708663e-01, 3.87791902e-01, 4.02582288e-01, 3.26301694e-01, 2.24933207e-01, 2.54089296e-01, 1.39868662e-01, -9.70161892e-03, -1.29919603e-01, -1.09614469e-01, -7.64950737e-02, -2.01403290e-01, 3.92045677e-01, -2.14962989e-01, 2.90010065e-01, 2.78715074e-01, 4.65084165e-01, -2.45503604e-01, 1.38278976e-01, -2.57769823e-01, -1.58876076e-01, -2.05391616e-01, -3.50721657e-01, -3.19024980e-01, -3.53726953e-01, -3.92995358e-01, -3.82817626e-01, -3.73500586e-01, -3.73464525e-01, -3.39273751e-01, -3.11875105e-01, -3.52276146e-01, -3.46461475e-01, -3.53920639e-01, -3.66382807e-01, -3.50174665e-01, -4.05780107e-01, -4.02072579e-01, -3.88647914e-01, -3.38058293e-01, -3.42712432e-01, -3.06005180e-01, -2.91017711e-01, -3.63830954e-01, -4.29951072e-01, -4.06270653e-01, -3.97383571e-01, -3.88820440e-01, -3.72315377e-01, -3.44392300e-01, -3.73486906e-01, -4.03423727e-01, -4.19890255e-01, -4.00512338e-01, -4.22028512e-01, -4.27138180e-01, -4.23406035e-01, -3.96690339e-01, -3.39882761e-01, -3.70102584e-01, -3.88440192e-01, -3.90007943e-01, -3.04896653e-01, -3.34010959e-01, -3.30161035e-01, 
4.22784239e-01, 4.23168451e-01, 4.23168451e-01, 4.23168451e-01, 4.23168451e-01, 4.23168451e-01, 4.23168451e-01, 4.23168451e-01, 4.23168451e-01, 4.23168451e-01, 4.23168451e-01, 4.23168451e-01, 4.23168451e-01, 4.23168451e-01, 4.23168451e-01, 4.23168451e-01, 4.23168451e-01, 4.23168451e-01, 4.23168451e-01, 4.23168451e-01, 4.23168451e-01, 4.23168451e-01, 4.23168451e-01, 4.23168451e-01, 4.23168451e-01, 4.23168451e-01, 4.23168451e-01, 4.23168451e-01, 4.23168451e-01, 4.23168451e-01, 4.23168451e-01, 4.23612237e-01, 3.34041387e-01, -5.62145770e-01, 1.85986131e-01, 4.92604256e-01, 1.18438148e+00, 1.34255156e-01, -8.76468495e-02, -2.40312099e-01, 2.75808781e-01, 2.08811447e-01, -6.36531830e-01, -6.40568197e-01, -1.35756779e+00, -7.43368685e-01, 3.76475871e-01, 5.67567706e-01, 4.74453211e-01, 3.52039486e-01, 2.68449157e-01, 1.97196707e-01, 1.74833715e-01, 8.41538310e-02, 2.86083277e-02, -6.68211207e-02, -9.69318375e-02, -1.18961468e-01, 3.38693440e-01, -4.85159576e-01, -4.69421983e-01, -3.48931491e-01, 1.80292919e-01, -1.46401316e-01, -3.00424725e-01, -5.09421706e-01, -3.74045789e-01, 6.86773658e-02, -3.86221468e-01, -3.14359784e-01, -3.20190310e-01, -3.71631235e-01, -4.05814409e-01, -3.61916393e-01, -3.60451669e-01, -3.59174967e-01, -3.60020489e-01, -3.35100293e-01, -3.24732125e-01, -3.13851774e-01, -3.77612680e-01, -3.89449239e-01, -3.98014992e-01, -4.08016622e-01, -3.84156793e-01, -3.91461641e-01, -3.83412868e-01, -3.02239865e-01, -3.01130176e-01, -2.77587473e-01, -4.08005506e-01, -3.96029025e-01, -3.96158427e-01, -3.93520862e-01, -3.81164819e-01, -3.86092246e-01, -3.89413893e-01, -3.86437684e-01, -4.17836219e-01, -4.30116922e-01, -4.23663080e-01, -4.20079917e-01, -4.20764536e-01, -4.27325636e-01, -4.30709034e-01, -4.20685410e-01, -3.76792550e-01, -3.48241955e-01, -3.86260390e-01, -3.27522159e-01, -3.30630332e-01, -3.61377567e-01, 
4.22784239e-01, 4.23168451e-01, 4.23168451e-01, 4.23168451e-01, 4.23168451e-01, 4.23168451e-01, 4.23168451e-01, 4.23168451e-01, 4.23168451e-01, 4.23168451e-01, 4.23168451e-01, 4.23168451e-01, 4.23168451e-01, 4.23168451e-01, 4.23168451e-01, 4.23168451e-01, 4.23168451e-01, 4.23168451e-01, 4.23168451e-01, 4.23168451e-01, 4.23168451e-01, 4.23168451e-01, 4.23168451e-01, 4.23168451e-01, 4.23168451e-01, 4.23168451e-01, 4.23168451e-01, 4.23168451e-01, 4.23168451e-01, 4.23168451e-01, 4.23168451e-01, 4.24821824e-01, 3.18852276e-01, -5.38758695e-01, 6.89400136e-02, 7.86247492e-01, 4.03783172e-01, -6.60033166e-01, 6.89895973e-02, -3.07319552e-01, -3.51549417e-01, -4.62811917e-01, -4.12650183e-02, -5.57740808e-01, -7.52310812e-01, -6.05871916e-01, -6.85259283e-01, -1.28947592e+00, -1.12622309e+00, -3.58725488e-01, 1.65376186e-01, 2.20418364e-01, 2.57675797e-01, 1.12660378e-01, 4.90906239e-02, -5.23729771e-02, -5.08785509e-02, -9.83402133e-02, -3.63812521e-02, -2.82375246e-01, -4.84447479e-01, -5.33454657e-01, 3.45901325e-02, -5.88433221e-02, 2.18272790e-01, -5.32489538e-01, -2.71507412e-01, -2.50645757e-01, -4.12303358e-01, -3.36947173e-01, -3.59472662e-01, -3.43153417e-01, -3.65321934e-01, -3.58245671e-01, -3.52724433e-01, -3.45583439e-01, -3.60987216e-01, -3.06438595e-01, -3.31488281e-01, -3.22648287e-01, -3.89079690e-01, -3.87727231e-01, -4.12308723e-01, -4.12557185e-01, -4.00284439e-01, -3.81112933e-01, -3.23229730e-01, -3.09851259e-01, -3.45743567e-01, -3.32312852e-01, -4.45891112e-01, -4.15540606e-01, -4.05055612e-01, -3.81255895e-01, -3.95841569e-01, -3.80370051e-01, -3.65016907e-01, -4.05294627e-01, -4.01150972e-01, -4.10992593e-01, -4.13570493e-01, -4.19045836e-01, -4.24167722e-01, -4.34196562e-01, -4.37271744e-01, -4.42651033e-01, -4.09017503e-01, -4.38420027e-01, -4.44828212e-01, -2.92112201e-01, -3.08775187e-01, -3.92873168e-01, 
4.22784239e-01, 4.23168451e-01, 4.23168451e-01, 4.23168451e-01, 4.23168451e-01, 4.23168451e-01, 4.23168451e-01, 4.23168451e-01, 4.23168451e-01, 4.23168451e-01, 4.23168451e-01, 4.23168451e-01, 4.23168451e-01, 4.23168451e-01, 4.23168451e-01, 4.23168451e-01, 4.23168451e-01, 4.23168451e-01, 4.23168451e-01, 4.23168451e-01, 4.23168451e-01, 4.23168451e-01, 4.23168451e-01, 4.23168451e-01, 4.23168451e-01, 4.23168451e-01, 4.23168451e-01, 4.23168451e-01, 4.23168451e-01, 4.23168451e-01, 4.23168451e-01, 4.21946526e-01, 1.85631692e-01, 2.09391654e-01, -4.37540889e-01, -2.70311594e-01, -3.51893902e-01, -4.76435691e-01, 7.52509711e-03, 6.82048559e-01, 5.28469831e-02, 4.65107560e-02, -2.33452111e-01, -3.73900414e-01, -1.62381649e-01, -3.35315503e-02, 5.48962802e-02, -1.80066332e-01, -1.07992411e-01, -1.90138385e-01, -7.66515255e-01, -8.52614760e-01, -4.90098387e-01, -1.46441132e-01, 5.28396294e-02, -5.60131818e-02, -2.99041778e-01, 2.37001330e-01, -6.01507127e-01, -1.60949260e-01, 5.06060302e-01, 4.06039476e-01, 2.31044218e-01, 2.79212445e-01, -2.92050898e-01, 2.66061779e-02, -1.44918144e-01, 6.89684749e-02, -3.37898433e-01, -3.26321512e-01, -3.31367046e-01, -3.66250336e-01, -3.88668001e-01, -3.76251340e-01, -3.91677976e-01, -3.63884598e-01, -3.55992019e-01, -3.07129234e-01, -3.04813206e-01, -3.81351888e-01, -4.05007482e-01, -4.12312090e-01, -3.87840688e-01, -4.04283345e-01, -4.05555993e-01, -3.98647666e-01, -3.34757864e-01, -3.24349225e-01, -3.23833406e-01, -3.09854954e-01, -3.95574778e-01, -4.05798674e-01, -4.00046080e-01, -4.01817769e-01, -4.04511303e-01, -3.82036239e-01, -3.82514685e-01, -4.07941312e-01, -3.94705594e-01, -3.98030490e-01, -4.12354320e-01, -4.11561519e-01, -4.20747280e-01, -4.22560722e-01, -4.18890685e-01, -4.04582411e-01, -4.22833294e-01, -4.22103018e-01, -4.12487447e-01, -3.59277517e-01, -2.74120152e-01, -4.15536404e-01, 
4.22784239e-01, 4.23168451e-01, 4.23168451e-01, 4.23168451e-01, 4.23168451e-01, 4.23168451e-01, 4.23168451e-01, 4.23168451e-01, 4.23168451e-01, 4.23168451e-01, 4.23168451e-01, 4.23168451e-01, 4.23168451e-01, 4.23168451e-01, 4.23168451e-01, 4.23168451e-01, 4.23168451e-01, 4.23168451e-01, 4.23168451e-01, 4.23168451e-01, 4.23168451e-01, 4.23168451e-01, 4.23168451e-01, 4.23168451e-01, 4.23168451e-01, 4.23168451e-01, 4.23168451e-01, 4.23168451e-01, 4.23168451e-01, 4.23168451e-01, 4.23168451e-01, 4.25708205e-01, -2.02999368e-01, -2.08778493e-02, -1.99270427e-01, -4.09044415e-01, -3.80886011e-02, 2.12775275e-01, -5.06886780e-01, 5.35244048e-02, -7.02670813e-01, -3.40241432e-01, -2.08194137e-01, -6.05533183e-01, 8.42780024e-02, -2.34945342e-01, 1.93211496e-01, 1.17908204e+00, 7.19805717e-01, -9.12899971e-02, -3.66973042e-01, -3.54783863e-01, -5.65866113e-01, -7.32796967e-01, -2.20391199e-01, -3.53981256e-01, -3.79412174e-01, -4.92176622e-01, 5.87461330e-03, 4.07469571e-02, -2.73269176e-01, 8.15612018e-01, -2.77007110e-02, -5.07498264e-01, -4.60415572e-01, -1.86385587e-01, -5.89986518e-03, 2.19424844e-01, -3.15203428e-01, -3.20734650e-01, -3.45147789e-01, -3.32520634e-01, -3.45910013e-01, -3.55276465e-01, -3.79853249e-01, -3.72358650e-01, -3.91985446e-01, -3.31396282e-01, -2.94541419e-01, -4.03401077e-01, -4.21635628e-01, -4.06726420e-01, -4.00614470e-01, -4.12833810e-01, -3.98101300e-01, -3.47590953e-01, -3.12155932e-01, -3.18387330e-01, -3.01812202e-01, -3.61856580e-01, -4.31961268e-01, -4.02832061e-01, -3.97338122e-01, -4.04988050e-01, -3.98040414e-01, -3.91960084e-01, -3.60084385e-01, -4.09288853e-01, -3.96714598e-01, -4.00125027e-01, -4.11925822e-01, -4.18230206e-01, -4.14042979e-01, -4.17334586e-01, -4.05485481e-01, -3.90537232e-01, -4.14025068e-01, -4.29064125e-01, -4.31404978e-01, -4.87290710e-01, -5.75240731e-01, -4.67902571e-01, 
4.22784239e-01, 4.23168451e-01, 4.23168451e-01, 4.23168451e-01, 4.23168451e-01, 4.23168451e-01, 4.23168451e-01, 4.23168451e-01, 4.23168451e-01, 4.23168451e-01, 4.23168451e-01, 4.23168451e-01, 4.23168451e-01, 4.23168451e-01, 4.23168451e-01, 4.23168451e-01, 4.23168451e-01, 4.23168451e-01, 4.23168451e-01, 4.23168451e-01, 4.23168451e-01, 4.23168451e-01, 4.23168451e-01, 4.23168451e-01, 4.23168451e-01, 4.23168451e-01, 4.23168451e-01, 4.23168451e-01, 4.23168451e-01, 4.23168451e-01, 4.23168451e-01, 4.23673421e-01, -4.03090715e-01, -1.21519886e-01, 4.26549852e-01, -7.85877705e-02, 2.65063614e-01, -1.18090725e+00, -5.79040408e-01, -1.01287916e-01, 3.09709519e-01, -4.81820613e-01, 2.80827016e-01, -1.90666139e-01, -4.84554768e-01, -4.39472795e-01, -4.85178411e-01, -2.08361179e-01, 2.34019294e-01, -4.15081501e-01, -3.70957226e-01, 1.22578681e-01, -6.66332841e-01, -3.48942488e-01, -5.73132396e-01, -7.51949966e-01, 1.82837218e-01, 6.36314303e-02, -2.05885574e-01, -1.48267210e-01, -3.04919451e-01, 3.21779996e-01, 1.88600034e-01, 5.80119491e-02, -1.87323943e-01, -1.26721159e-01, -1.89584032e-01, -1.14704669e-01, -2.87407517e-01, -2.97370374e-01, -3.31333429e-01, -3.59801948e-01, -3.49988759e-01, -3.53181422e-01, -3.89605761e-01, -3.83972973e-01, -3.85660112e-01, -3.99283618e-01, -4.01732028e-01, -4.14140224e-01, -3.95215690e-01, -4.01801378e-01, -4.16465402e-01, -3.73064578e-01, -3.50704849e-01, -3.73527288e-01, -3.60982388e-01, -3.70361060e-01, -3.92288834e-01, -3.80911738e-01, -4.15089011e-01, -3.98906529e-01, -3.88195425e-01, -3.94736141e-01, -3.83534819e-01, -3.91173899e-01, -3.72740507e-01, -4.00837868e-01, -4.16492313e-01, -4.21670824e-01, -4.25886542e-01, -4.16667491e-01, -4.20968920e-01, -4.22644317e-01, -3.91145945e-01, -3.79929483e-01, -3.91159385e-01, -4.13041443e-01, -4.09743100e-01, -4.21291798e-01, -4.32160109e-01, -4.31461424e-01, 
4.22784239e-01, 4.23168451e-01, 4.23168451e-01, 4.23168451e-01, 4.23168451e-01, 4.23168451e-01, 4.23168451e-01, 4.23168451e-01, 4.23168451e-01, 4.23168451e-01, 4.23168451e-01, 4.23168451e-01, 4.23168451e-01, 4.23168451e-01, 4.23168451e-01, 4.23168451e-01, 4.23168451e-01, 4.23168451e-01, 4.23168451e-01, 4.23168451e-01, 4.23168451e-01, 4.23168451e-01, 4.23168451e-01, 4.23168451e-01, 4.23168451e-01, 4.23168451e-01, 4.23168451e-01, 4.23168451e-01, 4.23168451e-01, 4.23168451e-01, 4.23168451e-01, 4.22671169e-01, -1.11916244e-01, 2.59162635e-01, 2.17320293e-01, -1.79581940e-01, -4.11737382e-01, 6.69347763e-01, 1.35909230e-01, -3.26908439e-01, -1.22743912e-01, -5.06548285e-01, -1.80619434e-01, -4.07699496e-01, -7.00860262e-01, -6.19914949e-01, -4.13828194e-01, -4.83946115e-01, -4.02513474e-01, -1.42854750e-01, 2.25677833e-01, 1.48360478e-02, 3.89589101e-01, 9.29682076e-01, -1.33394271e-01, -1.46588057e-01, -1.16624154e-01, -5.70903540e-01, 1.83946431e-01, -2.38174781e-01, 2.42042676e-01, -8.07451177e-03, -1.64125234e-01, -1.15315877e-01, -6.82060868e-02, -1.70772702e-01, 7.00146407e-02, -1.97959989e-01, -3.32485825e-01, -3.12275410e-01, -3.16567659e-01, -3.55999887e-01, -3.63228232e-01, -3.42696428e-01, -4.05860901e-01, -3.82889688e-01, -3.87877673e-01, -3.83242846e-01, -3.82949889e-01, -3.87486905e-01, -3.97945881e-01, -4.00723577e-01, -3.80190492e-01, -3.86746377e-01, -3.60463470e-01, -3.57323974e-01, -4.01701868e-01, -3.55558097e-01, -3.47468317e-01, -3.55946600e-01, -4.09675866e-01, -3.95845711e-01, -3.93786162e-01, -3.81133795e-01, -3.86527002e-01, -3.65516096e-01, -3.65576416e-01, -4.19851810e-01, -4.14047152e-01, -4.08296704e-01, -4.18939263e-01, -4.14795667e-01, -4.17109340e-01, -3.97169769e-01, -3.79026800e-01, -3.95372629e-01, -4.04293776e-01, -4.16291744e-01, -4.31008726e-01, -4.23750371e-01, -4.10869122e-01, -4.11450833e-01, 
4.22784239e-01, 4.23168451e-01, 4.23168451e-01, 4.23168451e-01, 4.23168451e-01, 4.23168451e-01, 4.23168451e-01, 4.23168451e-01, 4.23168451e-01, 4.23168451e-01, 4.23168451e-01, 4.23168451e-01, 4.23168451e-01, 4.23168451e-01, 4.23168451e-01, 4.23168451e-01, 4.23168451e-01, 4.23168451e-01, 4.23168451e-01, 4.23168451e-01, 4.23168451e-01, 4.23168451e-01, 4.23168451e-01, 4.23168451e-01, 4.23168451e-01, 4.23168451e-01, 4.23168451e-01, 4.23168451e-01, 4.23168451e-01, 4.23168451e-01, 4.23168451e-01, 4.16482002e-01, 6.93571508e-01, 8.33036080e-02, 1.48882061e-01, -2.84171194e-01, -6.22451305e-01, -3.94116521e-01, -4.17085171e-01, -4.19925153e-01, -7.31631935e-01, -4.60575908e-01, -5.52637756e-01, -5.10929167e-01, 1.78818375e-01, 3.05006981e-01, -5.96529186e-01, -2.31552392e-01, -2.21607924e-01, -6.03904486e-01, -2.93950200e-01, -5.78245223e-01, -1.61151111e-01, -6.90438867e-01, -7.05720246e-01, 4.87746671e-02, -4.34900582e-01, -4.46293890e-01, 5.48377454e-01, -3.61803398e-02, -1.29580334e-01, -8.17889571e-02, -2.01273650e-01, -4.43549305e-02, -5.42313010e-02, -1.45552218e-01, -3.09272468e-01, -2.79485732e-01, -2.56158352e-01, -3.10207069e-01, -3.36833477e-01, -3.60746086e-01, -3.48987609e-01, -3.70695025e-01, -3.72630745e-01, -4.05623198e-01, -3.97993505e-01, -4.09380347e-01, -3.84794474e-01, -4.12438601e-01, -4.01492923e-01, -3.98282975e-01, -3.97729993e-01, -3.87676686e-01, -3.46623302e-01, -3.11979026e-01, -3.63240272e-01, -3.63349319e-01, -3.20402563e-01, -3.46675903e-01, -4.16957647e-01, -4.02342796e-01, -3.98831099e-01, -3.92504752e-01, -3.80952567e-01, -3.73727769e-01, -3.38903069e-01, -4.07866478e-01, -4.01865512e-01, -4.26046401e-01, -4.07186508e-01, -4.14488822e-01, -4.02566284e-01, -3.90960783e-01, -3.89789134e-01, -3.71034086e-01, -3.98444444e-01, -4.19766396e-01, -4.15777743e-01, -3.98493677e-01, -4.03888196e-01, -4.03831899e-01, 
4.22784239e-01, 4.23168451e-01, 4.23168451e-01, 4.23168451e-01, 4.23168451e-01, 4.23168451e-01, 4.23168451e-01, 4.23168451e-01, 4.23168451e-01, 4.23168451e-01, 4.23168451e-01, 4.23168451e-01, 4.23168451e-01, 4.23168451e-01, 4.23168451e-01, 4.23168451e-01, 4.23168451e-01, 4.23168451e-01, 4.23168451e-01, 4.23168451e-01, 4.23168451e-01, 4.23168451e-01, 4.23168451e-01, 4.23168451e-01, 4.23168451e-01, 4.23168451e-01, 4.23168451e-01, 4.23168451e-01, 4.23168451e-01, 4.23168451e-01, 4.23168451e-01, 4.26884115e-01, 4.27587897e-01, -3.29732388e-01, 3.99100512e-01, 2.13517204e-01, -1.21093422e-01, -1.79330230e-01, 7.12854028e-01, -4.77938354e-02, -2.07563952e-01, -2.03712851e-01, -2.71085471e-01, 1.85042635e-01, -2.85338070e-02, -8.16948116e-01, -2.28385150e-01, 3.61778796e-01, -3.58434618e-01, -6.65866435e-01, 3.80454846e-02, 1.39933348e-01, -5.52554548e-01, 2.32727721e-01, -4.88265455e-01, -1.14523399e+00, -4.47886109e-01, -5.58034837e-01, -1.42775610e-01, -6.39169991e-01, -1.72453418e-01, 1.00296482e-01, 4.01869476e-01, 1.30716458e-01, 1.78612977e-01, 7.44374692e-02, -1.43642485e-01, -3.35790008e-01, -2.62772083e-01, -2.91116476e-01, -2.98485100e-01, -3.14759791e-01, -3.24147284e-01, -3.45839173e-01, -3.39385003e-01, -3.87252808e-01, -3.58442813e-01, -3.75065893e-01, -3.91806871e-01, -3.81778359e-01, -4.23878461e-01, -4.10347730e-01, -4.02682632e-01, -3.86423051e-01, -3.62168670e-01, -3.14915866e-01, -3.15907747e-01, -3.36239189e-01, -3.74350727e-01, -3.56734276e-01, -4.10678118e-01, -4.03202176e-01, -3.82460564e-01, -3.52656782e-01, -3.85203421e-01, -3.95442605e-01, -3.55576634e-01, -3.81811857e-01, -3.91928136e-01, -4.09908086e-01, -4.04077321e-01, -3.98930013e-01, -3.88175458e-01, -3.73088241e-01, -3.97593081e-01, -4.05961007e-01, -4.13179904e-01, -4.19968128e-01, -4.00533587e-01, -4.05236334e-01, -3.81387681e-01, -3.95926833e-01, 
4.22784239e-01, 4.23168451e-01, 4.23168451e-01, 4.23168451e-01, 4.23168451e-01, 4.23168451e-01, 4.23168451e-01, 4.23168451e-01, 4.23168451e-01, 4.23168451e-01, 4.23168451e-01, 4.23168451e-01, 4.23168451e-01, 4.23168451e-01, 4.23168451e-01, 4.23168451e-01, 4.23168451e-01, 4.23168451e-01, 4.23168451e-01, 4.23168451e-01, 4.23168451e-01, 4.23168451e-01, 4.23168451e-01, 4.23168451e-01, 4.23168451e-01, 4.23168451e-01, 4.23168451e-01, 4.23168451e-01, 4.23168451e-01, 4.23168451e-01, 4.21327204e-01, 3.94558728e-01, 2.40439385e-01, -5.77293217e-01, -1.99572027e-01, 3.00772339e-01, 3.38344485e-01, -2.56167769e-01, 4.53103691e-01, -7.41047710e-02, -2.04258174e-01, -4.58887964e-02, -4.07841265e-01, -4.96505141e-01, -5.29619932e-01, -6.87498897e-02, -1.02462804e+00, 1.75073177e-01, 2.17333898e-01, 5.38301110e-01, -1.04612194e-01, -7.75584340e-01, -3.68786722e-01, -3.91541600e-01, 4.19349670e-01, -2.25757271e-01, -5.28302729e-01, -5.62338412e-01, -1.42579988e-01, -2.45189499e-02, -6.10441923e-01, -1.54143840e-01, 6.55015782e-02, -2.53008008e-01, -1.72003344e-01, -1.57175481e-01, -1.94985449e-01, -2.73410201e-01, -2.98992246e-01, -3.04709971e-01, -3.36952925e-01, -3.53428304e-01, -3.38496268e-01, -3.60245049e-01, -3.89147580e-01, -3.94958764e-01, -3.51649940e-01, -3.41918707e-01, -3.91481459e-01, -3.58514160e-01, -4.04886156e-01, -4.17627901e-01, -4.24000710e-01, -3.93726826e-01, -3.71103555e-01, -3.48936111e-01, -2.38974571e-01, -2.59498894e-01, -3.82122278e-01, -3.44115913e-01, -4.23746675e-01, -3.83814067e-01, -3.89976323e-01, -3.74944746e-01, -3.59646142e-01, -3.69223773e-01, -3.63474339e-01, -3.67065459e-01, -3.99381906e-01, -3.96420538e-01, -3.98538858e-01, -4.15503889e-01, -3.89692485e-01, -3.82563889e-01, -3.88740391e-01, -4.16085988e-01, -4.25007164e-01, -3.82152200e-01, -3.96238595e-01, -3.79561454e-01, -4.14031535e-01, -4.15142626e-01, 
4.22784239e-01, 4.23168451e-01, 4.23168451e-01, 4.23168451e-01, 4.23168451e-01, 4.23168451e-01, 4.23168451e-01, 4.23168451e-01, 4.23168451e-01, 4.23168451e-01, 4.23168451e-01, 4.23168451e-01, 4.23168451e-01, 4.23168451e-01, 4.23168451e-01, 4.23168451e-01, 4.23168451e-01, 4.23168451e-01, 4.23168451e-01, 4.23168451e-01, 4.23168451e-01, 4.23168451e-01, 4.23168451e-01, 4.23168451e-01, 4.23168451e-01, 4.23168451e-01, 4.23168451e-01, 4.23168451e-01, 4.23168451e-01, 4.23168451e-01, 4.17610019e-01, 4.13990319e-01, 3.95506881e-02, -3.91552299e-01, -1.16880193e-01, -6.01514816e-01, -4.64830071e-01, 9.35061947e-02, -3.07016999e-01, 2.41679937e-01, -1.83240682e-01, -3.17934275e-01, 8.57182741e-02, 2.56019831e-01, -4.06843841e-01, -5.21606445e-01, -7.31403708e-01, 5.12539685e-01, 3.45427126e-01, -5.97053289e-01, -1.75623089e-01, 8.50596070e-01, -2.28923082e-01, 8.29104781e-01, -2.47148141e-01, -9.76569802e-02, -7.09340274e-01, 1.50815159e-01, 2.39916116e-01, 1.04775280e-01, 5.67621291e-01, -2.46928960e-01, 3.15557122e-01, -1.53578430e-01, -1.76885262e-01, -3.25309038e-01, -6.35525882e-02, -2.54573047e-01, -3.08304578e-01, -2.90674508e-01, -3.13219130e-01, -3.73490423e-01, -3.29938293e-01, -3.58830720e-01, -3.73385757e-01, -3.97812665e-01, -3.86115074e-01, -3.53296757e-01, -3.57288182e-01, -3.60890031e-01, -3.92699391e-01, -4.14858192e-01, -3.97539854e-01, -3.87757003e-01, -3.73788863e-01, -3.52968991e-01, -2.94668376e-01, -2.99655855e-01, -4.06975925e-01, -3.02009255e-01, -3.86616558e-01, -3.94044310e-01, -3.90750170e-01, -3.62260640e-01, -3.81874561e-01, -3.22452992e-01, -3.19268107e-01, -3.48875225e-01, -3.86468977e-01, -3.97224575e-01, -4.21251506e-01, -3.70564520e-01, -3.98610085e-01, -4.11014408e-01, -4.37144607e-01, -4.23142701e-01, -3.69111240e-01, -3.72009993e-01, -3.94624740e-01, -3.98594469e-01, -3.91075760e-01, -3.89715314e-01, 
4.22784239e-01, 4.23168451e-01, 4.23168451e-01, 4.23168451e-01, 4.23168451e-01, 4.23168451e-01, 4.23168451e-01, 4.23168451e-01, 4.23168451e-01, 4.23168451e-01, 4.23168451e-01, 4.23168451e-01, 4.23168451e-01, 4.23168451e-01, 4.23168451e-01, 4.23168451e-01, 4.23168451e-01, 4.23168451e-01, 4.23168451e-01, 4.23168451e-01, 4.23168451e-01, 4.23168451e-01, 4.23168451e-01, 4.23168451e-01, 4.23168451e-01, 4.23168451e-01, 4.23168451e-01, 4.23168451e-01, 4.23168451e-01, 4.23168451e-01, 4.25707102e-01, 3.69603008e-01, -7.22232223e-01, -3.25955927e-01, -4.21140671e-01, -1.18201002e-01, 4.89898592e-01, 4.44834903e-02, -4.58453238e-01, -3.56307089e-01, -8.41999426e-02, -4.56762388e-02, 2.50542819e-01, -2.40676731e-01, -4.05660659e-01, -1.10266820e-01, 3.92014980e-01, -7.75583029e-01, -1.05767918e+00, -9.10348669e-02, 6.09020054e-01, 8.45709741e-01, 2.61693448e-01, 2.95286775e-01, -2.73498863e-01, -3.19017231e-01, -6.70216918e-01, 9.28289369e-02, -1.32709503e-01, 2.22680524e-01, 6.36503994e-02, 3.70575130e-01, 4.89650011e-01, 6.25266254e-01, 3.63066137e-01, 1.97727874e-01, -3.24815035e-01, -2.99154133e-01, -2.90504068e-01, -3.38461101e-01, -3.60267162e-01, -3.53273034e-01, -3.46036851e-01, -3.56896013e-01, -3.93962532e-01, -4.07239258e-01, -3.87459397e-01, -3.89444828e-01, -3.06383848e-01, -3.64124954e-01, -3.88217032e-01, -3.97051245e-01, -4.04068738e-01, -4.22702104e-01, -4.37684327e-01, -3.83055240e-01, -4.00916964e-01, -3.75276566e-01, -3.83599639e-01, -3.92132819e-01, -3.85426641e-01, -3.45881641e-01, -3.57032239e-01, -3.92932594e-01, -3.65320563e-01, -3.58656526e-01, -3.61305028e-01, -3.44103754e-01, -4.01444137e-01, -3.74445170e-01, -4.23519671e-01, -3.75211656e-01, -3.87729257e-01, -3.77518743e-01, -4.36293453e-01, -3.91283542e-01, -3.85129362e-01, -3.74983996e-01, -4.09645557e-01, -4.07997370e-01, -3.92125905e-01, -3.91536862e-01, 
4.22784239e-01, 4.23168451e-01, 4.23168451e-01, 4.23168451e-01, 4.23168451e-01, 4.23168451e-01, 4.23168451e-01, 4.23168451e-01, 4.23168451e-01, 4.23168451e-01, 4.23168451e-01, 4.23168451e-01, 4.23168451e-01, 4.23168451e-01, 4.23168451e-01, 4.23168451e-01, 4.23168451e-01, 4.23168451e-01, 4.23168451e-01, 4.23168451e-01, 4.23168451e-01, 4.23168451e-01, 4.23168451e-01, 4.23168451e-01, 4.23168451e-01, 4.23168451e-01, 4.23168451e-01, 4.23168451e-01, 4.23168451e-01, 4.23168451e-01, 4.13583577e-01, -2.46133685e-01, -5.27741969e-01, -1.56074166e-01, -3.24891776e-01, 5.26873767e-03, -1.94782913e-01, -8.44242275e-02, -2.80758813e-02, 6.92141056e-02, 1.62748843e-01, -1.29748896e-01, -7.51657933e-02, -1.05604753e-01, 6.61654025e-02, 1.79484814e-01, -4.31650132e-01, -4.31425303e-01, 2.27728859e-01, -1.33748561e-01, -2.54617572e-01, -3.52554947e-01, -4.80546325e-01, -1.62134618e-01, 1.35245770e-01, 1.76965088e-01, 1.92186102e-01, 1.22402847e-01, 4.89962362e-02, 8.63160864e-02, 2.47323558e-01, 1.57957777e-01, -2.39949420e-01, -1.93353482e-02, 2.12669112e-02, 7.43620276e-01, -3.09975833e-01, -2.95798033e-01, -2.81260669e-01, -3.01739722e-01, -3.32678884e-01, -3.72031778e-01, -3.69363368e-01, -3.73713136e-01, -3.69228989e-01, -3.98386478e-01, -4.10211563e-01, -4.18253213e-01, -3.46368670e-01, -3.69243473e-01, -3.82882357e-01, -4.11154479e-01, -4.14401740e-01, -4.18036819e-01, -3.92247438e-01, -3.72169733e-01, -3.78473997e-01, -3.18124324e-01, -3.17177474e-01, -3.84243727e-01, -4.10617203e-01, -3.91834348e-01, -3.82071882e-01, -3.99313927e-01, -3.84913743e-01, -3.56618762e-01, -3.41008842e-01, -3.07565272e-01, -3.84100080e-01, -4.13199008e-01, -4.15730566e-01, -3.91432315e-01, -4.14493442e-01, -4.10377175e-01, -4.06848580e-01, -3.89493525e-01, -3.86127412e-01, -3.77287388e-01, -3.84808689e-01, -3.87679070e-01, -3.92227858e-01, -3.96598667e-01, 
4.22784239e-01, 4.23168451e-01, 4.23168451e-01, 4.23168451e-01, 4.23168451e-01, 4.23168451e-01, 4.23168451e-01, 4.23168451e-01, 4.23168451e-01, 4.23168451e-01, 4.23168451e-01, 4.23168451e-01, 4.23168451e-01, 4.23168451e-01, 4.23168451e-01, 4.23168451e-01, 4.23168451e-01, 4.23168451e-01, 4.23168451e-01, 4.23168451e-01, 4.23168451e-01, 4.23168451e-01, 4.23168451e-01, 4.23168451e-01, 4.23168451e-01, 4.23168451e-01, 4.23168451e-01, 4.23168451e-01, 4.23168451e-01, 4.23168451e-01, 4.34289753e-01, -2.77494580e-01, -5.35032094e-01, -3.44806165e-01, -3.44640128e-02, -2.61836499e-01, 4.42377776e-02, -1.98767766e-01, -1.52033344e-02, -2.67589819e-02, -3.54469329e-01, 8.36420953e-02, 2.94646144e-01, -1.46210134e-01, -3.81397545e-01, -1.54486835e-01, 3.69352549e-01, 4.00982082e-01, 2.09304929e-01, -1.74874857e-01, 8.08789283e-02, -5.19383967e-01, -2.78620094e-01, 1.36917472e-01, -3.09519261e-01, -2.50911891e-01, -5.80981970e-01, -7.36817196e-02, 7.83501923e-01, -4.63874072e-01, 2.79972315e-01, -1.91265434e-01, 4.14172232e-01, -2.05315500e-01, -1.70886368e-02, -1.23439193e-01, -2.73791075e-01, -2.64129221e-01, -2.55045503e-01, -2.87630558e-01, -3.08454156e-01, -3.70873868e-01, -3.57730627e-01, -3.52844387e-01, -3.58845651e-01, -3.94941986e-01, -3.98620754e-01, -4.26293582e-01, -3.31587583e-01, -3.59769493e-01, -3.74964207e-01, -3.92449290e-01, -3.91153187e-01, -4.04513031e-01, -4.04387206e-01, -3.83370727e-01, -3.43348026e-01, -3.08033943e-01, -2.89183080e-01, -3.72379392e-01, -4.06670600e-01, -3.79177421e-01, -3.85066360e-01, -3.62496823e-01, -3.52501929e-01, -3.04168314e-01, -2.80036688e-01, -2.56843209e-01, -3.69596869e-01, -4.49307829e-01, -3.82655799e-01, -3.72245640e-01, -4.09733504e-01, -4.23299402e-01, -3.80619109e-01, -4.03122306e-01, -4.05747354e-01, -3.81259203e-01, -3.74934137e-01, -3.82147312e-01, -3.92154247e-01, -3.99529546e-01, 
4.15418953e-01, 4.23168451e-01, 4.23168451e-01, 4.23168451e-01, 4.23168451e-01, 4.23168451e-01, 4.23168451e-01, 4.23168451e-01, 4.23168451e-01, 4.23168451e-01, 4.23168451e-01, 4.23168451e-01, 4.23168451e-01, 4.23168451e-01, 4.23168451e-01, 4.23168451e-01, 4.23168451e-01, 4.23168451e-01, 4.23168451e-01, 4.23168451e-01, 4.23168451e-01, 4.23168451e-01, 4.23168451e-01, 4.23168451e-01, 4.23168451e-01, 4.23168451e-01, 4.23168451e-01, 4.23168451e-01, 4.23168451e-01, 4.21327204e-01, 4.83998239e-01, -4.54039007e-01, -2.42587268e-01, -7.78597474e-01, -1.16711885e-01, -2.93320995e-02, -4.92582560e-01, 2.77175158e-01, -4.65938002e-01, -5.54368556e-01, -6.00547016e-01, -6.68091357e-01, -2.88653851e-01, -4.18704122e-01, -1.13144159e-01, 2.52996147e-01, 4.83408689e-01, -9.20164227e-01, -2.67427444e-01, -2.42733538e-01, -3.11838061e-01, -1.95986956e-01, 3.70321006e-01, -4.40390706e-01, -2.45838434e-01, 2.31713533e-01, -3.69678617e-01, -3.57122362e-01, -6.97504163e-01, 2.59351671e-01, 5.09662926e-01, 6.39354169e-01, -1.74996033e-02, 1.62440985e-02, -2.54355848e-01, -2.47384816e-01, -1.93777159e-01, -2.70831913e-01, -2.91917980e-01, -2.67929733e-01, -3.10638338e-01, -3.50078017e-01, -3.81264150e-01, -3.67796183e-01, -3.24903250e-01, -3.72372836e-01, -3.59282345e-01, -4.17143762e-01, -3.61603439e-01, -3.62296462e-01, -3.99876952e-01, -3.78390104e-01, -4.01430696e-01, -4.00285065e-01, -3.93315285e-01, -4.00383592e-01, -3.76405686e-01, -3.70721638e-01, -3.33513767e-01, -3.60549301e-01, -4.13471431e-01, -3.92176896e-01, -3.82040858e-01, -3.57864767e-01, -3.13895166e-01, -3.24943870e-01, -2.80355364e-01, -3.30276191e-01, -3.11359376e-01, -4.13504332e-01, -3.79277557e-01, -3.88695240e-01, -4.07009512e-01, -3.86409223e-01, -3.24228227e-01, -3.69587064e-01, -3.97115856e-01, -4.16885436e-01, -3.79220039e-01, -4.10218447e-01, -3.87786180e-01, -3.82659286e-01, 
4.34438139e-01, 4.23168451e-01, 4.23168451e-01, 4.23168451e-01, 4.23168451e-01, 4.23168451e-01, 4.23168451e-01, 4.23168451e-01, 4.23168451e-01, 4.23168451e-01, 4.23168451e-01, 4.23168451e-01, 4.23168451e-01, 4.23168451e-01, 4.23168451e-01, 4.23168451e-01, 4.23168451e-01, 4.23168451e-01, 4.23168451e-01, 4.23168451e-01, 4.23168451e-01, 4.23168451e-01, 4.23168451e-01, 4.23168451e-01, 4.23168451e-01, 4.23168451e-01, 4.23168451e-01, 4.23168451e-01, 4.23168451e-01, 4.29344714e-01, 4.88660067e-01, -2.85580933e-01, -3.29124540e-01, -1.77283376e-01, -1.90038607e-01, -6.73790500e-02, -3.38113934e-01, -3.84235770e-01, -3.92337322e-01, 2.08230063e-01, -1.01023830e-01, 2.72215694e-01, 1.48684978e-01, -3.58810037e-01, -3.06705266e-01, -1.95084408e-01, 1.48204041e+00, 3.42362732e-01, 7.63621032e-01, 4.33875099e-02, -2.63748378e-01, 5.60428262e-01, 4.91246432e-01, 2.03629807e-01, -2.34646574e-01, -1.16380823e+00, -4.69618797e-01, 1.24169812e-01, 8.53949189e-02, 6.57512099e-02, -3.08526903e-01, 1.08413748e-01, 6.24915659e-01, -7.19368994e-01, -1.14157647e-01, -1.49799854e-01, -2.51454264e-01, -2.51555175e-01, -2.86228597e-01, -2.57563800e-01, -3.17648172e-01, -3.58820021e-01, -3.63257378e-01, -3.29063356e-01, -3.41151565e-01, -3.79823089e-01, -3.62368047e-01, -3.98264468e-01, -3.94377232e-01, -3.36832017e-01, -3.90356034e-01, -3.87631059e-01, -3.75840515e-01, -4.16869462e-01, -3.90299141e-01, -3.91019523e-01, -3.60640705e-01, -3.51072729e-01, -3.34402561e-01, -3.50786507e-01, -3.85598153e-01, -3.76539618e-01, -3.75621378e-01, -3.74451488e-01, -3.72468978e-01, -3.39156747e-01, -3.78417373e-01, -3.07339072e-01, -3.87346536e-01, -4.06022906e-01, -3.73512506e-01, -3.86292368e-01, -4.07125503e-01, -3.41666281e-01, -3.67594659e-01, -4.11257714e-01, -4.37895328e-01, -4.28341478e-01, -3.92625093e-01, -3.68200481e-01, -3.74323398e-01, -3.91506225e-01, 
4.22784239e-01, 4.23168451e-01, 4.23168451e-01, 4.23168451e-01, 4.23168451e-01, 4.23168451e-01, 4.23168451e-01, 4.23168451e-01, 4.23168451e-01, 4.23168451e-01, 4.23168451e-01, 4.23168451e-01, 4.23168451e-01, 4.23168451e-01, 4.23168451e-01, 4.23168451e-01, 4.23168451e-01, 4.23168451e-01, 4.23168451e-01, 4.23168451e-01, 4.23168451e-01, 4.23168451e-01, 4.23168451e-01, 4.23168451e-01, 4.23168451e-01, 4.23168451e-01, 4.23168451e-01, 4.23168451e-01, 4.23168451e-01, 4.20566976e-01, 2.39241138e-01, -6.48722529e-01, -3.99634033e-01, -2.69476324e-01, -1.91791564e-01, -2.91215986e-01, -5.17959893e-01, -1.16553955e-01, -3.19213495e-02, -5.90169251e-01, -9.47701812e-01, 6.06557965e-01, 2.50482798e-01, -2.45125115e-01, 2.81131923e-01, 4.54451799e-01, 3.96458507e-01, -1.33388054e+00, -3.03095151e-02, -8.48693848e-02, -4.96018380e-01, 1.74190462e-01, -3.30105759e-02, -2.46420592e-01, -3.07495445e-01, -9.57955495e-02, -7.59531021e-01, -7.42200688e-02, -2.40185186e-01, 1.39350872e-02, -4.70382929e-01, -3.44913185e-01, -2.24114001e-01, -3.07386369e-01, 3.39690626e-01, -2.27663532e-01, -2.33329356e-01, -2.22292840e-01, -2.78135628e-01, -2.85588920e-01, -3.35886538e-01, -3.60712498e-01, -3.68246108e-01, -3.40621591e-01, -3.91192496e-01, -3.84960055e-01, -3.83010447e-01, -3.99246097e-01, -4.20445383e-01, -3.15832585e-01, -3.44579041e-01, -3.61664176e-01, -3.81238610e-01, -3.80339175e-01, -4.08676863e-01, -3.90516639e-01, -3.52013290e-01, -4.01094973e-01, -3.29409242e-01, -2.99377590e-01, -3.78355831e-01, -4.01670784e-01, -3.81007165e-01, -3.70883435e-01, -3.58212948e-01, -3.27059805e-01, -3.06202173e-01, -2.43355691e-01, -3.55340004e-01, -3.58510911e-01, -4.17474389e-01, -4.27400827e-01, -3.11667919e-01, -3.28783631e-01, -4.31485772e-01, -4.34142143e-01, -4.42980051e-01, -4.08618361e-01, -3.92770857e-01, -3.99452269e-01, -4.03101027e-01, -3.89330149e-01, 
4.22784239e-01, 4.23168451e-01, 4.23168451e-01, 4.23168451e-01, 4.23168451e-01, 4.23168451e-01, 4.23168451e-01, 4.23168451e-01, 4.23168451e-01, 4.23168451e-01, 4.23168451e-01, 4.23168451e-01, 4.23168451e-01, 4.23168451e-01, 4.23168451e-01, 4.23168451e-01, 4.23168451e-01, 4.23168451e-01, 4.23168451e-01, 4.23168451e-01, 4.23168451e-01, 4.23168451e-01, 4.23168451e-01, 4.23168451e-01, 4.23168451e-01, 4.23168451e-01, 4.23168451e-01, 4.23168451e-01, 4.23168451e-01, 4.19239789e-01, 2.59627074e-01, -4.25421268e-01, -3.40776443e-01, -3.50900948e-01, -1.14317730e-01, -2.82854021e-01, -4.23589468e-01, -2.44791992e-02, -2.86295265e-01, 4.04445887e-01, -4.26213473e-01, -3.18031400e-01, 1.13501847e-02, -4.08109009e-01, 1.06863365e-01, 2.14590043e-01, -2.67552465e-01, -8.15982968e-02, 3.04284185e-01, -1.09784290e-01, -7.41002057e-03, 4.26395148e-01, 1.83131918e-01, -6.11155331e-01, -2.12732777e-01, 1.48425609e-01, 7.27222979e-01, 7.74084806e-01, -2.03580305e-01, -1.86908722e-01, 1.12888083e-01, 8.88335332e-02, -2.75170445e-01, -1.86667830e-01, 4.36620712e-01, -1.58411711e-01, -2.51259178e-01, -2.50092298e-01, -2.92760581e-01, -3.10360312e-01, -3.59882295e-01, -3.40428263e-01, -3.49029005e-01, -3.56501281e-01, -3.59479934e-01, -3.60594094e-01, -3.69475812e-01, -3.94417942e-01, -4.12582934e-01, -3.60413313e-01, -3.84907454e-01, -3.86382163e-01, -3.93501908e-01, -4.10333782e-01, -4.24432725e-01, -3.79505694e-01, -3.73391569e-01, -3.46604377e-01, -2.98359752e-01, -3.26497912e-01, -3.83288413e-01, -3.81193966e-01, -4.07532692e-01, -3.75798732e-01, -3.29696774e-01, -3.06774199e-01, -3.24145287e-01, -2.79400200e-01, -3.65749627e-01, -2.97942162e-01, -3.66802126e-01, -4.23606575e-01, -4.35232490e-01, -4.74573374e-01, -4.37311202e-01, -4.19986337e-01, -4.15701658e-01, -4.05240148e-01, -4.22931194e-01, -4.03196692e-01, -3.93890798e-01, -3.88558954e-01, 
4.22784239e-01, 4.23168451e-01, 4.23168451e-01, 4.23168451e-01, 4.23168451e-01, 4.23168451e-01, 4.23168451e-01, 4.23168451e-01, 4.23168451e-01, 4.23168451e-01, 4.23168451e-01, 4.23168451e-01, 4.23168451e-01, 4.23168451e-01, 4.23168451e-01, 4.23168451e-01, 4.23168451e-01, 4.23168451e-01, 4.23168451e-01, 4.23168451e-01, 4.23168451e-01, 4.23168451e-01, 4.23168451e-01, 4.23168451e-01, 4.23168451e-01, 4.23168451e-01, 4.23168451e-01, 4.23168451e-01, 4.23168451e-01, 4.16878134e-01, 2.76936054e-01, -3.76621306e-01, -2.50665963e-01, -3.40956479e-01, -4.16267812e-01, -2.40369201e-01, -1.73554108e-01, -8.71486142e-02, -3.20154279e-01, -2.85197705e-01, 1.28993058e+00, 1.18765652e-01, 2.39445284e-01, 3.47032547e-01, 9.45538819e-01, 6.80101454e-01, -4.94398952e-01, 8.49626005e-01, 1.35538816e-01, -7.02628493e-02, 8.21015239e-01, -4.85869259e-01, -2.45509267e-01, -5.88817775e-01, 1.76495418e-01, 1.04179382e+00, 2.74585634e-01, 5.27048767e-01, 6.49565816e-01, -1.21600479e-02, -4.97391224e-02, -3.07775497e-01, -2.70397395e-01, -3.11985403e-01, -5.88167369e-01, -1.64176315e-01, -2.55017966e-01, -2.68987983e-01, -2.68648833e-01, -3.12105596e-01, -3.38456333e-01, -3.19793820e-01, -3.40260267e-01, -3.32292825e-01, -3.56865853e-01, -3.79121542e-01, -3.79390389e-01, -4.13300723e-01, -3.99926633e-01, -3.86683822e-01, -3.26617301e-01, -3.37470561e-01, -3.83744299e-01, -4.02546763e-01, -4.05652732e-01, -3.95447075e-01, -3.83942425e-01, -3.16962391e-01, -3.77640784e-01, -3.36604655e-01, -3.26202512e-01, -3.82469386e-01, -3.94302189e-01, -3.79523367e-01, -3.50779444e-01, -3.08290124e-01, -3.26030165e-01, -3.47435296e-01, -3.27815831e-01, -3.14374864e-01, -3.82145286e-01, -3.71083170e-01, -3.65548015e-01, -3.52789462e-01, -3.47853184e-01, -4.03461665e-01, -4.18450445e-01, -4.19444174e-01, -4.22887176e-01, -4.01587784e-01, -3.90443593e-01, -3.90182436e-01, 
4.22784239e-01, 4.23168451e-01, 4.23168451e-01, 4.23168451e-01, 4.23168451e-01, 4.23168451e-01, 4.23168451e-01, 4.23168451e-01, 4.23168451e-01, 4.23168451e-01, 4.23168451e-01, 4.23168451e-01, 4.23168451e-01, 4.23168451e-01, 4.23168451e-01, 4.23168451e-01, 4.23168451e-01, 4.23168451e-01, 4.23168451e-01, 4.23168451e-01, 4.23168451e-01, 4.23168451e-01, 4.23168451e-01, 4.23168451e-01, 4.23168451e-01, 4.23168451e-01, 4.23168451e-01, 4.23168451e-01, 4.23168451e-01, 4.16758567e-01, 1.26479834e-01, -1.56511456e-01, -3.90115142e-01, -3.25963557e-01, -2.75452286e-01, -2.40108632e-02, 9.93667319e-02, 4.93504167e-01, -1.96848273e-01, -4.76592422e-01, -1.14601493e-01, 8.31691206e-01, 9.69134033e-01, 6.54304147e-01, 2.04547718e-02, 2.99288742e-02, 6.44641835e-03, -5.78068376e-01, 9.39704105e-02, 7.01336384e-01, 1.14391498e-01, 6.18680239e-01, 6.44312203e-02, -2.07801998e-01, 5.54076612e-01, -3.48055094e-01, -9.65996027e-01, -5.44559062e-01, 7.71571875e-01, -1.75467934e-02, 6.58466220e-01, 5.10786057e-01, -6.49711311e-01, -2.23203301e-01, -4.81358588e-01, -1.92764759e-01, -1.61768302e-01, -2.44953215e-01, -2.92804599e-01, -3.04380417e-01, -3.17214489e-01, -3.29716891e-01, -3.46016169e-01, -3.82897049e-01, -3.71721268e-01, -4.07985568e-01, -4.21054900e-01, -3.74433160e-01, -4.06925619e-01, -3.72628599e-01, -3.60123873e-01, -3.76504749e-01, -3.81590843e-01, -3.90136063e-01, -3.85055333e-01, -3.94233167e-01, -4.00012791e-01, -3.63952279e-01, -3.68526012e-01, -3.70353401e-01, -3.67027402e-01, -3.74333650e-01, -3.97378147e-01, -3.54559869e-01, -3.50133181e-01, -3.15684646e-01, -3.56387734e-01, -3.90191138e-01, -3.51512134e-01, -3.55833143e-01, -4.10569072e-01, -3.53943348e-01, -3.00272703e-01, -3.52031380e-01, -3.71756881e-01, -4.23540980e-01, -4.17292625e-01, -4.19271737e-01, -4.00783509e-01, -4.05201763e-01, -4.04327571e-01, -3.99239242e-01, 
4.22784239e-01, 4.23168451e-01, 4.23168451e-01, 4.23168451e-01, 4.23168451e-01, 4.23168451e-01, 4.23168451e-01, 4.23168451e-01, 4.23168451e-01, 4.23168451e-01, 4.23168451e-01, 4.23168451e-01, 4.23168451e-01, 4.23168451e-01, 4.23168451e-01, 4.23168451e-01, 4.23168451e-01, 4.23168451e-01, 4.23168451e-01, 4.23168451e-01, 4.23168451e-01, 4.23168451e-01, 4.23168451e-01, 4.23168451e-01, 4.23168451e-01, 4.23168451e-01, 4.23168451e-01, 4.23168451e-01, 4.23168451e-01, 4.07292485e-01, 4.15154487e-01, -1.97650865e-01, -3.34185034e-01, -1.25962704e-01, -1.12556189e-01, -3.22110593e-01, -3.58782738e-01, -2.89723724e-01, -1.50759327e+00, -1.58075476e+00, -7.40214527e-01, 1.26733050e-01, 4.28394377e-01, -7.07151741e-03, -5.82830794e-02, 1.47899032e-01, -4.94835228e-01, 1.01421267e-01, -1.90162361e-01, 5.96885085e-02, 2.29328677e-01, -1.34795576e-01, 4.18950737e-01, -5.37868261e-01, -7.92107582e-02, 1.12271380e+00, -8.03685561e-02, -3.51272702e-01, 3.42472643e-03, -8.94046873e-02, -1.10284798e-01, -6.36447370e-01, -1.21701825e+00, -5.27851462e-01, -9.89748612e-02, -2.25078285e-01, -2.29443461e-01, -2.56030738e-01, -2.90881157e-01, -2.72902668e-01, -3.12503636e-01, -2.94131458e-01, -3.31106395e-01, -3.44090432e-01, -3.88449937e-01, -4.09392297e-01, -4.00143385e-01, -3.71193409e-01, -3.79098535e-01, -3.97944510e-01, -3.19321036e-01, -3.47192556e-01, -3.52874935e-01, -3.47048879e-01, -3.51967216e-01, -3.96818101e-01, -3.80285859e-01, -3.83602470e-01, -3.50639701e-01, -3.69805127e-01, -3.31161022e-01, -4.37455267e-01, -4.04852748e-01, -3.90213311e-01, -3.56177658e-01, -3.50613207e-01, -2.82585740e-01, -3.80164921e-01, -3.52369756e-01, -3.91554415e-01, -4.21125352e-01, -3.89325738e-01, -3.56534243e-01, -3.58599633e-01, -4.36431050e-01, -4.26433712e-01, -4.33971494e-01, -4.19144303e-01, -4.29219931e-01, -4.14520055e-01, -3.84304702e-01, -3.78432870e-01, 
4.22784239e-01, 4.23168451e-01, 4.23168451e-01, 4.23168451e-01, 4.23168451e-01, 4.23168451e-01, 4.23168451e-01, 4.23168451e-01, 4.23168451e-01, 4.23168451e-01, 4.23168451e-01, 4.23168451e-01, 4.23168451e-01, 4.23168451e-01, 4.23168451e-01, 4.23168451e-01, 4.23168451e-01, 4.23168451e-01, 4.23168451e-01, 4.23168451e-01, 4.23168451e-01, 4.23168451e-01, 4.23168451e-01, 4.23168451e-01, 4.23168451e-01, 4.23168451e-01, 4.23168451e-01, 4.23168451e-01, 4.23781097e-01, 3.81394416e-01, -1.31759420e-01, -4.95578825e-01, -1.97790712e-01, -3.94046396e-01, -3.95455778e-01, -1.71416342e-01, -1.97934628e-01, -7.36533642e-01, -5.26024222e-01, -3.67889136e-01, -3.17302167e-01, -8.67056489e-01, -6.57954440e-03, 1.52119637e-01, 2.86529183e-01, -2.39257202e-01, -2.94218242e-01, 6.74854815e-02, -1.93163395e-01, -1.48779050e-01, 5.09106219e-01, 5.80641806e-01, -1.83771461e-01, -3.03879201e-01, 6.79420352e-01, -3.08113426e-01, -6.33207262e-01, -8.09473157e-01, -8.79873753e-01, 3.53812277e-01, -1.25041115e+00, -5.92531741e-01, -5.44960380e-01, -6.26763940e-01, -3.16927671e-01, -2.25390270e-01, -2.76848853e-01, -2.50059664e-01, -2.64433116e-01, -3.28725159e-01, -3.07243973e-01, -3.01070333e-01, -3.23252290e-01, -3.29886943e-01, -3.79669428e-01, -3.75906616e-01, -3.81443202e-01, -3.89168799e-01, -3.97816241e-01, -3.86505365e-01, -3.77210140e-01, -3.63356739e-01, -3.40013087e-01, -3.62276733e-01, -3.94563317e-01, -4.18581307e-01, -3.85002375e-01, -3.72257829e-01, -3.59386623e-01, -3.79344523e-01, -3.07634532e-01, -3.92052591e-01, -3.93432528e-01, -3.97024632e-01, -3.60172242e-01, -3.84422898e-01, -3.71099293e-01, -3.58536422e-01, -3.37361634e-01, -3.91741931e-01, -3.67336243e-01, -3.58147740e-01, -3.99979800e-01, -4.07579690e-01, -4.00279462e-01, -4.16546553e-01, -4.16990966e-01, -4.21771884e-01, -4.35342520e-01, -4.06299561e-01, -3.89770597e-01, -3.70047063e-01, 
4.22784239e-01, 4.23168451e-01, 4.23168451e-01, 4.23168451e-01, 4.23168451e-01, 4.23168451e-01, 4.23168451e-01, 4.23168451e-01, 4.23168451e-01, 4.23168451e-01, 4.23168451e-01, 4.23168451e-01, 4.23168451e-01, 4.23168451e-01, 4.23168451e-01, 4.23168451e-01, 4.23168451e-01, 4.23168451e-01, 4.23168451e-01, 4.23168451e-01, 4.23168451e-01, 4.23168451e-01, 4.23168451e-01, 4.23168451e-01, 4.23168451e-01, 4.23168451e-01, 4.23168451e-01, 4.23168451e-01, 4.22022253e-01, 3.54835808e-01, -1.20055303e-03, -3.73333901e-01, -3.14620703e-01, -5.70153832e-01, -3.18400532e-01, 4.55384493e-01, 6.84982240e-01, -3.59300412e-02, 6.57589257e-01, 5.40818095e-01, -2.70542175e-01, -4.51266527e-01, -4.58373010e-01, 6.78879172e-02, -2.62041688e-01, -1.19859576e-01, 4.75039780e-01, -1.63194180e-01, 1.94180131e-01, -5.39240122e-01, -2.58437634e-01, -9.12602022e-02, 7.80966878e-01, 9.78947818e-01, 5.90130508e-01, -4.40133125e-01, -6.52647972e-01, -6.70986891e-01, -4.85897541e-01, 4.45074946e-01, 1.43420165e-02, -1.05534002e-01, 1.24963120e-01, 4.70710546e-03, -3.05381477e-01, -1.62809849e-01, -2.31628552e-01, -2.52421945e-01, -2.85897076e-01, -3.06079149e-01, -2.91356385e-01, -3.02138746e-01, -3.22987735e-01, -3.63911629e-01, -3.70390952e-01, -3.93012583e-01, -3.91779363e-01, -3.71823967e-01, -3.91171426e-01, -4.03642476e-01, -3.68804604e-01, -3.36111903e-01, -3.55131119e-01, -3.85182858e-01, -4.20238197e-01, -4.11065221e-01, -4.00338709e-01, -3.85529310e-01, -3.61680031e-01, -3.43172669e-01, -3.03226829e-01, -4.00365323e-01, -3.77597064e-01, -3.75920147e-01, -3.65367144e-01, -3.38617921e-01, -3.53134513e-01, -3.65961909e-01, -3.57581764e-01, -3.86922181e-01, -3.42062861e-01, -3.37327510e-01, -3.76928359e-01, -3.92822355e-01, -3.61195534e-01, -4.02780622e-01, -4.08816904e-01, -4.08344448e-01, -4.22940284e-01, -4.20779735e-01, -3.90196323e-01, -3.77039313e-01, 
4.22784239e-01, 4.23168451e-01, 4.23168451e-01, 4.23168451e-01, 4.23168451e-01, 4.23168451e-01, 4.23168451e-01, 4.23168451e-01, 4.23168451e-01, 4.23168451e-01, 4.23168451e-01, 4.23168451e-01, 4.23168451e-01, 4.23168451e-01, 4.23168451e-01, 4.23168451e-01, 4.23168451e-01, 4.23168451e-01, 4.23168451e-01, 4.23168451e-01, 4.23168451e-01, 4.23168451e-01, 4.23168451e-01, 4.23168451e-01, 4.23168451e-01, 4.23168451e-01, 4.23168451e-01, 4.23168451e-01, 4.20257449e-01, 3.75440419e-01, -4.70594466e-01, -1.99431509e-01, -4.28533196e-01, -3.79065156e-01, -2.51013607e-01, -5.12189269e-01, 8.57391134e-02, -1.76093623e-01, 2.81871706e-01, 2.47329772e-02, -2.29983032e-01, 3.07859689e-01, -3.90938431e-01, 3.67859840e-01, -2.54257973e-02, -4.35823411e-01, -4.85491633e-01, -4.14756835e-01, -1.39423311e-01, -4.62885171e-01, 4.31852967e-01, 4.97530878e-01, 4.20070052e-01, 5.91642320e-01, 1.69049129e-01, 1.32042095e-01, -1.27885854e+00, -6.92007840e-01, 2.52784669e-01, -2.48560548e-01, -6.49499834e-01, -5.40466428e-01, -6.68299317e-01, -2.53938735e-01, -4.58350182e-01, -1.70601681e-01, -2.62518823e-01, -2.59640992e-01, -2.99076170e-01, -2.99727172e-01, -3.20706874e-01, -3.13102722e-01, -3.28138560e-01, -3.49461377e-01, -3.71359825e-01, -3.63778383e-01, -3.74274015e-01, -3.73665363e-01, -3.77255172e-01, -4.00848061e-01, -3.84609282e-01, -3.15458715e-01, -3.61943126e-01, -4.06052709e-01, -4.03376490e-01, -3.88918370e-01, -3.89461726e-01, -3.68962467e-01, -3.66206944e-01, -3.92998189e-01, -3.85445178e-01, -4.07843411e-01, -3.78130019e-01, -3.94824982e-01, -3.65450889e-01, -3.19843054e-01, -3.76918852e-01, -3.84276778e-01, -3.59206945e-01, -4.11613375e-01, -3.71516854e-01, -3.85782778e-01, -3.73353809e-01, -3.73192251e-01, -3.85705799e-01, -4.20355231e-01, -4.14556116e-01, -4.08618212e-01, -4.10933882e-01, -4.34203357e-01, -4.00344908e-01, -3.97761941e-01, 
4.24782187e-01, 4.15803045e-01, 4.23168451e-01, 4.23168451e-01, 4.23168451e-01, 4.23168451e-01, 4.23168451e-01, 4.23168451e-01, 4.23168451e-01, 4.23168451e-01, 4.23168451e-01, 4.23168451e-01, 4.23168451e-01, 4.23168451e-01, 4.23168451e-01, 4.23168451e-01, 4.23168451e-01, 4.23168451e-01, 4.23168451e-01, 4.23168451e-01, 4.23168451e-01, 4.23168451e-01, 4.23168451e-01, 4.23168451e-01, 4.23168451e-01, 4.23168451e-01, 4.23168451e-01, 4.23168451e-01, 4.20221269e-01, 1.81046113e-01, -4.76767093e-01, -1.82519570e-01, -2.88602710e-01, -2.89658934e-01, 1.10133424e-01, -7.88925469e-01, 2.03766525e-02, -2.01840058e-01, 3.36988300e-01, -6.21106550e-02, -6.34251177e-01, -3.68908435e-01, -2.76711464e-01, -3.06912372e-03, -1.44723989e-03, -2.60659754e-01, 8.09658915e-02, 5.85803762e-04, -7.53952563e-01, -4.44715112e-01, -3.26022446e-01, 5.40251732e-01, 3.63409519e-01, 4.63977486e-01, 2.91142821e-01, 3.84091675e-01, 4.02559549e-01, 9.55763817e-01, 6.07168555e-01, -2.29356557e-01, -4.35398936e-01, -3.29884440e-01, -2.65216857e-01, 3.62054147e-02, -9.91498977e-02, -2.44203150e-01, -2.63378859e-01, -2.59316146e-01, -2.65031159e-01, -3.01902682e-01, -2.44657189e-01, -3.09632599e-01, -3.25682640e-01, -3.42281461e-01, -3.53385836e-01, -3.52624208e-01, -4.04410034e-01, -4.15569127e-01, -3.94247651e-01, -3.73942316e-01, -3.99791867e-01, -3.78144860e-01, -3.70702833e-01, -4.12098408e-01, -4.05445397e-01, -3.97791684e-01, -3.87426883e-01, -3.89928907e-01, -4.29019243e-01, -4.02578354e-01, -3.60739172e-01, -4.00284261e-01, -3.71740341e-01, -3.86806160e-01, -4.01555419e-01, -3.54923695e-01, -4.05769974e-01, -3.51658583e-01, -4.04347241e-01, -4.21380013e-01, -3.57179344e-01, -3.72997284e-01, -3.96397054e-01, -4.37584579e-01, -4.53348190e-01, -4.32041019e-01, -4.25660521e-01, -4.16463137e-01, -3.96928459e-01, -4.08899397e-01, -3.97395462e-01, -3.94461066e-01, 
4.24676865e-01, 4.29755837e-01, 4.23168451e-01, 4.23168451e-01, 4.23168451e-01, 4.23168451e-01, 4.23168451e-01, 4.23168451e-01, 4.23168451e-01, 4.23168451e-01, 4.23168451e-01, 4.23168451e-01, 4.23168451e-01, 4.23168451e-01, 4.23168451e-01, 4.23168451e-01, 4.23168451e-01, 4.23168451e-01, 4.23168451e-01, 4.23168451e-01, 4.23168451e-01, 4.23168451e-01, 4.23168451e-01, 4.23168451e-01, 4.23168451e-01, 4.23168451e-01, 4.23168451e-01, 4.23168451e-01, 4.34110761e-01, 2.56939888e-01, -4.19412941e-01, -3.70269686e-01, -4.37947303e-01, -3.12312573e-01, -5.99889278e-01, -1.10179372e-01, 1.40498862e-01, -2.01830074e-01, 3.61188143e-01, -1.15904607e-01, -1.04733214e-01, 2.41788015e-01, -3.07529360e-01, -2.01764151e-01, 1.34725749e-01, -4.06126291e-01, -5.48142731e-01, 1.03864469e-01, 2.62585729e-01, 3.58267903e-01, 5.53032696e-01, 3.42106193e-01, 3.26705307e-01, -2.02474564e-01, -1.98450899e+00, -1.21954024e+00, -7.20638335e-01, 6.84298575e-01, 3.58354360e-01, 4.17802930e-02, -7.48999178e-01, -2.69960053e-02, -3.70066881e-01, 5.07018745e-01, 8.47152770e-02, -2.40053564e-01, -2.36264527e-01, -2.38138855e-01, -2.18709677e-01, -2.91475296e-01, -3.07183743e-01, -3.35690618e-01, -3.47748876e-01, -3.38783294e-01, -3.51168424e-01, -3.37044954e-01, -3.93710822e-01, -3.76168728e-01, -3.78710151e-01, -3.97785723e-01, -4.08167809e-01, -3.77931148e-01, -3.70916337e-01, -4.06310916e-01, -3.95901382e-01, -3.90868962e-01, -3.76192212e-01, -4.00383025e-01, -4.02514607e-01, -3.99905443e-01, -4.23970252e-01, -3.84774923e-01, -3.56815577e-01, -3.46251309e-01, -3.91207516e-01, -3.93046558e-01, -4.24924493e-01, -3.74433041e-01, -3.76836836e-01, -3.53285044e-01, -3.63256991e-01, -3.56561095e-01, -3.89695853e-01, -3.98240060e-01, -4.00306255e-01, -4.19762939e-01, -4.05588120e-01, -3.97613287e-01, -4.15559947e-01, -4.21679527e-01, -4.07635868e-01, -3.98674101e-01, 
4.18152541e-01, 4.20256048e-01, 4.23168451e-01, 4.23168451e-01, 4.23168451e-01, 4.23168451e-01, 4.23168451e-01, 4.23168451e-01, 4.23168451e-01, 4.23168451e-01, 4.23168451e-01, 4.23168451e-01, 4.23168451e-01, 4.23168451e-01, 4.23168451e-01, 4.23168451e-01, 4.23168451e-01, 4.23168451e-01, 4.23168451e-01, 4.23168451e-01, 4.23168451e-01, 4.23168451e-01, 4.23168451e-01, 4.23168451e-01, 4.23168451e-01, 4.23168451e-01, 4.23168451e-01, 4.23168451e-01, 4.07579690e-01, 1.59761980e-01, -2.10147634e-01, -4.47973877e-01, -3.93660277e-01, -4.18998659e-01, -2.20594257e-01, 2.72737205e-01, 4.84792367e-02, -7.46503025e-02, 4.67055678e-01, 4.34762508e-01, 4.87488925e-01, 2.67921478e-01, -1.90235153e-01, 3.15898955e-02, 1.42477140e-01, -4.26367372e-01, -4.35328901e-01, -6.73012316e-01, -5.49228609e-01, 2.72887290e-01, 3.84532094e-01, 4.65581566e-01, 8.69539678e-02, 3.93194586e-01, 1.28163075e+00, 6.27368152e-01, -3.50761294e-01, -1.05696225e+00, -1.00368954e-01, -1.55372545e-01, -6.63565993e-01, -3.71627659e-01, 2.99033016e-01, -1.08770087e-01, -2.28838578e-01, -2.16969386e-01, -2.04514652e-01, -2.37041950e-01, -2.59742022e-01, -2.66421914e-01, -3.06653380e-01, -2.90741384e-01, -2.79827416e-01, -3.31776977e-01, -3.34762365e-01, -3.50189269e-01, -3.50360632e-01, -3.78841728e-01, -3.87333632e-01, -3.82503867e-01, -3.89174342e-01, -3.71594489e-01, -3.45368207e-01, -4.02038991e-01, -4.01861459e-01, -4.09025639e-01, -3.92367899e-01, -4.03073162e-01, -4.18378502e-01, -4.18414146e-01, -4.05555129e-01, -4.19731915e-01, -3.69312048e-01, -3.54381800e-01, -3.81691307e-01, -3.78744602e-01, -4.07685339e-01, -3.72789264e-01, -4.17668045e-01, -3.10860872e-01, -3.66301835e-01, -3.76180619e-01, -4.09633398e-01, -4.05605227e-01, -4.11686271e-01, -4.28053468e-01, -4.24359947e-01, -4.29103404e-01, -4.21195120e-01, -4.37755138e-01, -4.03062284e-01, -3.92988563e-01, 
4.20007795e-01, 4.23168451e-01, 4.23168451e-01, 4.23168451e-01, 4.23168451e-01, 4.23168451e-01, 4.23168451e-01, 4.23168451e-01, 4.23168451e-01, 4.23168451e-01, 4.23168451e-01, 4.23168451e-01, 4.23168451e-01, 4.23168451e-01, 4.23168451e-01, 4.23168451e-01, 4.23168451e-01, 4.23168451e-01, 4.23168451e-01, 4.23168451e-01, 4.23168451e-01, 4.23168451e-01, 4.23168451e-01, 4.23168451e-01, 4.23168451e-01, 4.23168451e-01, 4.23168451e-01, 4.23168451e-01, 4.03684497e-01, 4.18792933e-01, -4.62178379e-01, -4.37178582e-01, -2.76004583e-01, -2.29565769e-01, -2.02051297e-01, 6.05455786e-02, -2.97755778e-01, 6.57090783e-01, -4.21289533e-01, 7.46968627e-01, 3.33338201e-01, 1.86542481e-01, -4.61141467e-01, -6.47918507e-02, -3.05321589e-02, 5.96231297e-02, -3.21277678e-01, -2.66547501e-01, -2.21710786e-01, 5.21837294e-01, 5.14174998e-01, 5.73071182e-01, -1.48096323e-01, 4.78774786e-01, 3.53233308e-01, 1.92907244e-01, 8.62050891e-01, -5.34090817e-01, 6.08618334e-02, -9.44900885e-02, 3.55113477e-01, -3.36288601e-01, -2.32100934e-01, -3.42768252e-01, -2.98934340e-01, -1.98195383e-01, -1.95622072e-01, -2.04168439e-01, -2.56949723e-01, -2.40198314e-01, -3.02262515e-01, -3.09125215e-01, -3.26635808e-01, -3.05610776e-01, -3.55521917e-01, -3.41656417e-01, -3.44206810e-01, -3.65159422e-01, -3.69452298e-01, -3.75898898e-01, -3.78970027e-01, -3.87315154e-01, -3.52556586e-01, -3.26952308e-01, -4.09687787e-01, -4.18435484e-01, -4.04128969e-01, -4.17700410e-01, -3.73548627e-01, -4.03416008e-01, -4.08625007e-01, -3.97782028e-01, -3.53597492e-01, -3.71670425e-01, -3.54429424e-01, -3.65420610e-01, -4.03375983e-01, -3.71851593e-01, -4.05973136e-01, -3.54755670e-01, -3.78115147e-01, -3.96430701e-01, -4.10843521e-01, -3.94561797e-01, -4.21484351e-01, -4.08865958e-01, -4.19932038e-01, -4.11107868e-01, -4.13307875e-01, -4.14345115e-01, -4.14166600e-01, -3.98085922e-01, 
4.16940182e-01, 4.23168451e-01, 4.23168451e-01, 4.23168451e-01, 4.23168451e-01, 4.23168451e-01, 4.23168451e-01, 4.23168451e-01, 4.23168451e-01, 4.23168451e-01, 4.23168451e-01, 4.23168451e-01, 4.23168451e-01, 4.23168451e-01, 4.23168451e-01, 4.23168451e-01, 4.23168451e-01, 4.23168451e-01, 4.23168451e-01, 4.23168451e-01, 4.23168451e-01, 4.23168451e-01, 4.23168451e-01, 4.23168451e-01, 4.23168451e-01, 4.28725362e-01, 4.25146461e-01, 4.28224951e-01, 4.14353579e-01, -7.99456835e-02, -4.67631489e-01, -3.32739711e-01, -2.99100459e-01, -3.12042236e-01, -1.68582276e-01, -1.22933850e-01, -8.49609137e-01, 5.43251395e-01, -1.30617157e-01, 3.99875343e-02, 1.01703823e-01, -2.94517368e-01, -5.43286860e-01, 1.87309925e-02, -9.23594013e-02, 1.06336609e-01, 7.26179928e-02, -2.75306493e-01, -3.06751668e-01, 6.55259132e-01, 4.70842540e-01, 8.34849253e-02, -2.06894144e-01, 3.52936804e-01, -2.95016989e-02, 9.48754311e-01, 6.04367673e-01, 4.42163676e-01, -4.43342514e-02, -1.11376271e-01, -4.87598777e-02, -1.13222852e-01, 3.50009441e-01, -1.69592187e-01, -1.78869292e-01, -1.69291258e-01, -1.87439114e-01, -2.69979626e-01, -3.01474571e-01, -2.71324575e-01, -2.49927998e-01, -2.55604297e-01, -3.13041955e-01, -3.05831790e-01, -3.71519089e-01, -3.62086266e-01, -3.57969195e-01, -3.74040872e-01, -3.82891655e-01, -3.94803107e-01, -3.86679113e-01, -3.75844896e-01, -3.65013659e-01, -3.57066989e-01, -4.05987442e-01, -4.03946489e-01, -4.19742703e-01, -3.93725693e-01, -3.77952695e-01, -4.03421253e-01, -4.18491453e-01, -4.23698872e-01, -3.93131047e-01, -3.52488786e-01, -3.83005351e-01, -3.85811716e-01, -3.95924449e-01, -3.73340935e-01, -3.85794491e-01, -3.75760257e-01, -3.98780912e-01, -3.94500017e-01, -3.99527401e-01, -3.95523220e-01, -4.21690434e-01, -4.21255261e-01, -4.16905910e-01, -4.16040152e-01, -4.18223292e-01, -4.26418573e-01, -4.17040884e-01, -4.06968236e-01, 
4.24295455e-01, 4.23168451e-01, 4.23168451e-01, 4.23168451e-01, 4.23168451e-01, 4.23168451e-01, 4.23168451e-01, 4.23168451e-01, 4.23168451e-01, 4.23168451e-01, 4.23168451e-01, 4.23168451e-01, 4.23168451e-01, 4.23168451e-01, 4.23168451e-01, 4.23168451e-01, 4.23168451e-01, 4.23168451e-01, 4.23168451e-01, 4.23168451e-01, 4.23168451e-01, 4.23168451e-01, 4.23168451e-01, 4.23168451e-01, 4.23168451e-01, 4.26813573e-01, 4.49544102e-01, 3.15481305e-01, 3.61316234e-01, -4.05199796e-01, -3.05090368e-01, -1.88483343e-01, -4.26078856e-01, -3.57206702e-01, -3.09225470e-01, -4.03269857e-01, -1.05437651e-01, 3.21674883e-01, 1.00396061e+00, -1.30792487e+00, -9.05834019e-01, -1.03599477e+00, -3.91104817e-01, -5.80405444e-02, -1.64241999e-01, -8.19360316e-02, -5.94623610e-02, -5.05503237e-01, -4.65379469e-02, 4.51959297e-02, 4.17990386e-01, -6.75210655e-01, 1.66428447e-01, 2.83255726e-01, -2.28424780e-02, -1.58049464e+00, 1.71223432e-01, -5.49758710e-02, 4.43839580e-01, 3.01086396e-01, 1.40507743e-01, -4.96305019e-01, 3.61443371e-01, -1.15804024e-01, -6.70040846e-02, -1.72338992e-01, -1.63451508e-01, -2.19229311e-01, -2.74795234e-01, -2.73156464e-01, -2.37030342e-01, -2.82606125e-01, -3.13427538e-01, -2.83122838e-01, -3.30759913e-01, -3.73971820e-01, -3.72178555e-01, -3.97497088e-01, -4.02872384e-01, -3.64097357e-01, -3.90299678e-01, -3.64837766e-01, -3.74536961e-01, -3.80635589e-01, -3.93678904e-01, -4.03569371e-01, -4.11944628e-01, -3.87980461e-01, -3.66939902e-01, -3.83867860e-01, -4.08878297e-01, -3.94859582e-01, -4.07330841e-01, -3.76540184e-01, -3.55594128e-01, -3.57941985e-01, -3.75549585e-01, -3.68766338e-01, -3.65049213e-01, -3.56312871e-01, -3.67086947e-01, -3.80820483e-01, -4.09597784e-01, -3.92251313e-01, -4.30058748e-01, -4.28510994e-01, -4.20100719e-01, -4.19519871e-01, -4.18770194e-01, -4.08652335e-01, -4.08643514e-01, -4.16510999e-01, 
4.39120680e-01, 4.23168451e-01, 4.23168451e-01, 4.23168451e-01, 4.23168451e-01, 4.23168451e-01, 4.23168451e-01, 4.23168451e-01, 4.23168451e-01, 4.23168451e-01, 4.23168451e-01, 4.23168451e-01, 4.23168451e-01, 4.23168451e-01, 4.23168451e-01, 4.23168451e-01, 4.23168451e-01, 4.23168451e-01, 4.23168451e-01, 4.23168451e-01, 4.23168451e-01, 4.23168451e-01, 4.23168451e-01, 4.23168451e-01, 4.23168451e-01, 4.24997360e-01, 4.27850991e-01, 4.16774362e-01, 4.78822410e-01, 1.42345235e-01, 1.38227418e-01, -1.04032665e-01, -2.31690139e-01, -3.17144275e-01, -2.41097033e-01, -3.65138620e-01, -4.14209604e-01, -2.61331558e-01, 4.95146185e-01, 1.11053324e+00, 1.69647610e+00, 1.16232109e+00, -1.29967839e-01, -2.98066791e-02, 3.51634659e-02, -4.90495801e-01, -3.00781071e-01, -1.20029740e-01, -2.77968943e-01, 4.07929987e-01, 4.37873304e-01, -2.91611493e-01, -2.96051532e-01, 5.94953187e-02, 2.56132722e-01, 3.24586123e-01, 3.74892443e-01, -2.31394425e-01, 2.78975427e-01, 2.49992535e-01, -1.25045821e-01, -1.21762283e-01, 1.70115232e-01, 8.68262112e-01, 3.33539695e-02, -2.26454124e-01, -1.92386374e-01, -1.73963010e-01, -2.20301434e-01, -2.32799709e-01, -2.48648107e-01, -3.02787066e-01, -2.87757844e-01, -3.12527120e-01, -3.15856725e-01, -3.49493802e-01, -3.81892323e-01, -3.91424686e-01, -4.03385490e-01, -3.81833255e-01, -3.82657528e-01, -3.62540394e-01, -3.58705699e-01, -3.38838786e-01, -3.58952492e-01, -4.07036126e-01, -4.07001913e-01, -3.81475985e-01, -3.53752196e-01, -3.64031792e-01, -4.01322693e-01, -4.10211235e-01, -3.98421198e-01, -3.89396131e-01, -3.97028923e-01, -3.86057734e-01, -3.74791652e-01, -3.69318277e-01, -3.65761817e-01, -3.32219660e-01, -3.56624395e-01, -3.66262466e-01, -3.85401756e-01, -4.11229461e-01, -4.16540533e-01, -4.10811216e-01, -4.15579945e-01, -4.16754037e-01, -4.21274930e-01, -4.17133719e-01, -4.16879922e-01, -4.19162422e-01, 
4.24636573e-01, 4.25696641e-01, 4.23168451e-01, 4.23168451e-01, 4.23168451e-01, 4.23168451e-01, 4.23168451e-01, 4.23168451e-01, 4.23168451e-01, 4.23168451e-01, 4.23168451e-01, 4.23168451e-01, 4.23168451e-01, 4.23168451e-01, 4.23168451e-01, 4.23168451e-01, 4.23168451e-01, 4.23168451e-01, 4.23168451e-01, 4.23168451e-01, 4.23168451e-01, 4.23168451e-01, 4.23168451e-01, 4.23168451e-01, 4.23168451e-01, 4.23168451e-01, 4.23168451e-01, 4.02288079e-01, 4.09255207e-01, 1.95554048e-01, -3.17543924e-01, -1.61330611e-01, -8.19423199e-02, -8.44637677e-02, -2.32333779e-01, -7.33394504e-01, -9.33526456e-01, -4.43307132e-01, -1.08819298e-01, 4.34800446e-01, 4.72917557e-01, 4.75265473e-01, -6.04520366e-03, -3.87572169e-01, -4.47751909e-01, -3.25969189e-01, -1.79749429e-01, 6.83256239e-02, -1.74741551e-01, 5.92343211e-01, 2.49941334e-01, -5.00630796e-01, -5.45113742e-01, 1.15977056e-01, 1.97340265e-01, 6.82570755e-01, 3.96636367e-01, -3.67827535e-01, 3.54261696e-01, -3.61714274e-01, 3.66961569e-01, -3.10239196e-01, 9.62832421e-02, 1.36432692e-01, -3.72721404e-02, -2.12233365e-01, -2.02778980e-01, -1.94356918e-01, -2.01239750e-01, -2.01708540e-01, -2.51738727e-01, -3.40264618e-01, -3.23956966e-01, -3.52769315e-01, -3.13487351e-01, -3.66712987e-01, -3.58932495e-01, -3.89881372e-01, -3.87371957e-01, -4.07425404e-01, -3.93162161e-01, -4.20536757e-01, -4.29175943e-01, -3.28882515e-01, -3.27685207e-01, -3.75864863e-01, -4.39949155e-01, -4.05946434e-01, -4.00772333e-01, -3.91695112e-01, -4.18078929e-01, -4.12479907e-01, -3.95031571e-01, -4.19713795e-01, -4.03833717e-01, -3.96972030e-01, -3.97134334e-01, -4.12340373e-01, -3.73689592e-01, -3.90082538e-01, -3.93573612e-01, -3.65869582e-01, -3.59383613e-01, -3.92165035e-01, -4.07186717e-01, -4.01867181e-01, -4.07273263e-01, -4.11497891e-01, -4.23351914e-01, -4.14771587e-01, -4.16824967e-01, -4.12644476e-01, 
4.23980415e-01, 4.17863339e-01, 4.23168451e-01, 4.23168451e-01, 4.23168451e-01, 4.23168451e-01, 4.23168451e-01, 4.23168451e-01, 4.23168451e-01, 4.23168451e-01, 4.23168451e-01, 4.23168451e-01, 4.23168451e-01, 4.23168451e-01, 4.23168451e-01, 4.23168451e-01, 4.23168451e-01, 4.23168451e-01, 4.23168451e-01, 4.23168451e-01, 4.23168451e-01, 4.23168451e-01, 4.23168451e-01, 4.23168451e-01, 4.23168451e-01, 4.23168451e-01, 4.23168451e-01, 4.83158410e-01, 4.91743267e-01, -1.43494219e-01, -5.28895617e-01, -1.16088785e-01, -3.54755670e-01, -1.72385737e-01, -2.48256177e-01, -2.95045167e-01, -3.36496085e-01, -8.77655864e-01, 4.51664254e-02, 1.86152652e-01, 2.34479651e-01, -6.88794911e-01, -3.57916951e-01, -4.36483562e-01, -3.74283373e-01, 1.09752774e-01, 7.92384222e-02, 5.62278815e-02, 1.70433685e-01, 1.71675891e-01, -2.25651577e-01, -3.48196059e-01, -1.71254069e-01, 8.78769234e-02, 5.02365887e-01, 5.23689568e-01, -6.23922408e-01, 5.25116682e-01, 2.27642953e-01, 4.00778055e-01, -1.78939641e-01, -2.59272784e-01, -3.47644910e-02, -7.73525834e-02, -3.43044907e-01, -2.09069550e-01, -2.16453850e-01, -1.98681042e-01, -1.87990993e-01, -2.20218450e-01, -2.48152405e-01, -2.62129724e-01, -3.18410099e-01, -3.06046337e-01, -3.36494625e-01, -3.36928368e-01, -3.55722010e-01, -4.00062680e-01, -3.87836277e-01, -4.13312078e-01, -4.00649130e-01, -4.19845819e-01, -4.20571834e-01, -3.70889813e-01, -3.68836343e-01, -3.83369148e-01, -4.25431550e-01, -4.24695104e-01, -3.77138048e-01, -3.79961282e-01, -4.02915567e-01, -4.35013443e-01, -4.31718051e-01, -3.82329106e-01, -4.10059601e-01, -4.18718666e-01, -3.95453781e-01, -4.35714841e-01, -3.91965687e-01, -3.76503080e-01, -4.19218034e-01, -4.06872481e-01, -3.85234267e-01, -3.89994889e-01, -3.71471971e-01, -3.80154341e-01, -4.07091051e-01, -4.04305011e-01, -4.17731196e-01, -3.99192363e-01, -4.04644579e-01, -4.27604824e-01, 
4.23008382e-01, 4.29371625e-01, 4.23168451e-01, 4.23168451e-01, 4.23168451e-01, 4.23168451e-01, 4.23168451e-01, 4.23168451e-01, 4.23168451e-01, 4.23168451e-01, 4.23168451e-01, 4.23168451e-01, 4.23168451e-01, 4.23168451e-01, 4.23168451e-01, 4.23168451e-01, 4.23168451e-01, 4.23168451e-01, 4.23168451e-01, 4.23168451e-01, 4.23168451e-01, 4.23168451e-01, 4.23168451e-01, 4.23168451e-01, 4.23168451e-01, 4.23168451e-01, 4.23168451e-01, 4.45204079e-01, 1.72889039e-01, -8.20860028e-01, -3.77295315e-01, -1.42148539e-01, -2.19142556e-01, -3.60186756e-01, -5.09651423e-01, -4.88430858e-01, -3.65808427e-01, -5.52192926e-01, -6.11838460e-01, -5.50530553e-01, -1.70430362e-01, -2.75120348e-01, -2.61273474e-01, -3.00006509e-01, -2.65910387e-01, 1.69527858e-01, 4.82536793e-01, 3.76004912e-03, -3.13162655e-01, 5.28644323e-02, 1.45125575e-03, 1.83493108e-01, -1.79355159e-01, -5.44326782e-01, 3.31593245e-01, -5.24852872e-01, -6.18703067e-01, 6.98109865e-01, -5.00070810e-01, 7.23087370e-01, -6.38865888e-01, -1.63320422e-01, -1.84895188e-01, -3.20825204e-02, -1.44493103e-01, -1.10433899e-01, -1.75236017e-01, -2.40065008e-01, -3.06871861e-01, -3.33525807e-01, -2.37020060e-01, -2.81011194e-01, -2.40508944e-01, -2.91057348e-01, -3.05343002e-01, -3.51052225e-01, -3.71036083e-01, -3.82108092e-01, -3.63405168e-01, -3.84891868e-01, -3.92869860e-01, -4.00668263e-01, -3.92967969e-01, -3.78174573e-01, -3.78836066e-01, -4.04397160e-01, -3.94439936e-01, -4.08192903e-01, -3.71082753e-01, -3.91954482e-01, -4.02145237e-01, -4.09383744e-01, -3.95624459e-01, -3.73749942e-01, -3.58599842e-01, -4.06755298e-01, -4.11425173e-01, -4.13734108e-01, -3.75204772e-01, -3.65129471e-01, -3.80772471e-01, -3.98366719e-01, -3.91540587e-01, -4.09124196e-01, -3.83635938e-01, -3.88553411e-01, -3.96779507e-01, -4.20504361e-01, -4.08809453e-01, -4.08171445e-01, -3.90684932e-01, -4.15950686e-01, 
4.17033285e-01, 4.15731698e-01, 4.18101698e-01, 4.23168451e-01, 4.23168451e-01, 4.23168451e-01, 4.23168451e-01, 4.23168451e-01, 4.23168451e-01, 4.23168451e-01, 4.23168451e-01, 4.23168451e-01, 4.23168451e-01, 4.23168451e-01, 4.23168451e-01, 4.23168451e-01, 4.23168451e-01, 4.23168451e-01, 4.23168451e-01, 4.23168451e-01, 4.23168451e-01, 4.23168451e-01, 4.23168451e-01, 4.23168451e-01, 4.23168451e-01, 4.23168451e-01, 4.23168451e-01, 4.38540548e-01, 3.85200530e-01, -4.19684440e-01, -4.30106729e-01, -2.18486398e-01, -3.43307555e-01, -6.25989020e-01, -1.12384722e-01, -4.14957076e-01, -3.38850677e-01, -4.48126376e-01, -6.12898827e-01, -7.30309963e-01, -1.65642202e-01, -7.69344568e-01, -3.50182295e-01, -3.14697176e-01, -2.65086949e-01, -1.13993943e-01, -9.43792537e-02, 1.59864202e-01, 2.14565232e-01, -6.38544381e-01, -5.05332947e-01, -3.22980732e-01, 9.50992763e-01, 5.82370698e-01, -1.32044268e+00, 3.29590589e-01, 9.63645518e-01, -4.54292864e-01, -2.50242293e-01, 1.17400521e-02, -1.93395942e-01, -5.96521497e-01, -1.25373513e-01, -3.08760256e-02, -1.32159740e-01, -4.19940948e-02, -1.71163619e-01, -6.01246580e-02, 1.26368970e-01, -1.61845222e-01, -2.64019947e-02, -1.82788163e-01, -1.64908990e-01, -2.06855133e-01, -2.62968302e-01, -3.61660838e-01, -3.67330283e-01, -3.90253186e-01, -3.72330725e-01, -3.98310363e-01, -3.92856359e-01, -3.92075419e-01, -3.91934425e-01, -4.02709574e-01, -3.23034525e-01, -3.89598310e-01, -4.04188067e-01, -3.90136749e-01, -4.08116013e-01, -3.92124772e-01, -3.96823615e-01, -3.88253033e-01, -4.13376778e-01, -4.06006604e-01, -3.69439989e-01, -3.95289660e-01, -4.15282100e-01, -4.12503242e-01, -3.96529794e-01, -3.74113768e-01, -3.72853041e-01, -4.00521934e-01, -3.96847993e-01, -4.12946641e-01, -3.66982877e-01, -3.93002033e-01, -4.28592116e-01, -4.21357185e-01, -4.08877373e-01, -4.18629378e-01, -4.37734038e-01, -4.11029547e-01, 
4.19659466e-01, 4.23462003e-01, 4.22784239e-01, 4.23168451e-01, 4.23168451e-01, 4.23168451e-01, 4.23168451e-01, 4.23168451e-01, 4.23168451e-01, 4.23168451e-01, 4.23168451e-01, 4.23168451e-01, 4.23168451e-01, 4.23168451e-01, 4.23168451e-01, 4.23168451e-01, 4.23168451e-01, 4.23168451e-01, 4.23168451e-01, 4.23168451e-01, 4.23168451e-01, 4.23168451e-01, 4.23168451e-01, 4.23168451e-01, 4.23168451e-01, 4.23168451e-01, 4.21327204e-01, 3.98727089e-01, 2.02087373e-01, -2.52302259e-01, -3.50407600e-01, -6.02397859e-01, -9.04424906e-01, -6.55552626e-01, -4.96377826e-01, -4.48483288e-01, -5.17321885e-01, -1.53354213e-01, -1.42172366e-01, -9.97714028e-02, -5.86511195e-01, -1.73868418e-01, -4.53662515e-01, -4.63392764e-01, -3.64413410e-01, -3.54040205e-01, -2.19331101e-01, 1.80158287e-01, -2.11242028e-03, -2.77041733e-01, -4.94206131e-01, -4.55009341e-01, 3.15472454e-01, 5.13651788e-01, 5.45168340e-01, 2.65924215e-01, -3.62322986e-01, 4.20196280e-02, 1.17287815e-01, -1.26243562e-01, 4.36289340e-01, 2.63433397e-01, 2.76962407e-02, -4.11893040e-01, -2.64328271e-01, -5.06742448e-02, 4.28562686e-02, -2.04151958e-01, -2.20795602e-01, -1.37968864e-02, -2.19546288e-01, -2.11402059e-01, -2.65330553e-01, -6.99663088e-02, -2.38004118e-01, -1.76178485e-01, -2.08334327e-01, -2.94757575e-01, -3.44878912e-01, -3.67178857e-01, -3.81714553e-01, -3.80401671e-01, -4.10237461e-01, -3.88272762e-01, -3.51095796e-01, -3.61231953e-01, -4.04290825e-01, -4.27186251e-01, -4.07233447e-01, -3.94424975e-01, -3.74696434e-01, -3.95549744e-01, -4.04912144e-01, -3.99455845e-01, -3.71316642e-01, -3.96970451e-01, -3.90347391e-01, -4.15724307e-01, -4.03515279e-01, -3.94543111e-01, -3.91730189e-01, -3.86893004e-01, -4.27003175e-01, -3.86203647e-01, -3.51220131e-01, -3.43517125e-01, -3.87868583e-01, -3.92137289e-01, -3.95035625e-01, -4.15491849e-01, -4.04168934e-01, -3.94376457e-01, 
4.16063696e-01, 4.19343859e-01, 4.24927741e-01, 4.25842255e-01, 4.23168451e-01, 4.23168451e-01, 4.23168451e-01, 4.23168451e-01, 4.23168451e-01, 4.23168451e-01, 4.23168451e-01, 4.23168451e-01, 4.23168451e-01, 4.23168451e-01, 4.23168451e-01, 4.23168451e-01, 4.23168451e-01, 4.23168451e-01, 4.23168451e-01, 4.23168451e-01, 4.23168451e-01, 4.23168451e-01, 4.23168451e-01, 4.23168451e-01, 4.23168451e-01, 4.23168451e-01, 4.21303779e-01, 4.04830873e-01, 1.69791743e-01, -1.42954320e-01, -2.95716017e-01, -4.44807023e-01, -1.70102179e-01, -4.98420328e-01, -3.91283453e-01, -1.65319979e-01, -2.15477735e-01, -3.51622164e-01, 1.48654193e-01, 2.13085249e-01, -9.88654435e-01, -3.26109380e-01, -4.27543133e-01, -3.62187743e-01, -2.21375316e-01, -5.60000129e-02, -3.49029303e-02, -3.22554320e-01, -1.70559481e-01, -3.54764730e-01, -1.62852481e-01, -1.18982159e-01, 1.39856189e-01, 4.05866474e-01, 4.20520812e-01, -5.60130775e-01, 4.07167763e-01, -1.81464940e-01, -7.59482160e-02, 4.18783069e-01, 3.93900454e-01, 2.37616897e-01, -4.64740008e-01, 6.49925530e-01, 3.62153798e-02, -9.38576013e-02, -8.01374465e-02, -2.46331349e-01, -2.60383934e-01, -1.72732979e-01, -2.34526545e-01, -3.27424139e-01, -3.53067189e-01, -4.13264334e-01, -2.87695140e-01, -2.78259814e-01, -2.67031580e-01, -2.66104788e-01, -2.06898659e-01, -2.71258712e-01, -3.85182589e-01, -4.12303060e-01, -4.40044016e-01, -3.98419797e-01, -3.59361649e-01, -3.75435442e-01, -4.10204947e-01, -4.26066369e-01, -4.08935487e-01, -3.75871092e-01, -3.87348145e-01, -4.01296943e-01, -4.13127512e-01, -3.96575809e-01, -3.85692984e-01, -4.26662683e-01, -3.96292299e-01, -4.11497921e-01, -3.91389906e-01, -4.07398939e-01, -3.93038779e-01, -3.94336820e-01, -4.15190071e-01, -4.06790286e-01, -3.99713248e-01, -4.02481616e-01, -3.99871230e-01, -4.12502229e-01, -3.93170327e-01, -4.00298327e-01, -3.95142257e-01, -4.02873933e-01, 
4.24782187e-01, 4.20920789e-01, 4.12006825e-01, 4.19716626e-01, 4.23168451e-01, 4.23168451e-01, 4.23168451e-01, 4.23168451e-01, 4.23168451e-01, 4.23168451e-01, 4.23168451e-01, 4.23168451e-01, 4.23168451e-01, 4.23168451e-01, 4.23168451e-01, 4.23168451e-01, 4.23168451e-01, 4.23168451e-01, 4.23168451e-01, 4.23168451e-01, 4.23168451e-01, 4.23168451e-01, 4.23168451e-01, 4.23168451e-01, 4.23168451e-01, 4.23168451e-01, 4.25020784e-01, 4.19575155e-01, 1.99363321e-01, -5.18687189e-01, -3.81614089e-01, -3.50006908e-01, -1.65160358e-01, -2.20368117e-01, -3.01039636e-01, -3.47269416e-01, -2.37057060e-01, -1.30074009e-01, -2.90304981e-03, -2.69235671e-01, -4.09539521e-01, -4.56873536e-01, -1.52642667e-01, -3.60699773e-01, -3.03605378e-01, -2.63251271e-02, -1.68772385e-01, 1.33132517e-01, -2.06573665e-01, -3.50072324e-01, -1.27121806e-01, -4.56448346e-01, -1.05752952e-01, 1.24983214e-01, -3.44323486e-01, -2.51599461e-01, -1.11854173e-01, -5.06490111e-01, 7.93688651e-03, 3.28489751e-01, 2.01191336e-01, 8.43518257e-01, -4.13385451e-01, -5.24985671e-01, -4.24013615e-01, 2.85858698e-02, -1.36689305e-01, -2.43001580e-01, -1.40726566e-01, -3.34613174e-01, -2.39115596e-01, -1.56780839e-01, -8.83971751e-02, -1.60470217e-01, -1.81052595e-01, -3.85834932e-01, -2.88028508e-01, -2.92164773e-01, -3.37355107e-01, -4.30645138e-01, -3.36989790e-01, -3.97210777e-01, -3.63720626e-01, -3.93232673e-01, -3.88788253e-01, -3.89099270e-01, -4.06094998e-01, -4.15437073e-01, -3.97980273e-01, -3.70431334e-01, -3.84562641e-01, -4.07444865e-01, -4.02586371e-01, -3.85103911e-01, -3.81371737e-01, -4.14371789e-01, -3.90160203e-01, -3.88738215e-01, -3.79690081e-01, -4.25312459e-01, -3.95376712e-01, -4.05197799e-01, -4.13664430e-01, -3.93813729e-01, -3.77433300e-01, -3.60740572e-01, -3.95698428e-01, -3.99022877e-01, -4.08663392e-01, -4.17616814e-01, -4.05618906e-01, -4.06137884e-01, 
4.19849902e-01, 4.19847965e-01, 4.20830995e-01, 4.24636573e-01, 4.25842255e-01, 4.23168451e-01, 4.23168451e-01, 4.23168451e-01, 4.23168451e-01, 4.23168451e-01, 4.23168451e-01, 4.23168451e-01, 4.23168451e-01, 4.23168451e-01, 4.23168451e-01, 4.23168451e-01, 4.23168451e-01, 4.23168451e-01, 4.23168451e-01, 4.23168451e-01, 4.23168451e-01, 4.23168451e-01, 4.23168451e-01, 4.23168451e-01, 4.23168451e-01, 4.23168451e-01, 4.19473171e-01, 3.95317703e-01, 2.63026088e-01, -2.63915092e-01, -4.05026108e-01, -2.90913284e-01, -1.65234357e-01, -3.05025339e-01, -4.09835249e-01, -3.78929377e-01, -2.31128573e-01, 1.16114821e-02, 2.49422014e-01, -1.29717529e-01, 6.81941137e-02, 1.17328644e-01, -3.19634438e-01, -2.76882499e-01, -2.82843739e-01, -2.23903298e-01, 5.38600534e-02, -2.89254189e-01, -2.48098895e-02, -1.55445844e-01, -2.78011799e-01, -3.53165530e-02, -1.39412820e-01, 1.89663202e-01, -2.10585967e-01, 2.48610958e-01, 5.73087096e-01, -5.96863389e-01, 7.45344579e-01, 3.37833732e-01, 6.57364786e-01, 8.04641724e-01, 9.06718001e-02, -1.83771811e-02, 1.81956351e-01, -4.69332457e-01, -2.86854774e-01, -1.57438159e-01, -1.31331787e-01, -6.39581531e-02, -1.47804067e-01, -1.90027654e-01, -3.37814391e-01, -2.67118454e-01, -3.74412924e-01, -2.42144048e-01, -2.42011577e-01, -2.54059672e-01, -2.79280424e-01, -7.23724961e-02, -2.09261566e-01, -1.94054455e-01, -2.40647614e-01, -3.80324781e-01, -3.70409966e-01, -4.41397071e-01, -3.98010641e-01, -4.11916703e-01, -4.25423324e-01, -4.05674994e-01, -4.10269648e-01, -4.03156906e-01, -4.03629690e-01, -3.71001512e-01, -3.74959350e-01, -3.95289958e-01, -3.86972070e-01, -3.70420575e-01, -3.84311706e-01, -4.02795315e-01, -4.25744921e-01, -4.04210001e-01, -3.94182533e-01, -3.83171856e-01, -3.74356031e-01, -3.40324789e-01, -3.65006864e-01, -3.98197353e-01, -4.06266809e-01, -4.02250141e-01, -4.09847260e-01, -4.12334323e-01, 
4.31584746e-01, 4.17401552e-01, 4.31228429e-01, 4.19786304e-01, 4.34822589e-01, 4.23168451e-01, 4.23168451e-01, 4.23168451e-01, 4.23168451e-01, 4.23168451e-01, 4.23168451e-01, 4.23168451e-01, 4.23168451e-01, 4.23168451e-01, 4.23168451e-01, 4.23168451e-01, 4.23168451e-01, 4.23168451e-01, 4.23168451e-01, 4.23168451e-01, 4.23168451e-01, 4.23168451e-01, 4.23168451e-01, 4.23168451e-01, 4.23168451e-01, 4.23168451e-01, 4.24183518e-01, 4.64193851e-01, -3.35391432e-01, -5.26968122e-01, -3.71898830e-01, -3.50118995e-01, -3.05101514e-01, -1.82672769e-01, -2.53199518e-01, -1.30348891e-01, -3.30787033e-01, -4.49832171e-01, -7.23774314e-01, -6.26684368e-01, -1.00793108e-01, 9.05045047e-02, -2.94041067e-01, -2.55788296e-01, -1.47280231e-01, -1.53597102e-01, -1.52480125e-01, -3.11987437e-02, -2.40118146e-01, -1.23756528e-01, -4.27235430e-03, 6.63673412e-03, -3.21619064e-01, -3.84466797e-02, 1.22758281e+00, -3.97741944e-01, 1.15029478e+00, -1.83565080e-01, -3.89917821e-01, 3.21606070e-01, 5.38718283e-01, 5.48340619e-01, 9.55873311e-01, 3.52995962e-01, -3.67403597e-01, -4.34818447e-01, -1.70754418e-01, -2.90793449e-01, -1.86821267e-01, -2.49021649e-01, -4.68109995e-01, -5.22005558e-01, -3.85684669e-01, -2.85425067e-01, -3.37341011e-01, -5.08027852e-01, -3.67422312e-01, -4.55197275e-01, -2.33819827e-01, -5.15238047e-01, -3.93080175e-01, -2.72040576e-01, -1.05058759e-01, 6.86835498e-02, -2.70674258e-01, -3.39956790e-01, -4.05301183e-01, -4.03321236e-01, -3.95024329e-01, -4.00747955e-01, -4.07496691e-01, -3.84662360e-01, -4.20926750e-01, -4.23177153e-01, -3.49516213e-01, -4.09414351e-01, -3.85160744e-01, -3.70196253e-01, -3.89234751e-01, -3.98961306e-01, -4.37664956e-01, -4.11506116e-01, -3.97136331e-01, -4.02849525e-01, -4.37384903e-01, -3.88756871e-01, -3.68146896e-01, -3.58110666e-01, -3.96712273e-01, -4.14915532e-01, -4.13122326e-01, -4.27453429e-01, 
4.17717725e-01, 4.11831915e-01, 4.29351121e-01, 4.20246452e-01, 4.25020784e-01, 4.27694589e-01, 4.25696641e-01, 4.23168451e-01, 4.23168451e-01, 4.23168451e-01, 4.23168451e-01, 4.23168451e-01, 4.23168451e-01, 4.23168451e-01, 4.23168451e-01, 4.23168451e-01, 4.23168451e-01, 4.23168451e-01, 4.23168451e-01, 4.23168451e-01, 4.23168451e-01, 4.23168451e-01, 4.23168451e-01, 4.23168451e-01, 4.23168451e-01, 4.23179448e-01, 4.04818743e-01, -1.22889727e-01, -4.27100599e-01, -2.48652220e-01, -3.88466418e-01, -3.42294127e-01, -1.94327638e-01, -8.33273456e-02, -1.33292735e-01, -2.50130445e-01, -2.58228689e-01, -2.43973762e-01, -2.46637508e-01, -3.04033816e-01, -4.67075229e-01, -2.16319472e-01, 1.95376575e-04, -3.56519669e-01, -2.13500246e-01, -5.50902635e-03, -1.89660177e-01, -6.88162744e-02, -1.40703619e-01, -7.06087351e-02, 2.38375843e-01, 3.36130619e-01, 4.26744550e-01, -3.87949824e-01, 3.52236331e-01, 2.43115813e-01, 1.07861813e-02, -7.21364975e-01, 3.36547405e-01, -5.42846978e-01, 2.48577595e-01, 3.39534163e-01, 3.50969225e-01, -8.87009427e-02, -2.24829674e-01, 4.13350016e-02, -2.44290888e-01, -4.12653983e-02, -5.86974099e-02, -4.15036604e-02, -2.07217515e-01, -2.92532414e-01, -2.64342397e-01, -3.60998422e-01, -3.91623795e-01, -1.88740566e-01, -1.35093302e-01, -1.82213470e-01, -2.43253812e-01, -3.48067045e-01, -2.50068277e-01, -1.53380021e-01, -2.11824805e-01, -3.05144012e-01, -7.63269067e-02, -3.14755708e-01, -3.81570280e-01, -4.01607931e-01, -4.01287466e-01, -4.24950659e-01, -3.81491303e-01, -3.90981257e-01, -3.86915267e-01, -3.88646662e-01, -3.75194252e-01, -3.93190414e-01, -3.76666546e-01, -3.76007617e-01, -3.79777908e-01, -3.89834791e-01, -4.02869701e-01, -4.07202303e-01, -4.12037760e-01, -4.17257190e-01, -3.91420782e-01, -3.56252730e-01, -3.52354825e-01, -3.82266194e-01, -4.11037475e-01, -3.91306669e-01, -4.17262465e-01, -4.10124451e-01, 
4.29318875e-01, 4.15639848e-01, 4.14556175e-01, 4.31782931e-01, 4.21370119e-01, 3.98522049e-01, 4.15189415e-01, 4.23168451e-01, 4.23168451e-01, 4.23168451e-01, 4.23168451e-01, 4.23168451e-01, 4.23168451e-01, 4.23168451e-01, 4.23168451e-01, 4.23168451e-01, 4.23168451e-01, 4.23168451e-01, 4.23168451e-01, 4.23168451e-01, 4.23168451e-01, 4.23168451e-01, 4.23168451e-01, 4.23168451e-01, 4.23168451e-01, 4.14546311e-01, 2.23517686e-01, -5.85892856e-01, -1.08779617e-01, -3.60737890e-01, -2.82282710e-01, -3.37067455e-01, -2.65437424e-01, -2.03663200e-01, -2.39100441e-01, -2.31566474e-01, -1.33183926e-01, -1.14091933e-01, -1.13060847e-01, -1.13537490e-01, 2.68737555e-01, 3.16821933e-02, 2.92566329e-01, -3.54693562e-01, -2.57670045e-01, -5.51391006e-01, -5.64475954e-01, -2.73161590e-01, -4.32179645e-02, -1.53056517e-01, 4.29059744e-01, 4.73113924e-01, 2.01945290e-01, 3.79182935e-01, 7.04226911e-01, 4.55263078e-01, -3.99476588e-01, -3.00583392e-01, 3.09880525e-01, -2.78428584e-01, 1.91883534e-01, 2.12792620e-01, 3.01510572e-01, 9.93459225e-01, -2.79271632e-01, -4.12370563e-01, -3.66197705e-01, 3.68417576e-02, -1.73529059e-01, -1.90536082e-01, -1.66097686e-01, -1.59683168e-01, -3.40939879e-01, -3.70776504e-01, -3.71581495e-01, -4.54521567e-01, -3.14988613e-01, -4.22875434e-02, -2.21032575e-01, -3.56473088e-01, -4.06127363e-01, -2.90262699e-01, -2.96957612e-01, -3.96871209e-01, -4.10584033e-01, -4.18026447e-02, -3.20809692e-01, -3.92715663e-01, -3.97646159e-01, -4.09762442e-01, -4.01739776e-01, -3.86130691e-01, -4.11958158e-01, -4.03721750e-01, -3.89839798e-01, -4.00543749e-01, -4.01049078e-01, -3.95113111e-01, -3.91763568e-01, -3.95612925e-01, -3.91745061e-01, -4.08989072e-01, -4.18876737e-01, -4.18265164e-01, -4.21876907e-01, -3.59804332e-01, -3.73601794e-01, -3.99220526e-01, -4.22143877e-01, -4.24167842e-01, -4.16511267e-01, -4.33686018e-01, 
4.05615211e-01, 4.13994461e-01, 4.30718750e-01, 4.23494548e-01, 4.20629472e-01, 4.21034813e-01, 4.25312549e-01, 4.23168451e-01, 4.23168451e-01, 4.23168451e-01, 4.23168451e-01, 4.23168451e-01, 4.23168451e-01, 4.23168451e-01, 4.23168451e-01, 4.23168451e-01, 4.23168451e-01, 4.23168451e-01, 4.23168451e-01, 4.23168451e-01, 4.23168451e-01, 4.23168451e-01, 4.23168451e-01, 4.23168451e-01, 4.23168451e-01, 4.23745513e-01, 3.49820882e-01, -4.18261498e-01, -2.61624545e-01, -4.37574357e-01, -3.41896653e-01, -1.77551806e-01, -3.51666331e-01, -4.36489284e-01, -4.82367545e-01, -2.75047898e-01, -1.66470692e-01, -2.08721638e-01, -4.84247148e-01, -1.86567158e-01, -6.33020997e-01, -2.85175771e-01, 3.07069570e-01, -4.12277937e-01, -3.27679396e-01, -8.23738873e-02, -1.06888995e-01, -5.38820252e-02, -3.22600216e-01, -1.68219358e-02, 6.22719467e-01, 1.82823285e-01, -5.85375786e-01, 1.62746403e-02, 6.16960526e-01, -5.21014214e-01, -9.59746182e-01, -6.54403627e-01, -4.11214322e-01, -1.29682899e-01, -4.31436598e-01, 2.11018488e-01, 5.35491705e-02, 3.93818170e-01, 2.74327874e-01, -2.70089954e-01, -6.87270164e-01, 3.30805302e-01, -8.51510540e-02, -1.57138318e-01, -5.12000769e-02, -2.30936021e-01, -2.33670413e-01, -1.33938968e-01, -4.06784177e-01, -2.32779756e-01, -1.64286762e-01, -3.03525150e-01, -4.09318209e-01, -7.86986202e-02, -8.10460150e-02, -2.33149230e-01, -4.24987227e-01, -3.95040900e-01, -4.40769047e-01, -3.44416112e-01, -3.45461778e-02, -2.68411160e-01, -4.06489700e-01, -3.98615301e-01, -3.99920046e-01, -3.90977561e-01, -3.71855617e-01, -3.90375614e-01, -4.14569080e-01, -3.93428385e-01, -3.99194628e-01, -3.47783595e-01, -3.76104653e-01, -3.85829449e-01, -4.16714221e-01, -4.19136554e-01, -4.32910949e-01, -4.17399734e-01, -4.19277906e-01, -3.84174556e-01, -3.92550796e-01, -3.93635571e-01, -3.97628903e-01, -4.25387293e-01, -4.17305142e-01, -4.23522830e-01, 
4.23520863e-01, 4.18779284e-01, 4.19404954e-01, 4.20060247e-01, 4.19733077e-01, 4.21717107e-01, 4.22400028e-01, 4.23168451e-01, 4.23168451e-01, 4.23168451e-01, 4.23168451e-01, 4.23168451e-01, 4.23168451e-01, 4.23168451e-01, 4.23168451e-01, 4.23168451e-01, 4.23168451e-01, 4.23168451e-01, 4.23168451e-01, 4.23168451e-01, 4.23168451e-01, 4.23168451e-01, 4.23168451e-01, 4.23168451e-01, 4.23168451e-01, 4.38182652e-01, 1.91581890e-01, -2.82774985e-01, -2.97560513e-01, -3.49496007e-01, -2.87469894e-01, -4.21736240e-01, -8.30127373e-02, -5.01250386e-01, -4.12136495e-01, -2.12174088e-01, 1.23209149e-01, 1.17716983e-01, 4.06263024e-02, 2.10685521e-01, -5.71700931e-02, 4.59738076e-01, 4.24107373e-01, 2.92486012e-01, -5.62125623e-01, -2.24511236e-01, 5.55485114e-03, 5.97666577e-02, -1.64593548e-01, 5.69204509e-01, 2.06797212e-01, -3.94441783e-01, 1.23129919e-01, 4.84351039e-01, 1.49531215e-01, -1.43616334e-01, -1.41793579e-01, 2.43222192e-01, 1.50527522e-01, -3.76804531e-01, -1.22038066e-01, -1.58339530e-01, 1.27173141e-01, -1.62626401e-01, -7.68551171e-01, -6.33805573e-01, 3.80265892e-01, -3.15484285e-01, -2.73375928e-01, -3.13468546e-01, -1.70655072e-01, -4.39397782e-01, -4.62375373e-01, -4.25568461e-01, -3.36245835e-01, -2.31539443e-01, 3.43645036e-01, -1.78533401e-02, -3.22752178e-01, -2.93210655e-01, -3.29360306e-01, -3.91424030e-01, -2.63568908e-01, -4.07444000e-01, -3.01564604e-01, -1.20600864e-01, -1.00256845e-01, -2.95182288e-01, -4.10226882e-01, -4.08098787e-01, -4.11813617e-01, -4.04239058e-01, -4.01322603e-01, -4.22931105e-01, -3.90410781e-01, -3.76648694e-01, -4.01258200e-01, -3.81419867e-01, -3.69971722e-01, -3.86291325e-01, -4.13577467e-01, -4.18303877e-01, -4.07357305e-01, -4.05877441e-01, -4.13339406e-01, -3.96226734e-01, -3.84724587e-01, -4.08585101e-01, -4.11371440e-01, -4.09832507e-01, -4.16414887e-01, -4.15060520e-01, 
4.29224908e-01, 4.18306291e-01, 4.21111912e-01, 4.20764536e-01, 4.19756025e-01, 4.11001772e-01, 4.24938351e-01, 4.23168451e-01, 4.23168451e-01, 4.23168451e-01, 4.23168451e-01, 4.23168451e-01, 4.23168451e-01, 4.23168451e-01, 4.23168451e-01, 4.23168451e-01, 4.23168451e-01, 4.23168451e-01, 4.23168451e-01, 4.23168451e-01, 4.23168451e-01, 4.23168451e-01, 4.23168451e-01, 4.23168451e-01, 4.23190355e-01, 3.56530368e-01, -8.59308124e-01, -3.30856979e-01, -4.14787292e-01, -5.01249671e-01, 1.69245631e-01, -3.71015668e-01, -2.94597983e-01, -4.20120507e-01, -3.92796993e-01, -3.14183980e-01, 4.65536788e-02, 6.29709661e-02, -8.85812640e-02, -6.54499114e-01, -7.16034114e-01, -8.00399303e-01, -2.47075498e-01, 2.22795367e-01, -9.17546749e-02, -2.99597204e-01, -2.93458492e-01, 1.95935160e-01, 1.08567047e+00, 5.29134095e-01, 2.16672316e-01, 9.45104063e-02, -7.08108485e-01, -2.65161872e-01, -9.77987722e-02, 1.08699465e+00, 1.20273441e-01, 9.43476409e-02, 2.87940264e-01, -2.09780067e-01, -2.30443627e-02, -4.51520622e-01, -4.53622341e-01, 3.02982599e-01, 4.23679650e-02, -4.00396883e-01, -2.87953854e-01, -4.57271725e-01, 5.46538457e-02, -1.01978712e-01, -3.97311032e-01, -3.54167372e-01, -3.79876375e-01, -3.81267875e-01, -1.02031752e-01, -2.09905431e-01, -2.27512002e-01, -3.68756324e-01, -2.40733832e-01, 1.42083075e-02, -1.55376509e-01, -2.19040632e-01, -5.60890920e-02, -2.47773483e-01, -3.30765396e-01, -4.61117864e-01, -4.30469245e-01, -1.19860396e-01, -3.29436094e-01, -3.80370408e-01, -3.96576107e-01, -4.06992078e-01, -4.04029667e-01, -3.97812635e-01, -4.03884917e-01, -3.68005842e-01, -3.97402227e-01, -3.82041126e-01, -3.75152081e-01, -3.97083849e-01, -4.19757754e-01, -4.14163023e-01, -4.00128752e-01, -4.04810995e-01, -3.94938141e-01, -4.27211016e-01, -3.98027867e-01, -3.97900969e-01, -4.09561843e-01, -4.19247836e-01, -4.24612075e-01, -4.19307470e-01, 
4.06738669e-01, 4.17879701e-01, 4.12675887e-01, 4.15365964e-01, 4.15261298e-01, 4.39184397e-01, 4.23168451e-01, 4.23168451e-01, 4.23168451e-01, 4.23168451e-01, 4.23168451e-01, 4.23168451e-01, 4.23168451e-01, 4.23168451e-01, 4.23168451e-01, 4.23168451e-01, 4.23168451e-01, 4.23168451e-01, 4.23168451e-01, 4.23168451e-01, 4.23168451e-01, 4.23168451e-01, 4.23168451e-01, 4.23168451e-01, 4.40872669e-01, 4.09284234e-01, -3.32882941e-01, 1.05381459e-01, -1.06011122e-01, -7.79808342e-01, -4.29854333e-01, -4.06673104e-01, -3.53426993e-01, -3.27784777e-01, -4.38882023e-01, -4.60920542e-01, -4.18080002e-01, -7.84192681e-02, -7.78335810e-01, -3.88737410e-01, -3.17692161e-01, -1.91285208e-01, 1.96267128e-01, 4.04328048e-01, 2.05840677e-01, -2.95114398e-01, 2.12243833e-02, 6.10772491e-01, 3.04601699e-01, 3.04739982e-01, -1.14909208e+00, 4.18325290e-02, 3.75052452e-01, -2.36641854e-01, 2.83858091e-01, 1.09290674e-01, -1.22226432e-01, -2.14195810e-02, 3.07850897e-01, 4.83485788e-01, -4.07379232e-02, -3.19681257e-01, 2.97344387e-01, 4.94951129e-01, 1.05101101e-01, -2.21129566e-01, -3.25976133e-01, -2.74716347e-01, -1.13955259e-01, 3.78026992e-01, -5.69501519e-02, -1.91736311e-01, -3.39442551e-01, 4.55591604e-02, -1.22424431e-01, -3.86667788e-01, -3.76221836e-01, -3.50593418e-01, -5.49581684e-02, -1.23956047e-01, -2.32984081e-01, -4.23784465e-01, -2.91948915e-01, -1.51974671e-02, -6.81797341e-02, -1.72765449e-01, -6.74525201e-02, -2.53794163e-01, -1.62215754e-01, -2.95922518e-01, -3.91738415e-01, -3.78618538e-01, -4.14229035e-01, -3.82927507e-01, -3.90273005e-01, -3.71199548e-01, -3.88272196e-01, -3.59148681e-01, -4.02607381e-01, -4.07260507e-01, -4.12629396e-01, -3.96979719e-01, -4.03142780e-01, -4.07916218e-01, -4.08803284e-01, -3.91576022e-01, -3.92180681e-01, -3.97211581e-01, -3.98142368e-01, -4.08055454e-01, -4.14991289e-01, -4.12275642e-01, 
4.11369413e-01, 4.05196935e-01, 4.12954956e-01, 4.12896037e-01, 3.97894531e-01, 4.11853224e-01, 4.23168451e-01, 4.23168451e-01, 4.23168451e-01, 4.23168451e-01, 4.23168451e-01, 4.23168451e-01, 4.23168451e-01, 4.23168451e-01, 4.23168451e-01, 4.23168451e-01, 4.23168451e-01, 4.23168451e-01, 4.23168451e-01, 4.23168451e-01, 4.23168451e-01, 4.23168451e-01, 4.23168451e-01, 4.19474870e-01, 3.89813721e-01, -1.49791222e-02, -3.10593635e-01, 5.95742315e-02, -2.54280001e-01, -5.77436760e-03, -1.51576847e-01, -2.68988758e-01, -2.78395832e-01, -2.78480470e-01, -2.87775666e-01, -4.02313709e-01, -4.37202036e-01, 1.46919787e-01, 5.63797772e-01, 1.34574994e-03, 5.38402617e-01, 5.08517265e-01, 3.37891310e-01, 3.83747786e-01, 5.89176118e-01, -8.18957686e-01, -1.80289224e-01, 4.06311691e-01, 2.61957943e-01, 5.25919437e-01, 1.37058902e+00, -5.90307415e-01, -1.61763385e-01, -5.54903984e-01, 8.95792097e-02, 4.01030004e-01, -1.91472501e-01, -3.42954308e-01, 3.50915194e-01, 7.29888499e-01, 4.20829386e-01, -1.77824318e-01, -2.23789960e-01, 8.47603917e-01, 4.23678070e-01, 8.08170363e-02, -9.10097361e-02, 1.66356325e-01, -4.16809171e-01, -8.70844364e-01, -1.80848002e-01, -3.81292969e-01, -3.72884482e-01, -4.95007306e-01, -4.00962323e-01, -8.72599483e-02, -2.48875067e-01, -1.12980954e-01, 2.56188884e-02, -1.80158034e-01, -2.60996163e-01, -2.76299119e-01, -1.13504298e-01, 9.78826880e-02, -2.46312484e-01, -3.42276812e-01, -4.48467761e-01, -1.78414628e-01, -2.08297566e-01, 2.75162421e-03, -2.53352731e-01, -4.08409625e-01, -3.92932534e-01, -4.09629107e-01, -4.06484485e-01, -3.84101868e-01, -3.81918401e-01, -3.65866899e-01, -3.83420199e-01, -4.01195675e-01, -3.79767746e-01, -3.95896643e-01, -4.12014216e-01, -4.17381555e-01, -4.01875436e-01, -3.87586713e-01, -3.82684380e-01, -4.28039640e-01, -4.05825406e-01, -4.14838761e-01, -4.28023130e-01, -4.21248168e-01, 
4.02189046e-01, 4.28008944e-01, 4.03194517e-01, 4.20368433e-01, 4.17687744e-01, 4.27850991e-01, 4.23168451e-01, 4.23168451e-01, 4.23168451e-01, 4.23168451e-01, 4.23168451e-01, 4.23168451e-01, 4.25020784e-01, 4.27548975e-01, 4.25696641e-01, 4.23168451e-01, 4.23168451e-01, 4.23168451e-01, 4.23168451e-01, 4.23168451e-01, 4.23168451e-01, 4.23168451e-01, 4.25020784e-01, 4.02140737e-01, 3.53484750e-01, -2.97611177e-01, -1.57326102e-01, -2.06622899e-01, -4.52824503e-01, -2.51653105e-01, -2.36556396e-01, -2.27808803e-01, -3.49405378e-01, -1.62300885e-01, -2.39668399e-01, -3.79420340e-01, -2.03526348e-01, 2.47935951e-03, -6.51052356e-01, -2.89878994e-01, -8.95845294e-01, -2.40028769e-01, -3.00546020e-01, -2.47160375e-01, 2.72911578e-01, 1.78159878e-01, 4.98539597e-01, 5.25277257e-01, 2.19626173e-01, -3.33271891e-01, 6.07873015e-02, 4.61739182e-01, 7.33558834e-01, 9.50043440e-01, -7.08551407e-01, 2.27123648e-01, 1.16193920e-01, 3.63900751e-01, 1.43954396e-01, -9.99608450e-03, -7.07655668e-01, -2.08076105e-01, -1.49182364e-01, -2.90045589e-02, 3.20834696e-01, -2.78623492e-01, -3.57348055e-01, -1.76529512e-01, -2.92776823e-01, -2.07718700e-01, -6.12403035e-01, 6.79554045e-03, -1.98716789e-01, -2.92175919e-01, -3.34633529e-01, -6.46677613e-02, 1.54740244e-01, 2.03401536e-01, -5.85134104e-02, -5.59511840e-01, -3.71831864e-01, -3.07209909e-01, -5.19767642e-01, -4.29941565e-01, -4.03832853e-01, -3.53445411e-01, -2.83932716e-01, -4.29707229e-01, -1.44870877e-01, -4.97114122e-01, -2.33158499e-01, -3.56436193e-01, -4.02117908e-01, -4.19741571e-01, -3.82585347e-01, -3.97089690e-01, -3.99631768e-01, -3.84400606e-01, -4.41396981e-01, -4.18066382e-01, -3.94979507e-01, -4.03411120e-01, -4.10910815e-01, -4.12116379e-01, -4.03568685e-01, -3.97373915e-01, -3.91965032e-01, -4.07669693e-01, -4.04916316e-01, -4.17167336e-01, -4.20914501e-01, -4.15588468e-01, 
4.15756255e-01, 4.03609157e-01, 4.20997113e-01, 4.21070129e-01, 4.45812255e-01, 4.26873028e-01, 4.28935081e-01, 4.24618691e-01, 4.24618691e-01, 4.24707443e-01, 4.24096018e-01, 4.23168451e-01, 4.25008357e-01, 4.15406615e-01, 4.22929853e-01, 4.26873028e-01, 4.28224951e-01, 4.23168451e-01, 4.23168451e-01, 4.23168451e-01, 4.25020784e-01, 4.27694589e-01, 3.77108485e-01, 4.06993777e-01, 4.10662740e-01, -2.44329378e-01, -2.88113713e-01, -2.52928972e-01, -5.60785055e-01, -3.65324944e-01, -3.91087979e-01, -4.92595822e-01, -2.03603387e-01, 5.58456242e-01, -4.69653189e-01, -2.65203059e-01, -4.75326568e-01, 3.09030712e-01, 1.45775855e-01, 4.23395514e-01, 3.47431272e-01, -1.33572876e-01, 2.73469567e-01, 6.27843142e-01, -1.48653984e-01, -2.29535937e-01, -2.81692535e-01, 2.46471465e-01, 3.15812707e-01, 7.75462747e-01, 3.36181343e-01, -1.56883740e+00, -3.13864559e-01, 6.12309575e-01, 6.51692271e-01, 1.03554404e+00, -8.73344243e-01, 4.67910588e-01, 5.25207162e-01, -9.31639016e-01, -4.11500409e-02, 3.03882182e-01, 4.76631403e-01, -1.52719870e-01, -5.53099334e-01, -5.26471436e-01, -1.90495566e-01, -2.72097349e-01, -3.31042826e-01, -4.73897815e-01, -2.82835633e-01, -5.84755778e-01, -2.54321635e-01, -1.55544907e-01, -2.60459065e-01, -1.50670797e-01, 1.40101746e-01, 8.24714527e-02, -6.78252056e-02, -1.94495007e-01, -4.75187272e-01, -3.51806521e-01, -9.98356566e-02, -1.10414423e-01, -2.87611969e-02, -3.50973636e-01, -3.25424165e-01, -1.51819766e-01, -1.71824485e-01, -2.09564716e-01, -3.90055239e-01, -3.04012656e-01, -3.43737751e-01, -3.34619105e-01, -4.05023128e-01, -4.14539725e-01, -4.14862365e-01, -4.22442764e-01, -4.13263142e-01, -3.80682260e-01, -4.06146705e-01, -4.12803441e-01, -4.21411365e-01, -4.11420554e-01, -3.98990989e-01, -3.90344292e-01, -3.78780186e-01, -4.22581404e-01, -4.21296030e-01, -4.16563541e-01, -4.23001260e-01, -4.12137628e-01, 
4.15756255e-01, 4.16714072e-01, 4.20380205e-01, 4.20044810e-01, 4.23168451e-01, 3.99516702e-01, 4.14700061e-01, 4.23103541e-01, 4.23296601e-01, 4.18779969e-01, 4.20392007e-01, 4.23168451e-01, 4.23143268e-01, 4.19465572e-01, 4.19862241e-01, 4.23143268e-01, 4.22400028e-01, 4.23168451e-01, 4.23168451e-01, 4.23168451e-01, 4.24997360e-01, 4.38649446e-01, 4.30249780e-01, 4.04698253e-01, 2.18242228e-01, -6.11072838e-01, -1.03472441e-01, -1.83715731e-01, -2.65689373e-01, -3.82241070e-01, -4.68453795e-01, 5.51369309e-01, -8.36611986e-01, -4.26686555e-01, -4.58967835e-01, -3.14980596e-01, -9.74310100e-01, -3.20989668e-01, 4.56469879e-02, -2.64059603e-01, -5.38969398e-01, -4.53638345e-01, -3.39907557e-01, 9.29931402e-02, -1.45869926e-01, -2.18623891e-01, -1.28401339e-01, 3.70866835e-01, 1.86788857e-01, 5.20066321e-02, 2.55677998e-01, 9.63327289e-01, -1.10791204e-03, 5.03622949e-01, -1.00096025e-01, -3.34812969e-01, -3.39433193e-01, 7.01859415e-01, 7.16833711e-01, -1.52963176e-01, -6.24502063e-01, -5.15550971e-01, 6.39151037e-02, -4.34710771e-01, -1.66166931e-01, 1.95965812e-01, -1.06632367e-01, -3.00576597e-01, -4.68525767e-01, -3.45143795e-01, -3.31965387e-01, -4.34389383e-01, -3.21349092e-02, 1.05810501e-01, -2.35042349e-01, -3.71767610e-01, -4.56531137e-01, -3.50018173e-01, -2.26249635e-01, -3.00228089e-01, 4.14324552e-02, 1.49631381e-01, -2.54712343e-01, 6.80018589e-03, -4.39676344e-02, -3.31118017e-01, -4.03014511e-01, -2.95614362e-01, -3.58165562e-01, -4.09840018e-01, -3.33658457e-01, -1.70503736e-01, -3.26208532e-01, -2.80352980e-01, -2.60465264e-01, -3.43214810e-01, -3.95334780e-01, -4.06108081e-01, -3.66804123e-01, -3.71796489e-01, -4.02138472e-01, -4.11811203e-01, -3.81439537e-01, -4.04235035e-01, -4.04411137e-01, -4.10594016e-01, -4.03652370e-01, -4.09626573e-01, -4.13429171e-01, -4.17348057e-01, -4.24839705e-01, -4.07549620e-01, 
4.18284565e-01, 4.16714072e-01, 4.10486609e-01, 4.30095017e-01, 4.18934375e-01, 4.16996032e-01, 4.28538710e-01, 4.25147235e-01, 4.02954340e-01, 4.26989168e-01, 4.24727112e-01, 4.23168451e-01, 4.22343731e-01, 4.48918432e-01, 4.34822589e-01, 4.23143268e-01, 4.22400028e-01, 4.23168451e-01, 4.23168451e-01, 4.23168451e-01, 4.23168451e-01, 4.31968957e-01, 4.36226249e-01, 4.07796711e-01, 3.10985386e-01, -4.78983045e-01, 1.77230388e-02, -9.08519700e-03, -7.98875391e-02, -2.42587686e-01, 1.66966915e-01, -5.70779860e-01, -2.57558048e-01, -3.57791990e-01, -2.67414480e-01, 9.62411314e-02, -7.88794085e-02, -4.07093316e-01, -7.37086177e-01, -4.07590628e-01, 2.37179369e-01, -1.19488269e-01, 2.21804067e-01, -1.04915999e-01, -5.45567274e-01, -4.52839226e-01, 2.56433040e-01, 2.49091640e-01, 5.28696179e-01, 6.93425059e-01, 3.51444602e-01, 7.83787519e-02, 8.47058117e-01, 6.21614635e-01, 2.77573243e-04, 9.36445370e-02, 2.69855708e-01, 2.20663711e-01, 6.50320530e-01, 4.39470083e-01, -2.18318164e-01, -7.07493544e-01, -4.65821698e-02, -6.42832294e-02, -4.28728908e-01, 3.52946073e-02, -3.70265245e-01, -2.49916092e-01, -2.48846039e-01, -4.14197713e-01, -3.21918041e-01, -3.54894698e-01, -2.32679009e-01, -5.34046590e-01, -3.85701358e-01, -4.66498107e-01, -2.51015514e-01, -1.56716049e-01, -1.58639193e-01, -2.77202785e-01, -4.58207011e-01, -3.89195442e-01, -5.40512979e-01, -3.87799174e-01, -1.38266861e-01, -2.89852191e-02, 7.94609413e-02, 3.87651473e-03, -7.32776895e-02, -1.45498067e-01, -3.40849221e-01, -4.84398186e-01, -1.93746626e-01, -3.78042340e-01, -2.88515061e-01, -3.14448059e-01, -3.83707851e-01, -3.51477504e-01, -3.43858242e-01, -3.76992941e-01, -4.11520362e-01, -4.02123302e-01, -4.04967070e-01, -3.93100888e-01, -4.01839256e-01, -3.77057433e-01, -3.90802026e-01, -3.82312864e-01, -4.23121780e-01, -4.20100957e-01, -4.16003138e-01, -4.22977716e-01, 
3.98570269e-01, 4.01403695e-01, 4.11930531e-01, 4.18214411e-01, 4.28011984e-01, 4.19849902e-01, 4.10281181e-01, 4.07988876e-01, 4.14486468e-01, 4.15027052e-01, 4.23773855e-01, 4.23168451e-01, 4.24972057e-01, 4.17188972e-01, 4.23168451e-01, 4.03345197e-01, 4.14899141e-01, 4.23168451e-01, 4.23168451e-01, 4.23168451e-01, 4.23168451e-01, 4.23168451e-01, 4.24292594e-01, 3.36755127e-01, -4.99239743e-01, -3.44871134e-01, -1.47249162e-01, -4.12497461e-01, 9.23241824e-02, -3.93819958e-01, -3.17506373e-01, -5.09027421e-01, -3.85808587e-01, -1.22288272e-01, 2.51193106e-01, -4.28810149e-01, 3.79613340e-01, -3.57626051e-01, -6.58540666e-01, -6.76383972e-01, -2.16186002e-01, -3.07634473e-01, -3.69406253e-01, -4.64192666e-02, 1.49647653e-01, -1.83917716e-01, -5.21758795e-01, 2.07472950e-01, 2.36959398e-01, 1.37617588e-01, 4.30854917e-01, 4.67611432e-01, 2.37730607e-01, 2.10109174e-01, 2.89767206e-01, -7.98442662e-02, -3.85675967e-01, -4.15560842e-01, 1.23006411e-01, 1.68714672e-01, -4.00480330e-02, 2.33330354e-01, -1.25405863e-01, 1.42875463e-01, 5.78059673e-01, 3.29705536e-01, -2.03546673e-01, -1.72413617e-01, -2.04609856e-01, -3.92561167e-01, -3.62812072e-01, -1.59776047e-01, -1.63304895e-01, -3.48650157e-01, -1.21180095e-01, -6.65571988e-02, -2.05104187e-01, -2.37487078e-01, -2.89050430e-01, 3.41294736e-01, 2.65686810e-01, -7.85230994e-02, -2.61433631e-01, -4.08819467e-01, -4.75175753e-02, -1.81560129e-01, -5.79215288e-01, -3.54345441e-01, -1.51304066e-01, -4.00228083e-01, -2.48229876e-01, -2.29754411e-02, -1.74583048e-01, -2.69198865e-01, -3.68359923e-01, -3.94434094e-01, -2.56987423e-01, -3.39750946e-01, -3.76982331e-01, -3.48427057e-01, -3.82128417e-01, -3.92299801e-01, -4.06555414e-01, -3.94890517e-01, -4.03595805e-01, -3.91761005e-01, -3.83011818e-01, -4.02682096e-01, -3.97974670e-01, -4.11192447e-01, -4.19458777e-01, -4.26510930e-01, 
4.02024508e-01, 4.08759087e-01, 4.18386966e-01, 4.17869598e-01, 4.22207445e-01, 4.24095124e-01, 4.23011214e-01, 4.24702495e-01, 4.27240521e-01, 4.29464489e-01, 4.20933396e-01, 4.06366855e-01, 4.14371938e-01, 4.14421529e-01, 4.25298780e-01, 4.19280440e-01, 4.23168451e-01, 4.23168451e-01, 4.23168451e-01, 4.23168451e-01, 4.23168451e-01, 4.23168451e-01, 4.24133420e-01, 4.02857304e-01, -2.16662750e-01, -8.63212496e-02, -1.72023028e-01, 1.03811324e-02, -6.57298148e-01, 7.54741281e-02, -5.74252486e-01, -3.98730159e-01, -4.02994782e-01, -7.95047730e-02, -1.90213025e-02, -7.20898688e-01, -3.82050753e-01, -3.52452427e-01, -1.11076975e+00, -3.50154877e-01, -3.76982212e-01, 4.17635292e-02, 2.83384293e-01, 2.85827756e-01, 4.09972608e-01, 1.73170730e-01, 2.90432610e-02, -6.93171561e-01, 2.88649529e-01, 2.56378025e-01, -2.66543180e-01, 4.74523365e-01, 2.23792374e-01, 3.86701643e-01, -4.45834361e-03, 9.50751528e-02, -4.96433377e-01, 1.48450330e-01, -2.59252429e-01, 8.49504590e-01, -3.56418103e-01, 1.95452735e-01, -3.52623612e-02, 5.49678862e-01, -4.43586826e-01, -4.27953333e-01, -2.81054139e-01, -1.07518479e-01, -2.89653540e-01, -2.95362473e-01, -5.01327991e-01, -2.59587586e-01, -1.96598262e-01, 1.25474501e-02, -1.80951655e-01, -4.30233002e-01, -4.50091690e-01, -2.13794395e-01, -1.54685333e-01, -5.90292633e-01, -5.14194548e-01, -4.32761878e-01, -4.27737951e-01, -3.17175388e-01, -2.39462882e-01, -2.71259159e-01, -3.12578887e-01, -1.10033870e-01, -1.75498709e-01, 1.60293609e-01, -2.06118196e-01, -3.66400719e-01, -2.53213137e-01, -2.34099343e-01, -3.33758563e-01, -2.32616171e-01, -8.94642249e-02, -1.85236320e-01, -3.57787699e-01, -3.54701012e-01, -3.66459221e-01, -3.93132061e-01, -3.95464778e-01, -3.76881897e-01, -3.71320665e-01, -3.92855525e-01, -4.01381075e-01, -4.05544072e-01, -4.12573576e-01, -4.11432296e-01, -4.20193523e-01, -4.10566270e-01, 
3.80630016e-01, 3.96741748e-01, 4.11412627e-01, 4.01652843e-01, 4.09498125e-01, 4.14808244e-01, 4.07714874e-01, 4.24996406e-01, 4.18696195e-01, 4.17467266e-01, 4.07628477e-01, 4.09533024e-01, 4.07980561e-01, 4.19705898e-01, 4.23919588e-01, 4.02340025e-01, 4.31044340e-01, 4.32075143e-01, 4.30368453e-01, 4.25696641e-01, 4.23168451e-01, 4.25020784e-01, 4.61710632e-01, 5.19491374e-01, 1.95074767e-01, -5.58319576e-02, -4.82506484e-01, -3.88154685e-01, -4.49067950e-01, -5.12467027e-01, -3.81852925e-01, -3.72545749e-01, -3.69023472e-01, -4.99901026e-01, 4.43566769e-01, -8.44541013e-01, -2.75547385e-01, -3.88192803e-01, -9.07634497e-01, -2.93494821e-01, -3.27397466e-01, -1.91941112e-01, -2.00188950e-01, -1.20762661e-01, 3.38536263e-01, 3.23945314e-01, 6.40980840e-01, 6.41208887e-01, -5.69042087e-01, -3.21333021e-01, 7.87695348e-02, 8.11016917e-01, 3.60382050e-01, -2.86870480e-01, 1.72272086e-01, -8.75396192e-01, 1.71640903e-01, 1.66619658e-01, 2.64583409e-01, -7.09898889e-01, -1.09603465e-01, -1.12547264e-01, 4.55367789e-02, -4.69949484e-01, -3.88752162e-01, -7.88505822e-02, 1.81507263e-02, -3.52471977e-01, -3.45131576e-01, -3.15384805e-01, -1.87243164e-01, -3.45384449e-01, 1.34298444e-01, -5.41659415e-01, -2.76501268e-01, -3.33756328e-01, 2.42575407e-01, -3.34754623e-02, 3.06259245e-01, -6.36039004e-02, -4.93666440e-01, -9.02297556e-01, -8.26464772e-01, -4.08983320e-01, -5.93787432e-01, -6.18864059e-01, -2.74956048e-01, -5.31086683e-01, -4.52769667e-01, -6.18887126e-01, -2.08792225e-01, -1.07240058e-01, -2.78556615e-01, 1.91413593e-02, -3.23488653e-01, -3.07523578e-01, -3.48964304e-01, -1.12158246e-01, -3.53434920e-01, -3.49541634e-01, -3.38332057e-01, -3.49670738e-01, -3.50483328e-01, -3.54135305e-01, -3.99191976e-01, -3.99199545e-01, -4.10784096e-01, -4.22598749e-01, -4.15169448e-01, -4.00042623e-01, -4.27643239e-01, -3.95575613e-01, 
3.89316618e-01, 3.94427001e-01, 3.97185445e-01, 4.15349752e-01, 4.14673686e-01, 3.96777779e-01, 4.10293192e-01, 4.15756255e-01, 4.17863160e-01, 4.20966119e-01, 4.16887581e-01, 4.13057923e-01, 4.25412029e-01, 4.26083893e-01, 4.15121347e-01, 4.14447278e-01, 4.16877806e-01, 4.19441909e-01, 4.28829998e-01, 4.22784239e-01, 4.23168451e-01, 4.09423143e-01, 4.35311109e-01, 4.91292924e-01, -1.31067306e-01, -4.25540954e-01, -2.69895732e-01, 1.05370700e-01, -2.31742680e-01, -2.55505979e-01, -3.63221407e-01, -4.19701576e-01, 5.33336878e-01, -2.39879176e-01, -4.82561529e-01, -3.24291468e-01, -2.11574867e-01, -1.30649567e+00, -3.15430909e-01, -3.39024335e-01, -4.43206370e-01, -1.73321515e-01, -3.64664614e-01, -2.11750884e-02, 1.88778564e-01, 2.19979696e-02, 1.62141815e-01, 3.61479163e-01, 5.28467000e-01, 3.53574365e-01, 2.80947000e-01, 1.10454679e-01, -5.10958135e-01, -7.40460977e-02, -3.60652208e-02, 5.33747852e-01, -3.62047344e-01, 7.73742795e-01, 6.82408273e-01, 6.93624765e-02, -5.11240423e-01, -3.31166148e-01, 5.87434769e-01, 1.03944793e-01, -2.21266732e-01, -5.12739718e-01, 1.97407275e-01, -9.09218714e-02, -2.28222266e-01, -2.86742747e-01, -4.57777202e-01, -2.49590337e-01, -3.89979720e-01, -2.26384550e-01, -1.48767129e-01, 2.99864113e-02, -9.03545693e-03, -3.41857016e-01, -2.09968388e-01, 1.40240684e-01, 6.42145455e-01, 7.44676217e-02, -2.63460875e-01, -2.49671862e-01, -1.85745358e-02, -1.93065614e-01, -1.53520226e-01, -5.55320829e-02, -3.19667071e-01, -4.34960127e-01, -2.20275342e-01, -1.74345195e-01, -3.09216261e-01, -2.96068847e-01, -1.77060410e-01, -4.21155334e-01, -4.43898201e-01, -1.52432010e-01, -1.72605038e-01, -3.48018169e-01, -3.59102249e-01, -3.79417747e-01, -3.10038954e-01, -3.21212560e-01, -3.85502517e-01, -4.39332545e-01, -4.00878668e-01, -4.24540788e-01, -4.12918091e-01, -3.78616303e-01, -3.95381033e-01, -3.97662461e-01, 
3.82748753e-01, 3.90365630e-01, 3.90706271e-01, 4.04582590e-01, 4.20528829e-01, 4.20827150e-01, 4.12665308e-01, 4.19981897e-01, 4.04638797e-01, 4.10257518e-01, 4.10311729e-01, 4.10114527e-01, 4.17042673e-01, 4.16724622e-01, 4.08249766e-01, 4.29269880e-01, 4.09573168e-01, 4.12278026e-01, 4.20074672e-01, 4.16678041e-01, 4.29692388e-01, 4.28503782e-01, 4.23285604e-01, 9.84624475e-02, -1.00276256e+00, -3.57259870e-01, -4.05262142e-01, -7.44056165e-01, -1.30267575e-01, -1.87894464e-01, -1.97555110e-01, 5.03181778e-02, 4.37130988e-01, -1.17896348e-01, -2.20045254e-01, -2.81363666e-01, -2.01855421e-01, -7.64293671e-01, -3.53703737e-01, -3.11244130e-01, -4.04832035e-01, -2.05305323e-01, -2.89245546e-01, -1.12021022e-01, -4.21544641e-01, 8.92651752e-02, 2.36673832e-01, 1.83185324e-01, 2.64135152e-01, 3.10688347e-01, 4.19140346e-02, 2.77166665e-01, -6.50574446e-01, -6.90698385e-01, 2.78142035e-01, -2.02578247e-01, -2.58565366e-01, -3.43289852e-01, 6.18304491e-01, -3.49295408e-01, 1.56568274e-01, -2.62075424e-01, 1.41684234e-01, 3.64262313e-01, 8.57566893e-02, -1.08832411e-01, -3.29100043e-01, -1.62962690e-01, -2.13384032e-01, -4.45053041e-01, -3.60674769e-01, -3.32721740e-01, -2.74065673e-01, -2.61873364e-01, -2.59406567e-01, -2.42066443e-01, -5.87876320e-01, -3.18121344e-01, -5.28400779e-01, -6.85681045e-01, 2.50951618e-01, 1.47159219e-01, 2.60662466e-01, 1.87217623e-01, -5.66062182e-02, 9.83552635e-02, -1.58137619e-01, -1.87638953e-01, -2.81330109e-01, -3.26084912e-01, -3.94419014e-01, -1.75347447e-01, -2.16793612e-01, -1.98430032e-01, -1.90587386e-01, -2.62181789e-01, -2.92244434e-01, -4.34848905e-01, -1.86661154e-01, -3.74271691e-01, -4.14661407e-01, -3.46220136e-01, -3.37159932e-01, -3.72046083e-01, -3.95351231e-01, -4.00249004e-01, -3.97771329e-01, -4.16111559e-01, -4.05679882e-01, -4.13900584e-01, -3.74303967e-01, -3.93590569e-01, 
3.97385031e-01, 4.02751982e-01, 4.01846111e-01, 3.99866790e-01, 3.85618865e-01, 4.17538017e-01, 4.31207776e-01, 4.31761920e-01, 4.11334753e-01, 4.03414547e-01, 4.26725626e-01, 4.32487667e-01, 4.26803470e-01, 4.09164667e-01, 4.03230548e-01, 4.00928825e-01, 4.09140438e-01, 4.08458620e-01, 4.13229972e-01, 3.99704129e-01, 4.17282701e-01, 4.14658517e-01, 3.84514213e-01, 4.91860300e-01, -1.83249667e-01, 2.37526566e-01, -7.81142116e-01, -1.92261159e-01, -2.70276874e-01, -2.03489035e-01, -2.34554037e-01, 1.37778044e-01, -7.32988417e-01, -3.37007135e-01, -3.36675614e-01, -7.70232558e-01, -1.47993731e+00, -3.34531933e-01, -4.09860075e-01, -6.15213096e-01, -4.90078121e-01, -4.46128786e-01, -4.91700590e-01, -9.34176818e-02, -1.68035313e-01, -2.56084949e-01, 2.48110324e-01, 4.21599522e-02, -1.70265973e-01, -2.91261047e-01, -5.06431818e-01, -2.55150080e-01, -5.63457429e-01, -6.91470444e-01, -4.33099180e-01, -5.27005851e-01, 6.92799330e-01, -3.79034579e-01, -6.95003271e-01, 7.06462920e-01, -5.27023435e-01, -1.60382450e-01, 2.74031073e-01, -1.01530802e+00, 3.21277529e-01, -3.86355996e-01, 2.40004331e-01, -1.51916727e-01, -1.82711214e-01, -3.64962041e-01, -3.87539446e-01, -3.67517292e-01, -2.25999057e-01, 1.24899689e-02, -2.53362477e-01, -1.25564635e-02, 1.51203275e-01, 2.61572637e-02, 6.87942132e-02, 3.33096653e-01, 5.83397388e-01, -2.10323006e-01, -4.43504632e-01, 1.94561519e-02, 3.59609500e-02, -5.80983683e-02, -1.25541255e-01, -1.80330332e-02, -1.03557386e-01, -2.29438156e-01, -1.61590636e-01, -3.30365509e-01, -3.05213362e-01, -2.33803868e-01, -1.66138604e-01, -2.39314646e-01, -3.35613340e-01, -3.33802879e-01, -2.33109832e-01, 2.08096340e-01, -3.28174502e-01, -3.64043623e-01, -3.55599821e-01, -3.53619635e-01, -3.77254725e-01, -3.76420200e-01, -4.22202349e-01, -3.96346360e-01, -3.86027992e-01, -4.13770944e-01, -3.96235973e-01, -3.94009858e-01, 
3.90571803e-01, 3.82888168e-01, 3.87039185e-01, 3.82961035e-01, 3.80000681e-01, 3.84449184e-01, 3.78543317e-01, 3.79496723e-01, 4.04780120e-01, 4.16275591e-01, 3.93742055e-01, 3.87697548e-01, 3.97044688e-01, 3.96483451e-01, 4.18170631e-01, 4.04689014e-01, 3.94877851e-01, 3.86731088e-01, 3.90744269e-01, 4.04993683e-01, 4.16609973e-01, 4.06206876e-01, 4.17785019e-01, 7.77965263e-02, 1.37091845e-01, -1.74064890e-01, -6.19870484e-01, -6.28787816e-01, -3.55717212e-01, -4.97674286e-01, -4.96352017e-02, -4.06567119e-02, -8.16069603e-01, -4.91246164e-01, -3.87577593e-01, -5.56714237e-01, -8.65235567e-01, -1.54807866e-01, -4.47515249e-01, -4.30179268e-01, -5.07466793e-01, -3.67499053e-01, -3.94121140e-01, -5.57058513e-01, -1.62112787e-01, -1.05344243e-01, 3.19866650e-02, -3.20190459e-01, -6.94608763e-02, 4.89211641e-03, 3.20932508e-01, -3.75949591e-03, 1.25715613e-01, -9.64260280e-01, -7.50797927e-01, -8.75403225e-01, -2.82146007e-01, 3.30664553e-02, 1.05001286e-01, -8.19364965e-01, -5.28641604e-03, -6.09138966e-01, -4.26503569e-01, -4.05524492e-01, -3.96692008e-02, -5.15411079e-01, -2.35280082e-01, 1.60146132e-01, 3.65287811e-02, -1.92933023e-01, -3.46114039e-01, -2.32546151e-01, -3.58927041e-01, -1.98174804e-01, 1.09454602e-01, 5.23015261e-02, -4.87648815e-01, -4.28056628e-01, -5.02721488e-01, -6.44581497e-01, 3.67123112e-02, 6.76810682e-01, -4.61881638e-01, -4.06695485e-01, -2.77773291e-01, -8.62784609e-02, -2.44236618e-01, -2.94530809e-01, -4.76661250e-02, 7.97795504e-02, -2.83263594e-01, -2.46494621e-01, -1.29010752e-01, -3.53723109e-01, -2.83647418e-01, -2.77118742e-01, -3.26305807e-01, -3.88275325e-01, -3.29272479e-01, -3.26697201e-01, -3.07590425e-01, -3.55627477e-01, -3.64834100e-01, -3.55079889e-01, -3.57033670e-01, -3.91310364e-01, -4.07797098e-01, -4.19979006e-01, -3.82370681e-01, -3.98314357e-01, -3.82117063e-01, -4.11235988e-01, 
3.71062517e-01, 3.77278566e-01, 3.61491859e-01, 3.74909699e-01, 3.55707765e-01, 3.70970100e-01, 3.78283322e-01, 3.82587731e-01, 3.88802439e-01, 3.89164865e-01, 3.94655168e-01, 3.66876900e-01, 3.69779766e-01, 3.77440274e-01, 3.72727096e-01, 3.80946010e-01, 4.06869322e-01, 3.89303923e-01, 3.92927945e-01, 3.87801170e-01, 3.94340754e-01, 4.19391364e-01, 3.45467657e-01, 4.73565042e-01, -6.45578861e-01, -3.93246531e-01, -4.85694081e-01, -2.31009498e-01, -2.95754731e-01, -5.01509964e-01, 1.59393474e-01, 3.53693157e-01, -7.30810910e-02, -2.96427339e-01, -4.21390384e-01, -5.17513156e-01, -3.56424421e-01, -3.56122673e-01, -2.90630102e-01, -3.89009297e-01, -3.72693032e-01, -4.12687808e-01, -4.37458396e-01, -5.33949018e-01, -3.73651385e-01, -3.66874814e-01, -3.89471948e-01, -4.81777936e-01, -4.74829614e-01, -3.12239826e-01, -6.21447384e-01, -2.96438545e-01, -2.68902034e-01, -4.91167963e-01, -5.37205458e-01, -2.62682885e-01, -4.77675200e-01, 1.35078609e-01, 5.58021143e-02, -3.06400478e-01, 1.35791510e-01, -3.41708839e-01, -5.03269494e-01, 1.09111212e-01, -4.55561757e-01, 1.94941774e-01, -5.86655259e-01, -4.00735587e-01, -4.51250970e-01, -2.77520746e-01, -3.61587644e-01, -3.79896283e-01, -1.40008196e-01, 1.02867410e-01, -5.16689241e-01, -5.64963579e-01, -2.26899222e-01, 1.54820234e-01, -2.01001450e-01, -4.55486983e-01, -2.24519610e-01, -3.17510903e-01, 2.16312781e-01, -2.05102697e-01, -6.86849833e-01, -1.66788012e-01, -2.80039847e-01, -2.58033186e-01, -3.83543044e-01, -1.99127629e-01, 6.40999973e-02, 1.48395658e-01, -1.62428468e-01, -3.07808220e-01, -1.46122262e-01, -2.33319178e-01, -2.02830791e-01, -3.22477937e-01, -3.91776204e-01, -7.43899271e-02, -1.85091570e-01, -3.44124019e-01, -3.66794825e-01, -3.57794106e-01, -3.63575637e-01, -4.00169134e-01, -3.72562766e-01, -4.10950899e-01, -4.14957583e-01, -3.72116596e-01, -3.82327318e-01, -3.86443108e-01, 
3.66416276e-01, 3.76073062e-01, 3.65994066e-01, 3.73008847e-01, 3.71836782e-01, 3.31135273e-01, 3.57856601e-01, 3.83159965e-01, 3.81337196e-01, 3.78331155e-01, 3.83858144e-01, 3.80272239e-01, 3.79513562e-01, 3.87613326e-01, 3.80921394e-01, 3.75682890e-01, 3.92720520e-01, 3.83933991e-01, 3.83923829e-01, 3.89463753e-01, 3.91434252e-01, 3.93451750e-01, 2.82421112e-01, 2.96614945e-01, -4.71762195e-02, 1.69981688e-01, -2.23107815e-01, -2.71527171e-01, 1.65848657e-01, 4.50099528e-01, 9.46036041e-01, 1.38958246e-02, -3.55928354e-02, -2.91390032e-01, -1.73987821e-03, 1.11790486e-01, -3.38865817e-01, -4.07201797e-01, -4.01827127e-01, -2.66003400e-01, -2.22195417e-01, -3.40345204e-01, -3.90077293e-01, -2.08296224e-01, -3.67498070e-01, -2.72640169e-01, -5.13801694e-01, -5.60984433e-01, -4.90245581e-01, -4.99138206e-01, -3.02666247e-01, -5.92436567e-02, -3.62402320e-01, -3.74078125e-01, 2.05700368e-01, -1.45781279e-01, -6.94103688e-02, 2.87927091e-01, 4.06516224e-01, 8.77069831e-02, -2.91715205e-01, 3.50303531e-01, -3.09043616e-01, 5.05576849e-01, -1.67023838e-02, -1.20817453e-01, 1.08179837e-01, -1.82751998e-01, -2.05587596e-01, -2.55587727e-01, -3.80118638e-01, -4.25839782e-01, -3.43203753e-01, -5.75905085e-01, -1.07622884e-01, -1.45251900e-01, -2.89480746e-01, -4.01670218e-01, -4.35200095e-01, -6.31942809e-01, -3.69949639e-01, -6.36909604e-01, -6.12017274e-01, 7.00873062e-02, 2.15806678e-01, -1.77174538e-01, -9.77229029e-02, -4.47922409e-01, -4.27990317e-01, -2.96594590e-01, -1.98571861e-01, -2.89668649e-01, -2.03456432e-01, -7.06673861e-02, -1.47926033e-01, -2.67432541e-01, -4.04995412e-01, -2.27768704e-01, -3.49930406e-01, -2.60857463e-01, -2.59270459e-01, -2.83041716e-01, -3.60126734e-01, -3.73795688e-01, -3.69701356e-01, -3.95350099e-01, -3.74677718e-01, -4.12529588e-01, -4.12152588e-01, -3.73415530e-01, -3.75553429e-01, -3.77841592e-01, 
3.51572245e-01, 3.69437218e-01, 3.53462040e-01, 3.69331896e-01, 3.81819069e-01, 3.29074562e-01, 3.54161263e-01, 3.57482672e-01, 3.46523106e-01, 3.43775421e-01, 3.77457023e-01, 3.69112909e-01, 3.75383228e-01, 3.74249518e-01, 3.83306235e-01, 3.58556122e-01, 3.86530340e-01, 3.74105036e-01, 3.75543654e-01, 3.75036150e-01, 3.65528673e-01, 3.55926931e-01, 2.78805196e-01, 2.53321886e-01, -2.22370625e-01, -1.49784699e-01, -7.56657496e-02, -3.10083032e-01, -4.04931277e-01, 2.60788798e-01, 1.67896718e-01, 2.37862870e-01, -4.05894995e-01, 1.83268413e-02, 2.80414075e-01, -6.93778992e-01, -4.19680208e-01, -2.93183714e-01, -4.05345619e-01, -2.75113195e-01, -1.80040538e-01, -1.10474601e-02, -7.09718838e-02, 1.26575634e-01, 1.92153864e-02, -1.54264867e-02, 4.78677824e-02, -3.51790488e-01, -1.72757283e-01, -2.38596350e-01, -3.54379028e-01, -1.98138729e-01, -1.65026620e-01, -2.98894405e-01, -5.52741051e-01, -9.47831422e-02, 8.11105594e-02, 1.66945949e-01, -3.04686338e-01, -6.67237759e-01, -1.42172709e-01, -8.78318489e-01, 5.09764910e-01, 3.83705139e-01, -4.83555108e-01, -2.14435264e-01, -2.66468912e-01, -1.49861366e-01, -1.49155065e-01, -1.54520541e-01, -4.64841008e-01, -3.64129752e-01, -3.41904342e-01, -1.26337744e-02, -1.91700459e-01, -3.67716998e-01, -2.28908703e-01, 3.09155643e-01, 8.21093470e-02, 1.39371544e-01, 3.92898351e-01, -3.59082147e-02, -5.55286646e-01, -7.91811466e-01, -1.42103255e-01, 1.72705501e-01, -4.55698729e-01, -8.30663443e-02, -3.60986054e-01, -2.95646906e-01, -3.74229908e-01, -1.08980998e-01, -3.72819602e-01, -3.18293452e-01, -4.13852543e-01, -1.13187388e-01, -1.85769022e-01, -3.80737543e-01, -3.18404049e-01, -2.27178305e-01, -1.74500540e-01, -3.07843685e-01, -3.77613366e-01, -3.72147858e-01, -3.95728171e-01, -4.23106611e-01, -3.92481238e-01, -4.22001213e-01, -4.17159498e-01, -3.81481797e-01, -3.74320567e-01, -4.05010521e-01, 
3.67352694e-01, 3.54600340e-01, 3.43682438e-01, 3.56409073e-01, 3.20371091e-01, 3.56024444e-01, 3.19706738e-01, 3.55393142e-01, 3.51256728e-01, 3.37986737e-01, 3.43526900e-01, 3.53107095e-01, 3.37387800e-01, 3.46094012e-01, 3.60582203e-01, 3.71162027e-01, 3.63965690e-01, 3.58803749e-01, 3.85981202e-01, 3.53584230e-01, 3.43332648e-01, 3.36238503e-01, 4.75594312e-01, 6.65614486e-01, 2.78218567e-01, 3.86684895e-01, 5.86288154e-01, 7.01486692e-02, -1.15721874e-01, 2.95906842e-01, -3.47694188e-01, -3.42748791e-01, -5.17896153e-02, -8.07795674e-02, -8.04503679e-01, -5.45762002e-01, -1.86712980e-01, -4.31723684e-01, -1.62433088e-01, -1.66132897e-01, -4.62059259e-01, -2.74423867e-01, 1.67769626e-01, -7.65085280e-01, -5.22970617e-01, 1.44389555e-01, -6.17843628e-01, 9.26040187e-02, -1.80977017e-01, 4.49482165e-02, -2.07004651e-01, -4.57040727e-01, -4.73845631e-01, -3.14706832e-01, -1.07341167e-03, 3.83308172e-01, -3.30209494e-01, -1.87587962e-01, -5.13335228e-01, -9.82476711e-01, 3.77988815e-01, -4.38835859e-01, 6.75905049e-01, -5.84473014e-01, -8.35101724e-01, 4.43875790e-02, -2.51723766e-01, -1.02856293e-01, 2.07550824e-01, -4.86002415e-01, -3.34763497e-01, -4.26267415e-01, -3.12325776e-01, 4.69835289e-02, -4.26827610e-01, -3.59668195e-01, -4.02143449e-02, -2.17085168e-01, 2.65670478e-01, 1.46306008e-01, 3.99670750e-01, 2.85445154e-01, 4.15247321e-01, -4.09327179e-01, -5.11044443e-01, 2.12627336e-01, 1.58045441e-01, -2.68163830e-01, -3.00342381e-01, -3.95155668e-01, -2.80482173e-01, -1.50414884e-01, -7.19099641e-02, -1.15629837e-01, -1.68328792e-01, -1.46375462e-01, -3.24024856e-01, -2.73619473e-01, -5.75526953e-02, -1.88993812e-01, -1.78436279e-01, -1.06507845e-01, -3.56070578e-01, -3.91031027e-01, -3.56268704e-01, -4.08698618e-01, -3.90875876e-01, -4.10256475e-01, -4.15267289e-01, -3.72462451e-01, -4.00621295e-01, -4.33739424e-01, 
3.49762350e-01, 3.48109335e-01, 3.23996693e-01, 3.53308946e-01, 3.28449875e-01, 3.56702507e-01, 3.26108605e-01, 3.19602311e-01, 3.23019534e-01, 3.05878341e-01, 3.43125820e-01, 3.66524994e-01, 3.60287577e-01, 3.28829527e-01, 3.27017903e-01, 3.48122358e-01, 3.31105024e-01, 3.58960271e-01, 3.50015134e-01, 3.41411114e-01, 3.71538013e-01, 3.52039635e-01, 4.02614921e-01, 2.75768816e-01, -4.50352281e-01, -3.08408380e-01, -4.75837857e-01, -2.65963465e-01, -3.20019245e-01, -4.25919712e-01, -6.69803023e-01, -6.32858276e-01, -4.23747629e-01, 1.96735375e-03, 4.63594526e-01, -3.56712282e-01, -3.31996322e-01, -4.04149234e-01, -2.29566067e-01, 3.43319207e-01, 1.85451344e-01, -6.58795685e-02, 6.56808496e-01, -3.56426716e-01, -1.75641879e-01, -5.29324412e-01, -9.95011508e-01, -3.61136049e-01, -1.69897005e-01, -3.15216839e-01, -5.78764006e-02, -3.84262204e-01, -4.45896089e-01, -1.04931362e-01, -5.42601459e-02, -6.66932940e-01, -3.14255267e-01, -1.95285589e-01, -3.43957245e-01, -1.78419113e-01, 3.59337419e-01, 8.68341506e-01, 2.09194675e-01, 3.15471619e-01, -5.98803386e-02, -4.29490775e-01, 4.72712457e-01, 4.64761406e-02, -3.99895668e-01, 6.40518591e-02, -3.71191442e-01, -4.56503838e-01, -1.33547455e-01, -3.75571609e-01, 4.71552126e-02, 1.92286894e-02, 4.64404017e-01, -3.76952738e-02, -1.33339971e-01, -2.17071399e-01, -5.70835173e-01, 1.50554150e-01, -1.86090171e-01, 5.48732281e-01, 2.30002388e-01, -4.90921915e-01, 1.16348773e-01, 1.44206822e-01, 2.31948093e-01, 1.65162235e-03, -5.08413792e-01, -3.76172155e-01, -1.31926954e-01, -3.52260433e-02, -3.01060915e-01, -1.38129130e-01, -2.16468289e-01, -3.25495273e-01, -2.75536507e-01, -4.67905961e-03, -1.30090177e-01, -7.44316801e-02, -2.45555043e-01, -3.81318808e-01, -3.73145372e-01, -3.97103012e-01, -4.06219095e-01, -4.10591424e-01, -4.00109053e-01, -4.04816061e-01, -4.27369863e-01, -4.11947966e-01, 
3.42683375e-01, 3.57767165e-01, 3.20597291e-01, 3.43226343e-01, 3.21568310e-01, 2.84687608e-01, 2.86559045e-01, 3.15688670e-01, 2.95914412e-01, 3.00193101e-01, 3.20755899e-01, 2.97188640e-01, 3.29371333e-01, 3.37821990e-01, 3.13445061e-01, 3.14614683e-01, 3.33715141e-01, 3.20649266e-01, 3.31343710e-01, 3.64605904e-01, 4.01677459e-01, 4.17150617e-01, 3.09495151e-01, 2.85645247e-01, -8.69171470e-02, -3.40935856e-01, -9.80013490e-01, 3.51566315e-01, 1.14367262e-01, -1.98227495e-01, -2.71213800e-01, -3.75932992e-01, 6.69602454e-02, -4.27183896e-01, -5.62784910e-01, -5.79625130e-01, -3.67653370e-01, -4.61571991e-01, -3.93114477e-01, -3.55526507e-02, -5.46765208e-01, -6.18303418e-01, -1.83640227e-01, -7.66348988e-02, -7.37007678e-01, -1.30627930e-01, -3.64767343e-01, -7.60172844e-01, -9.18744430e-02, -1.86452001e-01, -2.99867988e-01, 8.98258090e-02, 2.38029584e-02, -1.64030194e-01, -2.10220367e-02, -1.57469854e-01, -1.72793001e-01, -4.39332753e-01, -4.69854236e-01, 1.36114523e-01, 2.15578243e-01, 7.10046053e-01, -2.58032382e-01, 3.20418090e-01, 1.67181715e-02, 1.85675949e-01, -1.43614054e-01, -1.20016858e-01, -2.55492955e-01, -4.39358830e-01, 7.33175576e-02, -3.96005839e-01, -1.44650847e-01, -2.75207013e-01, -3.20040315e-01, -3.07185471e-01, -4.48761791e-01, -1.21593550e-01, -2.60740608e-01, 1.29042305e-02, 1.66527539e-01, -2.44077384e-01, 2.84308702e-01, 2.17436492e-01, -3.59463423e-01, -1.93111360e-01, -2.20021382e-01, 2.60158852e-02, -6.60129786e-02, -9.92347226e-02, -2.41332948e-01, -2.58175373e-01, -1.49389774e-01, -3.49803239e-01, -2.21665680e-01, -1.78310126e-01, -1.91264302e-01, -3.77202690e-01, -3.16163987e-01, -3.96312982e-01, -3.91350418e-01, -1.01628274e-01, -2.49263942e-01, -4.03085768e-01, -3.73244077e-01, -3.49682838e-01, -4.00519013e-01, -3.92324090e-01, -4.08405602e-01, -4.47692692e-01, -4.08757657e-01, -3.99769902e-01, 
3.34408462e-01, 3.19363087e-01, 2.92002320e-01, 2.91860312e-01, 3.20705175e-01, 3.03738177e-01, 2.55123764e-01, 2.94726700e-01, 3.18743616e-01, 3.28566104e-01, 3.54507327e-01, 3.45967740e-01, 2.74686188e-01, 3.15685928e-01, 3.07055801e-01, 3.25766534e-01, 3.01189423e-01, 3.56643021e-01, 3.25227767e-01, 3.79349113e-01, 3.70305061e-01, 4.20245588e-01, 3.72709602e-01, 2.84964740e-01, -1.42277822e-01, -5.95339954e-01, -6.72786951e-01, -1.82414025e-01, -2.69922048e-01, -4.34005439e-01, -3.31124127e-01, -1.05866611e-01, -4.76893812e-01, -4.23918903e-01, 1.05588980e-01, -3.37336510e-01, 1.77620098e-01, -3.66545260e-01, -2.72652686e-01, -2.80556172e-01, -3.73431742e-01, -1.50961429e-01, 1.25745028e-01, -3.45426977e-01, -7.32862800e-02, -4.75252122e-01, -3.87844563e-01, -1.11685023e-01, -1.47811487e-01, -2.28072613e-01, -4.72858995e-01, -6.12851307e-02, -3.49583626e-01, -8.87081921e-02, -3.95853519e-01, -3.04188788e-01, -8.33629727e-01, -3.03873450e-01, 1.98909029e-01, 8.38607699e-02, 1.29089318e-03, -1.34316429e-01, 4.50262547e-01, 5.66798635e-02, -2.85377562e-01, -2.12582499e-01, 5.51915944e-01, -7.92928278e-01, -8.60067904e-02, -1.65279716e-01, -5.17981708e-01, 3.98005962e-01, -4.93873715e-01, -2.73625314e-01, 1.61826044e-01, 2.79990762e-01, -8.71657506e-02, -4.90083486e-01, -4.59374398e-01, -4.81708497e-01, -4.65080708e-01, -4.32167262e-01, -3.65088046e-01, -2.29752287e-01, -3.11008245e-01, -5.62670529e-01, -1.72596961e-01, 3.64853144e-01, -1.60751536e-01, -1.39681742e-01, -6.68681636e-02, -3.34128588e-01, -4.08447593e-01, -2.21765503e-01, -1.32700413e-01, -1.60932820e-02, -4.38072562e-01, -4.01790649e-01, -2.80924499e-01, -2.02207491e-01, -3.22105646e-01, -3.02138209e-01, -2.40098700e-01, -3.94323379e-01, -3.93829167e-01, -3.95447910e-01, -4.08291250e-01, -4.11217302e-01, -4.19772595e-01, -4.41460669e-01, -4.03642952e-01, -3.90731215e-01, 
3.03987324e-01, 3.05804461e-01, 3.09675395e-01, 2.85764575e-01, 2.90382802e-01, 3.27676505e-01, 3.25096458e-01, 2.97318488e-01, 2.83271432e-01, 3.12312186e-01, 3.12030733e-01, 3.29478413e-01, 2.81527519e-01, 3.08320910e-01, 2.88582534e-01, 3.06075960e-01, 2.77255774e-01, 3.40189546e-01, 3.09246242e-01, 3.18837672e-01, 2.22904608e-01, 3.28533441e-01, 3.05371255e-01, 3.84251744e-01, -9.78890657e-02, -5.10619462e-01, -1.04447687e+00, 2.86445498e-01, 1.86508536e-01, 9.72447917e-03, 8.77239853e-02, -4.67232525e-01, -2.79874414e-01, 2.49552086e-01, -2.29182065e-01, 1.76789835e-01, 1.54578894e-01, 1.10309035e-01, 3.19528729e-01, -6.96061611e-01, -1.21109813e-01, -2.73866951e-01, -2.61306703e-01, -2.74741203e-01, -2.15557009e-01, -3.68734390e-01, 2.34288536e-02, -2.07493871e-01, -3.93868387e-01, -3.24206412e-01, -1.70527130e-01, -6.01839349e-02, -3.46752971e-01, 2.64813095e-01, -7.84039497e-02, -2.20931590e-01, -3.35079014e-01, -1.52527720e-01, -3.09268422e-02, 1.71642810e-01, 1.29857790e-02, 4.56832975e-01, 4.22071427e-01, 5.19506037e-01, -3.46198767e-01, -4.19812709e-01, -1.06100239e-01, -8.96078348e-02, -5.26392877e-01, -4.79825437e-01, -4.02037174e-01, -5.25391579e-01, -6.63527668e-01, 2.64623195e-01, 5.79319298e-02, -4.17880684e-01, -5.30212998e-01, -3.84090841e-01, -4.11137640e-01, -5.27516425e-01, -4.70918268e-01, -5.16628385e-01, -5.15621185e-01, -4.54257607e-01, -3.78409177e-02, -3.89502347e-01, -7.65581131e-02, -3.10195893e-01, -3.20049345e-01, -2.98762113e-01, -1.34021923e-01, -2.01584801e-01, -2.17403710e-01, -1.49953693e-01, -4.34660673e-01, -1.74248770e-01, -2.53418714e-01, -3.21084619e-01, -2.03878790e-01, -2.53794372e-01, -1.52620554e-01, -2.55779862e-01, -4.06109780e-01, -4.02073443e-01, -3.98429751e-01, -3.88841778e-01, -4.28206652e-01, -4.13371354e-01, -4.20984119e-01, -3.89334798e-01, -3.88248444e-01, -3.92633706e-01, 
2.58833557e-01, 2.83194631e-01, 2.64568686e-01, 2.60500908e-01, 2.58446068e-01, 2.38723829e-01, 2.85721093e-01, 3.30895573e-01, 3.29670310e-01, 3.02958041e-01, 2.90934205e-01, 2.91748077e-01, 2.58403182e-01, 2.56638676e-01, 3.01802188e-01, 2.82713473e-01, 2.83547610e-01, 2.91616768e-01, 3.36067110e-01, 3.16821277e-01, 3.53879809e-01, 3.12430710e-01, 3.58462274e-01, 4.10884172e-01, -5.26597738e-01, -5.99795520e-01, 5.47018409e-01, -7.10231066e-01, -6.56854630e-01, -5.03161132e-01, -7.42132187e-01, 4.60622072e-01, -5.36459327e-01, -2.24378288e-01, 1.02185689e-01, -4.39504117e-01, 7.84445882e-01, -1.02506846e-01, -3.33746791e-01, 1.19596243e-01, -3.16596091e-01, 9.55246687e-02, -4.33638781e-01, -2.85340309e-01, -4.74668324e-01, -2.18379617e-01, -2.71147937e-01, 3.05721939e-01, 1.50549665e-01, -1.67139724e-01, 2.92902291e-01, 1.70347124e-01, -3.28657702e-02, -6.60423338e-01, -6.12661481e-01, -3.55049223e-01, -3.12884390e-01, -1.08047046e-01, -4.59385037e-01, -3.49573523e-01, -1.69218872e-02, 4.67973143e-01, 6.13497078e-01, 4.45909947e-02, 4.97903794e-01, 6.05705202e-01, 1.98249519e-01, 7.75330663e-02, 1.68997332e-01, -3.28681767e-01, -3.13333303e-01, -3.92072350e-01, -3.91575962e-01, -2.14480713e-01, -4.26103681e-01, -4.72428977e-01, -6.00654423e-01, -4.04953688e-01, -2.59295166e-01, -4.36847061e-01, -4.58807826e-01, -4.42098647e-01, -4.38035518e-01, -4.38059211e-01, -4.85452354e-01, 6.45915866e-02, -1.13032363e-01, -2.73947656e-01, -2.47372150e-01, -3.07014048e-01, -2.78190702e-01, -9.90980119e-02, -3.16930294e-01, -1.20673418e-01, -2.92483121e-01, 8.89695957e-02, -1.36147082e-01, -2.69987434e-01, -1.03742272e-01, -1.83522597e-01, -2.71770984e-01, -1.72657683e-01, -2.72818983e-01, -3.60176384e-01, -4.13773805e-01, -3.98801565e-01, -4.08654243e-01, -4.22968179e-01, -4.18405503e-01, -4.22294110e-01, -4.23162222e-01, -4.01414841e-01, 
2.91004866e-01, 2.72418648e-01, 2.21716434e-01, 2.33553618e-01, 2.40587384e-01, 2.35578611e-01, 2.82628655e-01, 2.83736825e-01, 2.72185564e-01, 2.07740873e-01, 2.57444173e-01, 2.21064955e-01, 2.60845780e-01, 2.50382096e-01, 2.24686131e-01, 2.58938879e-01, 2.50901431e-01, 3.21199536e-01, 2.50017464e-01, 2.84498572e-01, 3.01034629e-01, 2.56022304e-01, 2.43982911e-01, 1.71372294e-01, -2.53087617e-02, -2.35631108e-01, -3.80595297e-01, 1.83590740e-01, -3.81464332e-01, -1.98807791e-01, 1.62976310e-02, -9.49503601e-01, -1.07360072e-01, -9.26124528e-02, -5.96891582e-01, -8.23527992e-01, -8.64137888e-01, -3.83886069e-01, -7.65165269e-01, -3.92989963e-01, -2.36040652e-01, -6.23461485e-01, 3.33333910e-02, -7.23637462e-01, 1.15482314e-02, -6.81404397e-02, 2.99656421e-01, 1.57321602e-01, -2.60536700e-01, -3.89590383e-01, -4.43563640e-01, 1.17582045e-01, -1.48382746e-02, -1.46993563e-01, -2.49589220e-01, 1.11578051e-02, 1.50069147e-01, -5.53185940e-01, -2.59824395e-01, 1.67540908e-01, 1.05053353e+00, 7.59479046e-01, -1.92838207e-01, -4.14122105e-01, -4.03887838e-01, 6.19848490e-01, -2.27554590e-01, -2.23747864e-01, 7.84510672e-02, -3.38669211e-01, -3.72320175e-01, -4.27160501e-01, -4.46735770e-01, -1.67249218e-01, -4.31808889e-01, -5.53558528e-01, -2.02818692e-01, -2.77033895e-01, -2.91325629e-01, -5.02213597e-01, -3.24547768e-01, -3.93348485e-01, -4.44233894e-01, -4.47970808e-01, -4.28346395e-01, 1.61692128e-01, -7.95946062e-01, -2.00076684e-01, -5.01384549e-02, -1.86299980e-01, -2.18905374e-01, -3.76438469e-01, -1.79228127e-01, -4.37443078e-01, -3.55659157e-01, -5.52054584e-01, -3.49904329e-01, -3.71111155e-01, -4.14235443e-01, -4.56662804e-01, -4.73215520e-01, -3.02313298e-01, -4.05885398e-01, -3.35156828e-01, -4.05682087e-01, -3.92501384e-01, -4.13425058e-01, -4.31458145e-01, -4.10555691e-01, -4.12798971e-01, -3.96046817e-01, -3.84938210e-01, 
2.98566639e-01, 2.61850327e-01, 2.58890301e-01, 2.67206788e-01, 2.44414419e-01, 2.30004176e-01, 2.69441098e-01, 2.31254548e-01, 2.51105160e-01, 2.52662629e-01, 2.29380697e-01, 2.38053575e-01, 2.44500428e-01, 2.28709430e-01, 2.66052067e-01, 2.48007506e-01, 2.39920571e-01, 2.41730288e-01, 3.02537084e-01, 2.88781434e-01, 2.72923589e-01, 2.28418171e-01, 2.66323686e-01, 2.12984785e-01, -2.75935233e-01, -4.21604544e-01, 1.32654458e-01, -5.40352166e-01, -1.08794749e+00, -2.37447828e-01, 4.58723485e-01, -3.26852202e-01, -4.64350641e-01, 4.79158647e-02, -6.38038754e-01, -4.74020451e-01, 7.07296133e-02, -4.68569934e-01, -8.46312702e-01, -1.51868701e-01, -8.10194314e-02, -4.84888047e-01, -3.51177275e-01, -6.38213634e-01, -5.84519804e-01, -3.95894945e-01, -5.82182348e-01, -3.65421146e-01, 3.09211165e-01, 1.71530217e-01, -2.88199604e-01, 1.12403944e-01, -2.59467393e-01, -3.15823972e-01, 2.70149391e-02, 6.90840483e-02, -1.72154129e-01, -6.51531965e-02, 1.72819868e-01, 1.13157272e-01, -3.88743728e-01, -9.69513357e-02, 2.07182750e-01, 1.37515053e-01, -2.46361747e-01, -4.76374999e-02, -3.08170944e-01, -3.72066051e-01, 7.41472840e-01, -2.60474592e-01, -2.30122238e-01, -4.21104670e-01, -4.43138450e-01, -3.68316352e-01, -4.43817466e-01, -4.07694519e-01, -3.13803434e-01, -2.04309985e-01, -2.82773644e-01, -1.93074137e-01, -4.36318785e-01, -4.31796968e-01, -4.02443767e-01, -4.14878696e-01, -5.01036346e-01, -1.60530210e-01, 2.52223819e-01, -2.87756696e-03, -4.89483327e-01, -1.15651920e-01, -1.26266956e-01, -1.60681427e-01, -1.98428392e-01, -3.13110173e-01, -7.69418478e-02, -2.06971601e-01, -3.90345991e-01, -2.30785191e-01, -3.49585682e-01, -3.24555308e-01, -1.55281529e-01, -3.69605362e-01, -8.36195648e-02, -2.35847637e-01, -4.17555183e-01, -4.18366730e-01, -4.15179759e-01, -4.28325623e-01, -4.16556269e-01, -4.14251417e-01, -4.15949851e-01, -4.25907969e-01, 
2.21805573e-01, 2.13725984e-01, 3.11620146e-01, 2.52300382e-01, 2.03749850e-01, 2.16342896e-01, 2.12671056e-01, 2.40090683e-01, 2.54888684e-01, 2.17125788e-01, 2.22650990e-01, 2.05088571e-01, 2.09506005e-01, 2.18043804e-01, 2.30979770e-01, 1.98485181e-01, 1.88875198e-01, 2.40999043e-01, 2.78459787e-01, 3.44327271e-01, 2.79449403e-01, 3.21080476e-01, 3.60499114e-01, 3.86557758e-01, -2.18007825e-02, -2.47151300e-01, -6.37733161e-01, -1.41777664e-01, -7.28323579e-01, -6.67841494e-01, -4.15804029e-01, 8.16326737e-01, -4.69502032e-01, -5.91729581e-01, 1.70941800e-01, -4.93198872e-01, -8.83574009e-01, -3.11628520e-01, -2.84149796e-01, -4.63738739e-01, -2.68812299e-01, -3.34285408e-01, -2.52834380e-01, -7.88192987e-01, -2.62145907e-01, -4.67879623e-02, 7.21124411e-02, 4.64663029e-01, -5.85112087e-02, -2.47135669e-01, 1.27145182e-03, -4.60588068e-01, -4.49703366e-01, -3.05191487e-01, 1.36442021e-01, -3.11328560e-01, -2.60515898e-01, -5.77012077e-02, 1.39773637e-01, 1.06089139e+00, 7.23186806e-02, -3.38044800e-02, -6.74910367e-01, -2.94384181e-01, -4.82421182e-02, -5.38367987e-01, -4.55654293e-01, 3.62230986e-01, -3.01097721e-01, -1.38533980e-01, -3.50235224e-01, -4.26280349e-01, -4.08467561e-01, -1.43172294e-01, -2.97010452e-01, -2.24878043e-01, 1.93565920e-01, 2.61164278e-01, 3.24368238e-01, -2.58595254e-02, 7.84222633e-02, -3.05444956e-01, -4.37956274e-01, -4.06200409e-01, -5.06523371e-01, -6.64933681e-01, -1.65491085e-02, -1.62607998e-01, -2.31825948e-01, -1.37973681e-01, -2.90746868e-01, -1.42659694e-01, -1.16165332e-01, -2.44319096e-01, -2.10269466e-02, -1.53242022e-01, -2.81642735e-01, -1.58574447e-01, -6.28966242e-02, -1.11971915e-01, -4.27780807e-01, -3.54039490e-01, -3.50700408e-01, -3.37295204e-01, -3.13381433e-01, -3.96396458e-01, -3.95789802e-01, -4.00947720e-01, -4.14439052e-01, -4.19171065e-01, -4.09906715e-01, -4.13233966e-01, 
2.00525045e-01, 1.73049793e-01, 2.31100470e-01, 2.06969261e-01, 1.94247559e-01, 1.62579820e-01, 1.97783366e-01, 1.94006026e-01, 1.94303870e-01, 1.78472027e-01, 1.97781399e-01, 1.80248410e-01, 1.63623691e-01, 2.17385799e-01, 2.38710582e-01, 2.04976812e-01, 2.26974204e-01, 2.09411860e-01, 2.22747028e-01, 2.45422736e-01, 2.35842153e-01, 2.81190038e-01, 2.54252493e-01, 1.77548289e-01, -3.64065856e-01, -6.93118393e-01, -5.71820080e-01, 5.67477405e-01, 1.34835273e-01, -2.95859218e-01, -8.11185479e-01, -8.92938152e-02, 5.85341692e-01, 4.64527845e-01, -1.26698768e+00, 8.33983794e-02, -7.42015243e-02, -1.89391553e-01, -3.07396293e-01, -4.37888980e-01, -2.53134161e-01, 1.37122616e-01, -6.84513211e-01, -4.12287742e-01, -3.04278702e-01, -3.80294919e-01, -2.95646787e-01, -3.09806764e-01, -5.99454999e-01, -7.59896711e-02, -7.13536620e-01, -9.47006285e-01, -3.94587040e-01, 1.02510430e-01, -2.95390487e-01, -2.21629113e-01, -2.44834363e-01, -2.92568326e-01, -4.92614135e-02, -1.00016430e-01, 4.07332420e-01, 2.32425645e-01, 1.48723051e-02, 2.64865965e-01, 2.72944629e-01, 8.56363297e-01, -5.37267625e-01, -9.96129289e-02, -6.51939400e-03, -5.51667869e-01, -2.66773492e-01, -4.25427437e-01, -4.04168576e-01, -2.64228165e-01, -1.35830976e-02, 3.22165042e-01, -1.50411561e-01, -1.01054378e-01, -3.76692265e-01, 1.01112481e-03, 1.35698959e-01, 2.57703960e-01, -6.81748465e-02, -4.16336983e-01, -3.89869273e-01, -2.97574043e-01, -4.59208518e-01, -7.90852308e-03, 1.45013500e-02, -3.84008795e-01, -1.22989871e-01, -4.09820288e-01, -1.23223163e-01, -2.66060829e-01, -4.91211236e-01, -3.31282765e-01, -4.47959870e-01, -5.06351948e-01, -3.48459989e-01, -1.14719711e-01, -2.59356439e-01, -3.05866808e-01, -4.05504346e-01, -3.20037812e-01, -3.65503758e-01, -4.03683513e-01, -3.76954794e-01, -4.16835815e-01, -4.17301208e-01, -4.25431103e-01, -4.08168525e-01, -4.08371210e-01, 
2.25816607e-01, 2.04071820e-01, 2.42213041e-01, 1.92420021e-01, 1.87640876e-01, 1.96917117e-01, 2.22245753e-01, 2.60748088e-01, 2.50187188e-01, 1.90398455e-01, 1.64550006e-01, 1.84217826e-01, 1.55143127e-01, 2.52647638e-01, 1.37947977e-01, 1.81043938e-01, 2.22254515e-01, 2.22053990e-01, 2.56254196e-01, 1.95120469e-01, 2.18679622e-01, 2.02576920e-01, -8.96476731e-02, -3.02755564e-01, -4.33387458e-01, -1.00299045e-01, -2.60140538e-01, 7.61768639e-01, 4.43003803e-01, 1.01368576e-01, 2.28263810e-03, -3.57781082e-01, -3.63919407e-01, -7.90017128e-01, -3.95061642e-01, -9.31193382e-02, 2.34763790e-03, -3.18599463e-01, -5.57914786e-02, -2.14731134e-02, 7.15991780e-02, -3.04947078e-01, -5.28385937e-01, -3.26159894e-01, -6.76243901e-01, -4.46649104e-01, -5.85450709e-01, -1.51688367e-01, -2.03042626e-01, -7.94698179e-01, -3.93353581e-01, -4.78538930e-01, -1.02682829e-01, 2.58753598e-01, 6.74963370e-02, -4.04178560e-01, -1.28344655e-01, -3.43909562e-01, -5.82462668e-01, -9.90872830e-02, -1.31350949e-01, -9.14795220e-01, -8.49056691e-02, 1.20649859e-01, 4.42511439e-01, -3.09753805e-01, 9.57463831e-02, -3.20423037e-01, -3.28058302e-01, -4.03862774e-01, -3.12478065e-01, -4.45391864e-01, -4.10235554e-01, -2.56180108e-01, -2.82576263e-01, -1.09118976e-01, 1.00722559e-01, 1.04361005e-01, -1.54124871e-01, -4.51035291e-01, -7.41780400e-02, -8.94048065e-02, 6.51814342e-02, -4.74961773e-02, -4.81278151e-01, -4.69699740e-01, -3.91929448e-01, -4.13825989e-01, -1.79368392e-01, 1.41780406e-01, 7.41674155e-02, -2.83379257e-02, -2.87998945e-01, -2.15590093e-02, -3.61319661e-01, -2.41163000e-01, -3.63895625e-01, -2.44507775e-01, -2.36475244e-01, -1.77623600e-01, -3.54640514e-01, -3.01341683e-01, -1.62740409e-01, -3.52789670e-01, -3.89893681e-01, -4.21874285e-01, -3.64174873e-01, -3.75893384e-01, -4.18235153e-01, -4.16577965e-01, -4.06297356e-01, -4.10062373e-01, 
1.70224100e-01, 1.24435231e-01, 1.83027610e-01, 1.48995191e-01, 1.79821998e-01, 1.10134162e-01, 1.05320379e-01, 1.51129559e-01, 1.42555326e-01, 1.00650214e-01, 1.55285493e-01, 1.32392913e-01, 1.11370280e-01, 1.46895230e-01, 1.79972172e-01, 1.79229423e-01, 1.65865004e-01, 1.54508010e-01, 2.20023870e-01, 1.63526699e-01, 2.05381483e-01, 2.24242896e-01, 2.76041329e-01, 3.64849210e-01, -2.82553732e-01, -4.14022923e-01, 4.60223883e-01, -3.03917266e-02, -1.08805567e-01, 7.21641541e-01, 6.14290297e-01, -4.80223358e-01, -9.97796953e-01, 2.59647429e-01, -6.48663998e-01, -7.77724981e-01, -1.02415740e+00, 3.87061164e-02, -6.36788189e-01, -5.38704336e-01, -7.01741278e-01, -5.46770692e-01, -5.98251939e-01, -5.37190616e-01, -6.91616893e-01, -5.79181433e-01, -4.22888130e-01, -3.43623459e-01, -2.94458300e-01, -3.27300310e-01, -3.93755823e-01, -5.68950653e-01, -1.70721725e-01, -1.57187641e-01, -9.55477282e-02, -2.60064423e-01, -1.94735840e-01, -7.66456425e-02, 3.32149863e-01, 4.79209684e-02, -8.95958066e-01, -4.64294642e-01, 2.56532729e-02, -3.91158164e-01, -7.38259077e-01, -8.08828890e-01, -2.24407703e-01, -2.57353932e-02, -4.04101878e-01, -3.30869824e-01, -3.15558791e-01, -5.13721228e-01, -3.34731638e-01, 9.20263678e-03, -4.50096786e-01, -3.20696175e-01, 4.83598076e-02, -5.35866022e-02, -7.45212808e-02, -1.16135836e-01, -5.20328879e-01, -2.93812633e-01, -1.16469942e-01, -6.57314658e-02, -3.53013158e-01, -4.13712800e-01, -4.00931001e-01, -2.11927339e-01, -9.88779217e-02, -1.32892847e-01, -2.21547127e-01, 8.85934234e-02, -1.64064810e-01, -2.08884940e-01, -2.22595394e-01, -1.08811684e-01, -1.86754674e-01, -3.10237885e-01, -3.97028208e-01, -3.78639311e-01, -4.42475200e-01, -4.67959851e-01, -4.85468119e-01, -4.44697499e-01, -4.10636872e-01, -4.03151929e-01, -3.94651324e-01, -4.33019906e-01, -4.21049029e-01, -4.16250139e-01, -4.18125182e-01, -4.18060869e-01, 
1.18912809e-01, 5.00357524e-02, 1.14156686e-01, 1.61641419e-01, 1.03661984e-01, 6.36115521e-02, 8.55493248e-02, 1.47463247e-01, 1.35891944e-01, 6.32262379e-02, 1.35503158e-01, 1.44176573e-01, 1.24948025e-01, 1.30825087e-01, 2.15618983e-01, 1.35067180e-01, 1.20615408e-01, 1.17554285e-01, 1.63116887e-01, 1.98431790e-01, 2.07056552e-01, 2.07687438e-01, 8.18494260e-02, -2.93975949e-01, -3.62975836e-01, -4.68415380e-01, -3.15142870e-01, -8.02993536e-01, -8.65714431e-01, -5.56741133e-02, 3.17044854e-02, 3.92942548e-01, -6.16945207e-01, -1.41928339e+00, 6.17002726e-01, 1.55883029e-01, -3.97435933e-01, -8.85624230e-01, 3.28929156e-01, 1.76424831e-01, 3.39230932e-02, -5.73063016e-01, -4.80408490e-01, -4.65074837e-01, -1.49542421e-01, -4.25956517e-01, -4.94949669e-02, -2.30538603e-02, -2.54596204e-01, -2.21277013e-01, 2.61707604e-01, 2.38167107e-01, -1.67797297e-01, -1.60154440e-02, -3.96240205e-01, -6.90521747e-02, -2.58698501e-03, 1.01881914e-01, -1.33262560e-01, -7.94669569e-01, -2.36857533e-01, -2.56191455e-02, 4.01457101e-01, 5.67524843e-02, -2.18976617e-01, 2.83539861e-01, 1.25703126e-01, -2.48459041e-01, -1.77984796e-02, -2.72507519e-01, -4.78149503e-01, -4.19258684e-01, -4.27694887e-01, -3.20674926e-01, -7.67088979e-02, -3.82112116e-01, -5.04477024e-01, -3.72740865e-01, 1.60124466e-01, -9.79166031e-02, -2.61746347e-01, -2.12675750e-01, -1.45898551e-01, -1.29070491e-01, 1.62648201e-01, 1.94221497e-01, -3.51969361e-01, -3.63161176e-01, -1.72622889e-01, -1.30547494e-01, -3.93544108e-01, -2.41352409e-01, -1.74029052e-01, -4.52140152e-01, -3.95623237e-01, -1.31539345e-01, -3.11057121e-01, -2.04731613e-01, -3.01471114e-01, -3.51757169e-01, -3.14694643e-01, -3.97825301e-01, -3.30352634e-01, -3.78524959e-01, -3.87557477e-01, -3.93335402e-01, -3.74565840e-01, -4.02728885e-01, -4.17753845e-01, -4.13800925e-01, -4.09759283e-01, -4.14952129e-01, 
7.71409571e-02, 2.11552754e-01, 2.71491438e-01, 2.36147121e-01, 1.47556677e-01, 6.24717698e-02, 7.03877443e-03, 6.22918569e-02, 9.13780928e-02, 6.96127340e-02, 1.23775892e-01, 1.09112799e-01, 6.82706833e-02, 1.07423496e-02, 8.21002498e-02, 9.37353596e-02, 8.69843215e-02, 9.66061726e-02, 1.02920108e-01, 1.36962473e-01, 1.48587987e-01, 1.63785338e-01, 4.67386097e-02, -3.26022506e-01, -5.17762005e-01, -2.91431874e-01, -5.78333616e-01, -5.99152073e-02, -1.94682315e-01, -1.67359084e-01, -1.22001112e+00, -3.72837670e-02, 1.30454138e-01, -9.53052104e-01, -9.75291193e-01, -8.33236516e-01, -7.21811533e-01, 8.57408643e-01, -6.72415376e-01, 2.28029087e-01, 7.49216735e-01, 3.16690728e-02, -2.34014988e-01, -2.58793868e-02, -2.14417204e-01, 6.55935481e-02, -1.26102090e-01, -3.69741023e-02, 2.15849668e-01, 2.13658988e-01, -5.04248403e-02, 3.48183036e-01, -1.83802843e-01, -2.63220787e-01, -3.31922054e-01, -3.05652171e-01, -1.13581315e-01, -2.87198514e-01, 8.33871141e-02, 5.83719671e-01, 1.83212847e-01, 4.18996334e-01, 2.43496448e-01, 3.64617676e-01, 2.43623257e-01, -3.97276580e-01, 2.12046742e-01, -8.13038707e-01, -2.31893167e-01, 4.79156636e-02, -3.29133928e-01, -4.15510684e-01, -4.15332168e-01, -4.29107606e-01, -3.80895972e-01, -4.64481473e-01, -5.11949897e-01, -5.55226743e-01, -6.70598745e-01, -4.05086726e-02, 1.47695720e-01, -5.90872802e-02, -1.71929106e-01, -2.47775778e-01, 3.49208713e-04, -1.95333436e-01, -1.48014069e-01, -4.06231135e-01, -1.88271135e-01, -2.82763720e-01, -1.91614226e-01, -2.99205214e-01, -3.24867040e-01, 8.04711655e-02, -2.99415112e-01, -2.10232794e-01, -3.41089278e-01, -4.26684588e-01, -4.94849592e-01, -5.05411923e-01, -4.52767789e-01, -3.52707207e-01, -3.58333588e-01, -2.74094403e-01, -3.27002048e-01, -3.72328311e-01, -3.96270603e-01, -4.26767498e-01, -4.19977218e-01, -4.38821137e-01, -4.41667378e-01, -3.48397166e-01, 
1.47062942e-01, 1.81269437e-01, 1.65907800e-01, 1.31927878e-01, 7.78486431e-02, 6.97304308e-03, -2.24637389e-02, -2.65111290e-02, 5.63752241e-02, 1.09832495e-01, -1.05326017e-02, 6.97826445e-02, 9.62426215e-02, 3.39558348e-02, -6.12714328e-03, 6.46585971e-02, 1.19496457e-01, 1.18014425e-01, 9.52655524e-02, 8.96880776e-02, 1.55471355e-01, 1.30065069e-01, 5.00123873e-02, -5.74601650e-01, -5.83337963e-01, -5.18825829e-01, -1.27582014e-01, -4.97406244e-01, -5.29702425e-01, 4.15640697e-02, -3.46160829e-01, -1.50800669e+00, -4.44026440e-02, 9.71661925e-01, 5.94948232e-01, -2.10357711e-01, -3.68876189e-01, -9.23004806e-01, -3.39663237e-01, -4.97134030e-01, -7.34018147e-01, -4.99534696e-01, -3.35294664e-01, -3.29130590e-01, -1.86947197e-01, -1.90197304e-01, 1.47234842e-01, 3.51256132e-01, 6.20660424e-01, -3.65228146e-01, 2.09514007e-01, -4.55974787e-03, -2.80583203e-01, -4.41549480e-01, -6.24194406e-02, -1.26671866e-01, -9.74074304e-02, 4.92627591e-01, 8.21122825e-01, 1.28262594e-01, 5.98918498e-02, -8.17463547e-02, 4.26910259e-02, -2.66295642e-01, 3.89325738e-01, -1.81155503e-01, -7.97454044e-02, -9.76494104e-02, -8.67447406e-02, -4.23192859e-01, -4.18319970e-01, -3.48957598e-01, -4.07825619e-01, -6.31838739e-01, -4.27100003e-01, -3.90055060e-01, -3.83306444e-02, 6.00642785e-02, 1.72333285e-01, -1.58664703e-01, -5.53789437e-01, -4.08996582e-01, -3.19198787e-01, -1.92355052e-01, -7.21256435e-03, 3.37781608e-02, 8.74265358e-02, -3.35195065e-01, -4.98005301e-01, -3.80576789e-01, -2.76352316e-01, -3.15963149e-01, -2.08546311e-01, -2.96077609e-01, -1.51294023e-01, -3.28934371e-01, -3.87523681e-01, -7.78126419e-02, -2.81367570e-01, -3.90519142e-01, -4.66998309e-01, -4.32916939e-01, -4.05056775e-01, -4.26641077e-01, -4.45010453e-01, -4.11009461e-01, -3.73110861e-01, -4.14921701e-01, -4.54873294e-01, -1.29981726e-01, 2.82972604e-01, 2.76837766e-01, 
1.07930340e-01, 7.88804069e-02, 1.30089894e-01, 1.30292669e-01, 3.23125161e-02, 7.78805465e-02, 1.33827984e-01, 6.77298829e-02, -2.14484818e-02, 3.44884843e-02, 2.02435553e-02, 5.28782532e-02, 6.54696673e-02, 2.08585039e-02, -8.43461230e-02, 1.36703059e-01, 1.13705724e-01, 1.05297707e-01, 8.38918239e-02, 5.75747639e-02, 1.55863494e-01, 1.34837970e-01, 2.25846410e-01, -2.73494087e-02, -2.25532413e-01, -2.32057899e-01, -2.73276597e-01, 2.38888726e-01, 7.27854013e-01, -5.61679840e-01, -5.42689204e-01, -4.57900971e-01, -6.29557014e-01, 1.93245441e-01, -4.52415556e-01, 9.84439254e-03, 2.85775453e-01, -4.80058670e-01, -3.02451134e-01, 4.76867110e-02, -8.12995553e-01, -3.10861558e-01, -7.98205256e-01, -5.72046757e-01, -1.79709241e-01, 1.41209513e-02, -4.38369662e-01, -1.69215992e-01, -1.93934038e-01, 4.10882294e-01, 2.96358436e-01, -1.53180972e-01, -2.55354077e-01, -1.67924955e-01, -4.23337594e-02, -3.22828770e-01, 4.93944138e-02, 5.28286584e-03, 3.91980886e-01, -2.77970076e-01, 2.44513139e-01, -2.46405005e-01, -2.76791304e-01, -4.53986436e-01, 8.33605677e-02, 1.16500914e-01, -2.48993576e-01, 5.36736622e-02, -8.92060772e-02, -2.20645487e-01, -4.15031910e-01, -3.34780067e-01, -4.07708853e-01, -5.71142554e-01, -4.73462641e-01, -6.18098564e-02, -2.30544090e-01, -4.91145998e-01, -3.88015091e-01, -5.15774310e-01, -2.13614345e-01, -3.93705279e-01, -4.03727770e-01, -1.59894824e-01, 2.89193243e-01, -1.92294687e-01, -4.37573969e-01, -3.72149557e-01, -3.82411152e-01, -1.07089639e-01, -5.04606664e-02, -2.60956109e-01, -1.77610502e-01, 1.42018080e-01, -4.65592183e-03, -2.74120510e-01, -1.99025005e-01, -2.88566738e-01, -3.58689964e-01, -2.16208443e-01, -4.34655339e-01, -3.83266926e-01, -3.59225094e-01, -4.01819229e-01, -4.15618420e-01, -4.51058745e-01, -2.65434265e-01, -4.89345193e-02, 1.59002304e-01, 1.88547522e-02, -2.31670290e-01, -2.58507401e-01, 
-2.61116475e-02, 1.03009149e-01, 5.01561649e-02, 6.63615763e-02, 1.13111101e-01, 8.36566091e-02, 5.09782843e-02, 9.27467048e-02, 2.04236601e-02, -1.50997993e-02, -4.31594625e-03, 4.69631702e-03, -4.18936461e-02, 2.22072676e-02, 9.48873907e-03, 4.05808650e-02, 8.87014270e-02, 1.25273675e-01, 9.46518034e-02, 9.90106985e-02, 8.04295465e-02, 7.97450989e-02, -1.98111564e-01, -2.38302171e-01, -1.52754307e-01, -3.32977951e-01, -3.44705701e-01, -2.85856962e-01, -1.83279410e-01, -1.31351829e+00, -3.46627206e-01, -8.23257267e-01, -5.26328325e-01, -2.06955634e-02, -1.01158082e+00, -4.37259763e-01, 3.09691638e-01, -5.55840611e-01, -7.26548433e-01, -2.52516538e-01, -6.52805865e-01, -3.84225607e-01, -7.35593736e-02, -3.87276649e-01, 3.87665182e-02, 2.84998938e-02, -1.04912743e-02, -2.13594101e-02, -3.08696449e-01, -1.37047872e-01, -3.63304839e-02, 1.94552094e-01, -4.05800343e-01, -1.73517540e-01, -1.96813941e-01, -1.17777109e-01, -6.32868588e-01, -5.94847277e-02, -6.83490276e-01, -7.37639248e-01, -4.40969646e-01, -1.08773577e+00, 3.71350497e-02, 8.63396645e-01, 8.38291943e-01, -1.97725035e-02, -3.10366064e-01, -3.67624521e-01, -2.61518091e-01, -2.61890739e-01, -3.96350771e-01, -2.97679037e-01, -4.57708240e-01, -5.02097964e-01, -4.27246332e-01, -1.10088170e-01, -5.31569242e-01, -2.53282219e-01, 1.57648265e-01, 1.39751762e-01, -2.31143072e-01, -4.58959579e-01, -3.28173816e-01, -3.45758289e-01, -5.13508081e-01, -2.70570576e-01, -2.08639115e-01, 3.95378061e-02, -4.65711772e-01, -2.16623783e-01, 5.30741930e-01, -1.52572796e-01, -1.64996371e-01, -1.24206141e-01, -3.16569597e-01, -2.02162378e-02, -3.67840469e-01, -4.33239490e-01, -3.62827301e-01, -3.92805159e-01, -4.08782125e-01, -3.77499819e-01, -4.16413546e-01, -3.05782169e-01, -9.92039815e-02, -1.81335986e-01, 1.16291560e-01, 7.68669918e-02, -1.34230316e-01, -2.48172339e-02, -1.51197210e-01, -2.53422052e-01, 
4.32483628e-02, 8.65648687e-02, 2.92162560e-02, 3.75232399e-02, 6.62691444e-02, 9.03509557e-03, -1.95974205e-02, -4.32007946e-02, 1.49744190e-02, -4.10028994e-02, -6.01735450e-02, 2.36814953e-02, -1.78701133e-02, 6.20560348e-02, -3.25087085e-02, -2.03559678e-02, 5.88566884e-02, 1.16720777e-02, 3.68321463e-02, 8.51516277e-02, 5.93048036e-02, -7.51807820e-05, 1.35603935e-01, -3.03431332e-01, -4.10521120e-01, -2.40322486e-01, -4.28805530e-01, -3.05895209e-01, -6.59993529e-01, -6.49770379e-01, 3.65559399e-01, 1.31276324e-02, -4.46662158e-02, -2.16421917e-01, -6.14652336e-01, -3.66482347e-01, -4.68051620e-03, -3.83305311e-01, -7.05349073e-02, -4.11519796e-01, -1.96818709e-01, -2.22412914e-01, -6.22740872e-02, 1.67006955e-01, -2.15730801e-01, -7.79379606e-01, -4.96170849e-01, -9.75606859e-01, -2.06664532e-01, 8.79312381e-02, -1.81866691e-01, -5.50456643e-01, -2.69893646e-01, -1.17110737e-01, -1.92043006e-01, -2.72954047e-01, -3.20511520e-01, -5.41104257e-01, -6.01177037e-01, -3.32576811e-01, -4.87308025e-01, -5.33887029e-01, -2.61204571e-01, -7.32562318e-02, 1.48383379e-01, -3.63302290e-01, -1.25007823e-01, 2.58110940e-01, -7.31524527e-02, -2.31675789e-01, -1.45459414e-01, -4.50431883e-01, -3.64841759e-01, -4.53008324e-01, -4.18304354e-01, -6.44383013e-01, -3.73904705e-02, 1.58578856e-03, 2.05583543e-01, 7.62172267e-02, 5.20951807e-01, 4.31247652e-01, -6.60407960e-01, -3.44263315e-01, -3.50899577e-01, -5.85258007e-02, -2.78129101e-01, -4.56715338e-02, -3.52738559e-01, -3.75319928e-01, -2.85481602e-01, -3.35367382e-01, -8.67524296e-02, -1.25897512e-01, -2.36471310e-01, -4.40154254e-01, -2.42870018e-01, -4.76695240e-01, -4.12198663e-01, -4.09842283e-01, -4.22943592e-01, -4.13025528e-01, -3.50358993e-01, -4.01511639e-01, -2.06699923e-01, -3.75833213e-01, -3.68723631e-01, -1.88956022e-01, -1.34878993e-01, -8.74805525e-02, -4.14133519e-02, -2.41635561e-01, 
-2.43260358e-02, 2.12941375e-02, 7.99666494e-02, 4.77146767e-02, -7.38096796e-03, 8.36259034e-03, -1.28848311e-02, -3.79368477e-03, -1.51793677e-02, -2.25322470e-02, -8.64230245e-02, -7.66604468e-02, -5.83012551e-02, -3.42513397e-02, -3.98367718e-02, -3.82650383e-02, -5.45824617e-02, 1.73092149e-02, 3.66703980e-02, 5.23403883e-02, 7.01695085e-02, 1.22830585e-01, 1.52026251e-01, -1.13624722e-01, -2.54637331e-01, -2.35564977e-01, -4.32890326e-01, -2.62353331e-01, -5.97511292e-01, -7.18034953e-02, 8.90988708e-02, 1.83647767e-01, -5.90420663e-01, -4.06011641e-01, -3.81047726e-01, 4.84710813e-01, -3.73901546e-01, 3.97042185e-01, -9.22979116e-02, -3.33143979e-01, -2.69132614e-01, -5.29228270e-01, -4.44831401e-01, -5.24047494e-01, -5.11461079e-01, -1.00389071e-01, -1.11748233e-01, -2.86900699e-01, -1.16444454e-02, -1.49273425e-01, -2.69217521e-01, -2.80966908e-01, 1.55821383e-01, 7.86339492e-02, -1.58961415e-01, -3.56305949e-02, 2.74728164e-02, 5.52354343e-02, -2.34179467e-01, -1.29276693e-01, -5.36097348e-01, -2.77081132e-03, -6.19793832e-01, -2.83187777e-01, -4.61158216e-01, 8.21760952e-01, 3.26452345e-01, -2.96868324e-01, -6.57480538e-01, -2.73525357e-01, -1.55759424e-01, -3.78622919e-01, -4.22507703e-01, -3.68797660e-01, -6.23212159e-01, -4.54277277e-01, -2.04305336e-01, -2.24250201e-02, -3.36663902e-01, 1.95626736e-01, -2.88400412e-01, -6.98890761e-02, 5.70007503e-01, 2.05078229e-01, -3.62944335e-01, -5.50060511e-01, -1.87857807e-01, -3.21132988e-01, -1.91008657e-01, -4.09544975e-01, -4.49512482e-01, -3.88408840e-01, -1.54875174e-01, -2.54249305e-01, -5.52162454e-02, -2.95216650e-01, -4.19960499e-01, -2.43601710e-01, -3.03551555e-01, -3.36308360e-01, -4.55209166e-01, -2.81086892e-01, -2.97189467e-02, 8.01045373e-02, -5.34774512e-02, 5.22496887e-02, -3.90979312e-02, -1.03273362e-01, -1.44445837e-01, -2.72006303e-01, -1.89012975e-01, -2.04110429e-01, 
-5.67890219e-02, 1.12870615e-02, 3.07865851e-02, 2.60910727e-02, 7.05769062e-02, -9.25125554e-03, -4.40733060e-02, -1.73223373e-02, -3.65009680e-02, -9.85378549e-02, -4.68202978e-02, -4.91565801e-02, -8.46753046e-02, -3.70507240e-02, 6.54123947e-02, -5.32422736e-02, -6.89037740e-02, -1.69734843e-03, 6.15159571e-02, -1.05416169e-02, 4.69120145e-02, 1.64408058e-01, 4.75551933e-02, -2.48953924e-02, -3.33719283e-01, -4.85566020e-01, -3.04648131e-01, -4.61710185e-01, -2.07588226e-01, -4.85925227e-01, -2.11159319e-01, -3.42278592e-02, 1.21564604e-01, -6.43515110e-01, -1.01456630e+00, -5.11702418e-01, -6.94741011e-01, -5.14593899e-01, 2.94582367e-01, -4.64060336e-01, -9.82917622e-02, -1.24119520e-01, -5.15254498e-01, 2.81218439e-03, -2.48024851e-01, -1.46976411e-01, 6.42895140e-03, -1.45199776e-01, 8.43432695e-02, -2.41002873e-01, -3.47935081e-01, 3.47259581e-01, -4.73084360e-01, -2.03727692e-01, -4.94036600e-02, 1.04238540e-01, -1.21663958e-01, 1.01603530e-01, 1.60143040e-02, 9.01483297e-02, -3.74848068e-01, -8.85088146e-01, 6.57848001e-01, -6.73705637e-02, -1.16212331e-01, -1.08706832e+00, -4.80768681e-01, -4.39230829e-01, 2.10993774e-02, -2.04031140e-01, -3.60159546e-01, -3.67010593e-01, -4.21662897e-01, -4.06605482e-01, -3.27157706e-01, -3.50569248e-01, -3.87820601e-01, -1.90186456e-01, -1.44901246e-01, -1.86067391e-02, -5.35154760e-01, -3.41613501e-01, -2.76282370e-01, 1.55056953e-01, 2.92227902e-02, -1.84788033e-01, -2.40322322e-01, -3.21288228e-01, -1.25458956e-01, -1.93099916e-01, -2.03520283e-01, -1.96537048e-01, -1.65220916e-01, -1.99549839e-01, -1.72590524e-01, -1.63406149e-01, -3.18584204e-01, -4.44627047e-01, -2.20960706e-01, -3.72460455e-01, -1.62551761e-01, -3.42881978e-02, -1.39654845e-01, -2.40853429e-01, -1.52328461e-01, -2.98741847e-01, -2.26119682e-01, -1.28926665e-01, -1.24070145e-01, -6.72583133e-02, -2.09663942e-01, -1.68950304e-01, 
4.78907153e-02, 3.72285768e-02, 3.01541835e-02, 1.66425165e-02, 3.09061967e-02, -3.09461597e-02, 1.06250439e-02, -8.21952373e-02, -9.48547125e-02, -5.07142991e-02, -4.12256867e-02, -3.51503640e-02, -5.89246340e-02, -3.08996607e-02, -3.28006595e-02, 8.25088378e-03, 2.04492621e-02, -2.31329352e-03, -4.53971773e-02, -3.74530181e-02, 1.62644461e-02, 7.57076442e-02, -6.84488341e-02, -3.28329533e-01, -5.67549467e-01, -6.09689355e-01, -2.42874771e-01, -1.83099613e-01, -3.97951841e-01, -1.83432341e-01, -2.69787490e-01, -2.95100391e-01, -7.63244778e-02, -2.43405357e-01, -2.41961882e-01, -3.78842801e-01, -3.17138880e-02, 8.41363668e-02, -3.08097489e-02, 4.46822569e-02, -2.24264748e-02, -2.64380902e-01, -3.64696741e-01, -4.82945353e-01, 2.80738473e-01, -1.93090513e-01, -2.11972892e-01, -6.42126083e-01, -3.61713946e-01, -3.59028667e-01, 2.03506023e-01, 4.37909245e-01, -5.38037777e-01, -5.79285085e-01, -2.94072628e-01, -3.68911684e-01, 1.95027143e-01, 1.41614825e-02, -1.11665174e-01, 1.49035081e-03, -4.25468296e-01, -3.99760783e-01, -4.45357442e-01, -4.05780971e-01, -3.43525976e-01, -3.84397179e-01, -1.09432817e-01, -6.47709072e-01, -3.22540075e-01, -3.72070849e-01, -5.32164872e-01, -4.28358465e-01, -4.21434253e-01, -3.94130498e-01, -3.93982828e-01, -3.26297462e-01, -3.68532658e-01, -4.88642305e-02, 1.16488384e-02, -2.55422473e-01, 2.91598767e-01, -4.26994503e-01, -2.91110158e-01, -1.89318493e-01, -3.10770541e-01, -3.14367592e-01, -8.48850906e-02, -2.58588910e-01, -2.75490195e-01, -2.16058075e-01, -3.10320079e-01, -1.42775178e-01, -2.59414405e-01, -3.63535911e-01, -4.64097768e-01, -2.92584807e-01, -4.40495640e-01, -3.03541720e-01, -5.82471609e-01, -7.17207193e-02, 2.02567838e-02, -1.55384973e-01, -1.32534012e-01, -2.06577748e-01, -1.95236742e-01, -1.23071387e-01, -1.27793811e-02, 5.26097231e-03, -9.92188901e-02, -2.96635181e-01, -2.78956026e-01, -2.84683257e-01, 
3.84807363e-02, 1.29457107e-02, -2.98919417e-02, -2.50387117e-02, -3.56318280e-02, 4.42974176e-03, -3.32198292e-02, -8.94118696e-02, -8.24748427e-02, -1.37445070e-02, -8.35108534e-02, -3.58382985e-02, -8.18467140e-02, -4.40294296e-02, -4.48816493e-02, -7.24054687e-03, 5.57294115e-03, -7.42133260e-02, -5.01735508e-02, 2.83777788e-02, -1.73448436e-02, -7.67863691e-02, -5.13231397e-01, -6.49611771e-01, -4.86049235e-01, -4.23414946e-01, -4.17279303e-01, -4.42372203e-01, 2.21899878e-02, -5.14618754e-02, -1.15308039e-01, 3.94579351e-01, 1.90820359e-02, -4.31652427e-01, -2.57132113e-01, -7.59788156e-01, -4.98743474e-01, -6.09021187e-01, -6.37043357e-01, -2.77843833e-01, -2.59629160e-01, -5.01804799e-02, -3.51807922e-01, -5.54203033e-01, -8.80100280e-02, 2.30647981e-01, -1.00636836e-02, 1.05728634e-01, -1.59079298e-01, -8.82963613e-02, 1.70380577e-01, -3.60794425e-01, -1.72397882e-01, -3.91697973e-01, -6.10381186e-01, 9.00012925e-02, -3.24238986e-01, -1.39832526e-01, -3.52182299e-01, -1.86325639e-01, -6.35455698e-02, 1.19699739e-01, -5.57711303e-01, -2.92145044e-01, 6.67215168e-01, 1.23737611e-01, -3.44549894e-01, -2.24361137e-01, -1.24511778e-01, 6.62112236e-03, -4.05194908e-01, -4.16581810e-01, -4.65511799e-01, -4.25854921e-01, -4.32168543e-01, -3.75226915e-01, -1.75440490e-01, 2.11893007e-01, 6.71328008e-02, -1.29311364e-02, -3.65699023e-01, 3.06157887e-01, 1.49736181e-01, -1.23586163e-01, -9.28884596e-02, 2.86410209e-02, -2.87275076e-01, -2.63639301e-01, -7.07377553e-01, -1.86579496e-01, -2.21155941e-01, -2.75614202e-01, -1.75381392e-01, -7.85659179e-02, -1.13028400e-01, -2.93143660e-01, -3.53917390e-01, -4.34548795e-01, -6.11071251e-02, -1.66840166e-01, -2.00505763e-01, -1.58723250e-01, -1.77375883e-01, -4.09893207e-02, -8.45246166e-02, -8.76309872e-02, -1.13995701e-01, -2.08466113e-01, -2.64648497e-01, -2.85138965e-01, -3.13087463e-01, -2.28207976e-01, 
7.49331489e-02, 2.85279006e-02, 6.26376737e-03, -1.24536362e-02, -1.97739340e-03, -3.28912959e-02, -4.95595932e-02, -6.54728413e-02, -6.99186176e-02, 9.60159115e-03, 4.09267545e-02, 9.96943470e-03, -4.16036025e-02, -8.86793137e-02, -4.96966839e-02, -6.08087927e-02, 1.52631328e-02, 3.45233921e-03, -6.34391978e-02, -1.22982245e-02, -6.09878972e-02, 1.11205662e-02, -4.99485768e-02, -3.13036531e-01, -3.07905763e-01, -9.75937694e-02, -5.38985990e-03, -2.65223950e-01, -5.77317059e-01, 2.92263567e-01, -2.84990249e-03, -2.28936404e-01, 1.10935010e-01, -5.44624701e-02, 5.21457344e-02, 1.72625110e-02, -9.33639765e-01, -1.89451307e-01, -7.97515690e-01, 3.04581281e-02, -2.73099512e-01, -7.06269592e-02, -8.24501067e-02, -2.41830915e-01, -3.80805522e-01, -2.08326265e-01, -2.30826050e-01, -5.61490238e-01, -5.87337799e-02, 3.08342189e-01, 1.20016523e-01, 6.78914905e-01, -1.52734518e-01, -3.78727913e-01, -2.15208903e-01, -4.41720009e-01, -6.45930916e-02, -3.72791737e-01, -2.75774211e-01, -1.12723917e-01, -1.32866174e-01, -5.02850831e-01, -6.16431296e-01, -1.03946590e+00, -7.71095082e-02, -3.60019684e-01, -2.78997093e-01, 3.49589661e-02, -6.97554871e-02, -1.18673004e-01, -3.38013232e-01, -3.84543538e-01, -1.75429538e-01, -3.94444555e-01, -3.71574461e-01, -1.76442042e-01, -3.11620057e-01, -9.68955383e-02, 1.26614258e-01, 6.67664185e-02, 7.05599040e-02, -3.91202360e-01, -4.79053669e-02, -4.08450156e-01, -3.87260795e-01, -2.17238665e-01, -2.35478193e-01, -1.83504745e-01, -3.76511216e-01, -3.40606570e-01, -4.98519897e-01, -3.43705416e-01, -3.13478082e-01, -9.13319141e-02, -1.13170847e-01, -4.52632397e-01, -5.24266720e-01, -1.43353850e-01, -9.12000462e-02, -1.67737544e-01, 4.83500585e-02, -1.05791919e-01, -9.61841643e-02, -9.23430473e-02, -1.16642065e-01, -3.60216498e-02, -1.03459455e-01, -1.48095012e-01, -2.02546537e-01, -1.80633068e-01, -2.18808681e-01, -1.52473286e-01, 
-4.27514613e-02, -1.36012305e-02, -1.01282559e-02, -3.66472751e-02, -4.59643155e-02, -4.44661006e-02, -2.45976765e-02, -1.93163678e-02, -6.36612773e-02, -1.02890804e-01, -1.27597637e-02, -1.30305327e-02, 1.71540380e-02, -7.12571815e-02, -1.42703913e-02, 1.75596271e-02, -5.16648069e-02, 7.85520952e-03, -7.98253119e-02, -3.19890678e-02, -1.03225529e-01, 3.22252885e-02, -1.70392901e-01, -2.32286513e-01, -1.33418724e-01, -4.05343801e-01, -3.53306115e-01, -5.65102220e-01, -7.58055151e-02, 1.28152013e-01, 2.54155755e-01, 2.08917573e-01, 6.17841840e-01, -2.48706385e-01, -2.01086119e-01, -2.20850468e-01, -2.22207591e-01, -3.23040932e-01, 9.43274945e-02, 8.42277706e-02, -5.40617704e-02, -2.04347521e-01, -3.57791543e-01, -4.71470892e-01, -2.75867224e-01, -7.06520617e-01, -3.26586962e-01, -4.06149000e-01, -2.65968144e-01, 4.12317105e-02, -5.47235310e-01, -7.95467049e-02, -3.71797025e-01, -4.57760513e-01, -2.93008894e-01, -3.77221107e-02, -4.68911082e-01, 1.35137483e-01, 2.42453307e-01, 1.54301479e-01, -6.28461316e-02, -3.02732348e-01, -2.25327715e-01, -8.66397679e-01, -4.20275703e-03, -1.96311295e-01, -4.49591398e-01, 1.44703209e-01, -1.91692233e-01, -1.40993208e-01, 3.57845783e-01, -3.98136258e-01, -1.17075406e-01, -3.24237734e-01, -3.87715280e-01, -2.42288277e-01, -6.90578163e-01, 2.97746837e-01, 2.39365101e-01, 1.50503740e-01, -2.63961762e-01, -7.29337931e-02, -2.72933662e-01, -3.58443081e-01, 5.55962086e-01, 6.59212768e-02, -1.74992621e-01, -1.88796908e-01, -2.96487480e-01, -7.41040856e-02, -2.40083620e-01, -1.31629378e-01, -1.95866656e-02, -1.67052358e-01, -1.95919991e-01, -3.78326833e-01, -1.33213565e-01, -5.84942885e-02, -3.53534706e-02, -1.08195648e-01, -1.40350163e-01, -2.35049963e-01, -1.33446082e-01, -1.85958833e-01, -1.66089073e-01, -1.04509264e-01, -1.02327242e-01, -2.34364942e-01, -4.60175574e-01, -1.33121461e-01, -1.56147540e-01, -1.89539433e-01, 
-4.13111299e-02, -2.04447955e-02, -4.09573317e-03, 2.35222168e-02, -3.26480567e-02, -5.40435612e-02, -3.44418660e-02, 6.85616769e-03, -8.12466517e-02, -1.02655843e-01, -3.10472101e-02, -4.85341772e-02, -2.49563474e-02, -6.60299323e-03, -1.31186798e-01, -1.77543480e-02, -6.37921691e-03, -5.77853210e-02, -7.47226998e-02, -1.10208020e-01, -1.12846322e-01, -1.20468847e-02, 2.47695416e-01, -1.64461896e-01, -1.06363118e-01, -1.07599273e-01, -7.80487120e-01, -1.19005106e-01, 1.67048380e-01, -5.74645221e-01, -3.98867011e-01, -7.20646083e-01, -5.96414566e-01, 4.78722125e-01, -7.01994821e-02, -5.96062243e-01, 4.99390997e-02, -2.15808555e-01, -4.54368889e-01, 8.82136300e-02, -3.30290854e-01, -2.13061452e-01, -3.20136219e-01, -3.21027309e-01, -2.88093567e-01, -2.46412233e-01, -8.97362888e-01, -3.74262035e-01, -1.93159096e-02, -2.63324797e-01, -2.92001218e-01, -3.96930277e-01, -3.43630224e-01, -2.95086522e-02, -5.61526418e-01, -5.38762271e-01, 3.61933768e-01, -2.18666509e-01, -2.35288650e-01, -7.31547236e-01, -5.02049983e-01, 9.99221727e-02, -8.36136863e-02, -1.00518011e-01, -3.52082700e-01, -4.04790580e-01, -2.75610715e-01, -2.71336883e-01, -2.18609452e-01, -1.97481096e-01, 2.25311920e-01, -4.83737960e-02, 1.50998067e-02, 7.94899821e-01, -1.04903370e-01, 3.49840283e-01, 4.82391387e-01, -1.79336131e-01, -4.55218703e-01, -4.73652244e-01, -2.68309593e-01, -3.83631408e-01, -1.20275766e-01, -6.51437044e-01, -6.44503459e-02, 9.89929028e-03, -4.01009798e-01, -2.27386892e-01, -3.10017914e-01, -3.54264319e-01, -2.84655541e-01, -3.05538237e-01, -4.08160418e-01, -3.62003505e-01, -3.79165322e-01, -3.56820256e-01, -2.47002959e-01, -1.44218683e-01, -1.90805137e-01, -1.93668634e-01, -1.13125093e-01, -2.03088984e-01, -1.83680996e-01, -1.47511721e-01, -8.66516531e-02, -2.78918982e-01, -2.27166802e-01, -2.32156992e-01, -1.53750539e-01, -8.75597149e-02, -1.48488387e-01, -3.31842154e-01, 
-2.50666961e-02, -3.45455930e-02, -3.11112031e-02, -4.73179854e-03, -7.75833130e-02, -4.62878495e-02, -6.22863546e-02, -1.14763621e-02, -9.30323005e-02, -4.20735553e-02, -8.36154595e-02, -1.61393266e-02, -8.79165083e-02, -4.75741439e-02, -7.44774640e-02, -4.22548875e-02, -2.48866379e-02, -6.95464313e-02, 1.89726856e-02, -5.28088808e-02, 2.38947757e-02, -2.45904356e-01, -1.75032869e-01, -5.19354343e-01, -5.34163535e-01, -4.02059674e-01, -8.77731964e-02, -1.70089871e-01, -1.51465923e-01, -5.73728979e-01, -3.07270229e-01, -4.01537925e-01, -1.74322575e-01, -5.87686360e-01, -5.16270697e-02, -2.17342675e-01, -2.16008946e-01, -2.43456349e-01, -3.44123840e-01, -5.74957788e-01, -3.18586171e-01, -2.92482734e-01, -4.76489693e-01, -5.80690801e-01, -4.92822379e-01, -4.34031099e-01, -4.73019332e-01, -1.76654942e-03, 1.17831692e-01, -4.00132477e-01, -2.17585750e-02, -2.98626274e-01, -3.22664201e-01, -2.84734964e-01, -2.63091959e-02, 1.83493212e-01, -4.31606501e-01, 1.04166657e-01, -5.00163250e-02, -3.81945819e-01, -1.91516533e-01, 7.35388845e-02, -5.98497428e-02, -7.50437453e-02, -3.14704061e-01, -9.19917822e-02, 1.16862811e-01, 2.67759487e-02, 1.17119007e-01, -2.56619632e-01, -4.64717656e-01, -7.17330456e-01, 1.82720497e-01, -3.17533463e-02, 1.37344420e-01, -8.50204974e-02, 2.30530381e-01, -3.00122835e-02, -1.38327301e-01, -2.33873382e-01, -3.58255804e-01, -1.36104673e-01, -1.51147693e-01, 2.21724555e-01, -4.22906429e-02, 2.44224053e-02, -3.03471476e-01, -1.74757540e-01, 1.13195032e-01, 1.51998132e-01, 1.60899609e-01, 3.76675040e-01, 4.55220819e-01, 7.12209404e-01, 6.15723073e-01, 3.57449293e-01, 1.05696265e-03, -2.82865822e-01, -8.58095139e-02, -2.09198445e-01, -5.85043393e-02, -1.18155971e-01, 3.79897356e-02, -6.02216534e-02, -1.19086429e-01, -1.56865805e-01, -1.31137013e-01, -2.38128528e-01, -2.75913119e-01, -3.22582036e-01, -2.40024090e-01, -7.95626044e-02, 
-6.07111864e-03, -2.24892069e-02, -3.07182632e-02, -4.43542264e-02, -5.01893163e-02, -1.30964547e-01, -1.44812122e-01, -7.57046565e-02, -1.53056905e-02, -1.21106185e-01, -1.40088603e-01, -4.54106331e-02, -7.23893791e-02, -1.72322355e-02, -8.56105760e-02, -3.87941003e-02, -1.05626553e-01, -7.36182407e-02, -5.26623055e-02, -6.75942749e-02, -1.36436418e-01, -1.96569785e-01, -3.67174327e-01, -3.90267551e-01, -4.85032916e-01, -4.92363542e-01, -6.26717865e-01, -5.69967091e-01, -2.34805793e-01, -5.11948943e-01, 2.89161295e-01, 1.55075610e-01, -3.23695570e-01, -2.69005001e-01, -1.72136486e-01, -3.36134255e-01, -5.14060915e-01, -3.60399127e-01, -3.32750916e-01, -2.57537216e-01, -1.78446770e-01, 9.03236419e-02, -1.41368926e-01, -3.27472657e-01, -2.96176463e-01, -3.55993688e-01, -3.26123148e-01, -1.24620460e-03, -5.55848360e-01, -1.31124496e-01, 1.35476798e-01, -2.26631403e-01, 2.38862246e-01, -1.14404835e-01, -4.01950181e-01, -2.05297500e-01, -1.00825980e-01, -4.26613718e-01, 2.93551415e-01, -5.75416796e-02, -2.40125190e-02, 1.12715542e-01, -4.07129228e-02, -4.64897931e-01, -5.81443012e-01, -2.16276586e-01, 9.65074226e-02, -3.79228592e-01, -3.93867463e-01, -2.17827857e-01, -6.01872131e-02, -2.58829463e-02, -4.99407977e-01, -5.31255826e-02, 2.06227735e-01, 2.37137899e-01, 4.32133496e-01, 1.82345450e-01, -3.54869455e-01, -2.41099987e-02, 1.10435206e-02, -1.79570496e-01, -1.86792120e-01, -2.80901909e-01, -1.60351276e-01, -1.34344026e-02, -1.24132752e-01, -2.26909071e-02, -2.21581966e-01, -2.28376284e-01, -1.24762040e-02, -9.04074982e-02, -2.43598580e-01, -2.81196356e-01, -2.65681803e-01, -1.74809054e-01, -2.92883217e-01, 2.58362759e-02, 7.12114155e-01, 5.86976886e-01, -2.68194407e-01, -1.00838751e-01, 7.23495036e-02, 7.23732263e-02, 3.09893370e-01, 2.90816009e-01, -1.48583114e-01, -2.86262572e-01, -2.33920500e-01, -4.70232487e-01, -6.33625016e-02, -3.92673165e-02, 
-5.12646213e-02, -3.96445468e-02, -5.11564165e-02, -1.23233236e-02, -6.73480853e-02, -7.78693706e-02, -9.68064070e-02, -6.98798597e-02, -7.48622417e-02, -8.24175104e-02, -8.88510346e-02, -9.03082266e-02, -3.57469991e-02, -2.29275972e-03, -7.51400217e-02, -6.42925054e-02, -5.69672137e-02, -2.12338045e-02, -1.67305507e-02, -8.61296505e-02, -1.15396634e-01, -2.64648236e-02, -1.66281253e-01, -2.06199273e-01, -3.14891517e-01, -1.15953818e-01, -4.31170315e-01, -4.63003576e-01, -6.84595853e-02, 1.99553594e-01, -3.29149902e-01, -4.71102685e-01, 3.52328867e-01, 2.71360457e-01, -1.60222992e-01, -7.17039526e-01, -3.44234794e-01, -3.77095222e-01, -2.78475136e-01, -3.35715324e-01, -3.37876320e-01, -4.60066140e-01, -3.26912403e-01, -2.39679694e-01, -3.29221398e-01, -3.94086868e-01, -3.90671670e-01, -3.58072013e-01, -6.90476835e-01, -3.26572895e-01, -4.48763430e-01, 6.30400851e-02, 1.22926064e-01, -2.81638410e-02, 1.53332621e-01, 2.78204590e-01, -1.43907033e-02, -5.05407602e-02, 3.75415325e-01, -1.03807464e-01, -2.28311747e-01, 4.14471120e-01, 1.08090498e-01, 1.10511109e-03, -1.06447950e-01, -2.91632205e-01, -1.47626758e-01, -9.64286998e-02, -3.53218257e-01, -6.15922213e-01, -4.78936359e-02, -3.09380621e-01, -5.87487042e-01, -4.92994577e-01, -4.82317388e-01, -1.61956355e-01, -1.23549774e-01, -7.12449178e-02, -1.99631035e-01, 1.79817397e-02, -7.87819102e-02, -1.03125691e-01, -6.72618523e-02, 3.05093210e-02, -5.17166182e-02, -8.34353715e-02, -2.59198517e-01, -1.79914489e-01, 3.93382534e-02, 2.71228235e-02, -2.43053347e-01, -1.20199099e-03, 4.38529998e-03, 6.81288987e-02, 9.07196999e-02, -1.50882408e-01, -6.07002899e-02, -1.27523318e-01, -3.66739869e-01, -3.26766729e-01, -1.04424313e-01, 7.64939070e-01, 4.14922953e-01, -2.09522452e-02, -4.28319037e-01, -3.49705309e-01, -3.98828745e-01, -2.76513129e-01, 2.66283393e-01, -1.90466270e-01, 4.52679902e-01, -4.67817262e-02, 
-5.31492420e-02, -1.77851871e-01, -8.80206823e-02, -1.06707007e-01, -8.54883939e-02, -1.53494105e-01, -9.67377797e-02, -6.45434186e-02, -1.35573208e-01, -1.16601981e-01, -7.05729797e-02, -9.87752676e-02, -4.74687815e-02, -7.09830299e-02, -3.83889377e-02, -5.25534824e-02, -7.07639009e-02, 1.26468129e-02, -5.22366241e-02, -2.97550205e-02, -7.44161308e-02, 2.59048156e-02, -1.16222441e-01, -2.67595291e-01, -4.54515219e-01, -3.67886692e-01, -4.62354809e-01, -2.17548400e-01, 8.47601667e-02, 3.80299613e-02, -4.01066184e-01, -1.93636551e-01, -3.19158465e-01, -2.91967541e-01, -2.58072019e-01, -3.34740222e-01, -3.88188541e-01, -3.94379914e-01, -2.13325322e-01, -5.99065602e-01, -5.08415699e-01, -4.52509165e-01, -1.14347547e-01, -3.10297072e-01, -3.92816901e-01, -4.41672564e-01, 1.81630738e-02, -2.13819578e-01, -1.84430614e-01, -4.08625267e-02, -6.45930469e-02, 2.30289668e-01, 2.96932280e-01, 9.73709971e-02, -2.41352350e-01, -7.72425979e-02, -4.83429134e-02, -3.05520326e-01, -1.32093817e-01, 5.65804169e-02, -2.45244980e-01, 2.94870406e-01, -1.04307920e-01, -6.76400959e-01, -4.15901601e-01, -2.83209980e-01, 3.98390517e-02, -8.22597146e-02, -4.45017159e-01, -4.88595307e-01, -1.90614551e-01, -1.06339827e-01, -2.03203410e-01, -3.62930477e-01, 2.19644785e-01, -3.77259105e-02, -9.95619223e-02, 1.20148379e-02, -4.79360968e-02, -2.46928502e-02, 4.93006669e-02, -1.85020454e-03, -2.21975997e-01, 2.60971367e-01, 2.25676283e-01, -4.15546373e-02, 5.54098636e-02, 9.35129672e-02, 1.79707408e-01, 7.73012787e-02, 3.45898494e-02, -6.38116598e-02, -1.12769201e-01, -1.45384490e-01, -2.17658833e-01, -7.22251907e-02, 8.14116299e-02, 3.59220915e-02, 1.17788631e-02, -2.30351761e-01, -3.48335862e-01, -5.05338550e-01, -9.32155550e-03, 3.23306143e-01, 2.75232732e-01, 3.45540419e-02, 1.60729557e-01, -3.12021822e-01, -2.91839913e-02, -1.69328138e-01, -4.03516650e-01, 3.51662785e-01, 
-8.55706632e-02, -8.04440901e-02, -1.24571264e-01, -8.95548016e-02, -8.43915492e-02, -7.21390843e-02, -8.67965668e-02, -9.91141722e-02, -9.09799635e-02, -9.38195437e-02, -1.04857035e-01, -2.83789784e-02, -4.83600497e-02, -5.99880740e-02, -1.37682080e-01, -6.26338646e-02, -7.90923610e-02, -5.43164089e-02, -4.39606383e-02, -3.17707658e-02, -9.96731371e-02, -1.32940814e-01, -2.82829642e-01, -2.72139609e-01, -2.16024816e-01, -3.80997688e-01, 6.81766346e-02, -1.32469475e-01, -8.18311572e-02, 5.62067628e-01, 2.81381309e-01, -3.58627498e-01, -3.74778479e-01, -4.92292404e-01, -2.62210090e-02, -1.24458663e-01, -3.12977225e-01, -3.83922040e-01, -4.27741706e-01, -2.27839231e-01, -2.89673984e-01, -2.27720737e-01, -4.90755618e-01, -2.63907760e-01, -3.76473844e-01, -2.94946641e-01, -2.23015100e-01, -2.25249588e-01, -1.96844310e-01, -3.77033323e-01, -2.10684225e-01, -5.51882029e-01, -3.21839005e-02, -3.00483197e-01, -4.68471348e-02, 1.76077425e-01, -3.31171364e-01, 1.04338810e-01, 4.86172512e-02, 1.43916234e-02, -5.19131124e-02, 8.94431174e-02, 2.54348427e-01, -6.15517080e-01, -2.75678128e-01, 1.63690627e-01, -1.30006060e-01, -3.24062943e-01, -2.92318240e-02, -2.74746925e-01, -2.71150947e-01, -3.21810126e-01, -1.38001412e-01, -2.27452084e-01, -1.76395997e-01, 4.25158404e-02, 4.21471372e-02, -1.50337458e-01, 2.20940709e-01, 7.29852319e-02, 3.11940629e-02, 3.37889165e-01, 2.63885587e-01, 1.93089172e-01, 5.40247969e-02, 7.67471790e-02, -1.44927040e-01, 2.57139266e-01, 1.22082271e-01, 1.28379926e-01, -8.24175961e-03, 1.64948687e-01, 1.05563506e-01, 1.13380805e-01, 7.67680481e-02, -3.68431717e-01, -2.13815913e-01, 2.14160085e-02, -7.12395683e-02, 6.90687820e-02, 1.82802603e-01, -3.01109225e-01, -2.34462366e-01, -4.57417309e-01, -2.35925347e-01, 1.55855447e-01, -2.85563678e-01, 1.31026834e-01, 2.88805924e-02, -1.58050790e-01, -3.07892770e-01, -4.49247360e-01, 
-4.33662310e-02, -4.79234681e-02, -6.15752414e-02, -1.14939258e-01, -6.41909540e-02, -1.03779696e-01, -1.08450286e-01, -6.81472570e-02, -7.75146782e-02, -9.88372266e-02, -1.05510846e-01, -9.38900933e-02, -7.44148344e-02, -1.22601166e-01, -1.04662009e-01, -8.23152736e-02, -6.75032511e-02, -5.94706833e-02, -9.07164291e-02, -1.30564764e-01, -9.65773389e-02, -2.28086114e-02, -8.42646509e-02, -3.78666312e-01, -3.69998336e-01, -2.24228844e-01, -1.79090410e-01, -6.41313493e-02, -1.11653179e-01, 1.17789030e-01, -2.76701212e-01, -1.02497693e-02, -1.20946981e-01, 9.36181694e-02, -2.70515531e-01, -4.95402038e-01, -3.71055841e-01, -3.38879228e-01, -4.44859505e-01, -2.06970543e-01, -4.68607873e-01, -3.29933643e-01, -2.76830554e-01, -3.84394258e-01, -3.61629039e-01, -3.05371612e-01, -1.48123592e-01, -2.55323619e-01, -1.46060124e-01, -2.33474106e-01, -2.41493016e-01, -2.26322681e-01, -2.30177507e-01, -2.49722898e-01, -7.28955492e-02, -1.34577215e-01, -4.64258157e-02, -2.50663459e-01, -2.98983991e-01, -2.77529806e-01, -5.12148559e-01, -2.75751382e-01, 4.50167000e-01, 3.31805944e-01, -1.42019957e-01, -8.12734544e-01, -2.86074430e-01, -3.89987044e-02, 6.79856911e-02, -2.20583290e-01, -1.18964568e-01, -1.83080390e-01, -8.79458264e-02, -1.38937399e-01, -9.12964493e-02, 7.92863071e-02, 6.33602589e-02, -1.70352057e-01, -3.55395347e-01, -2.59742886e-01, 4.54353727e-03, -1.93440337e-02, 3.24990153e-02, 4.93059829e-02, -2.32288510e-01, 1.10127680e-01, 1.18101910e-02, -3.83078083e-02, 1.99074950e-02, -7.66954422e-02, 7.66475797e-02, 1.03561290e-01, 2.48856440e-01, 2.54490912e-01, 1.57234937e-01, 6.34056553e-02, -4.45598587e-02, -5.06918095e-02, -6.80595040e-02, 4.29468229e-02, -2.80439585e-01, -3.38719815e-01, -2.68950313e-01, -2.83979297e-01, -8.43798295e-02, 3.68669391e-01, 1.92130476e-01, 3.88220958e-02, 1.07433654e-01, -2.10857183e-01, -3.03887635e-01, -2.12134778e-01, 
-9.98546407e-02, 1.51708163e-02, 1.14301890e-02, -1.13201309e-02, -5.13611138e-02, -1.03844404e-01, -1.79040745e-01, -1.25831783e-01, -7.72054419e-02, -1.13218337e-01, -1.13351151e-01, -5.69609962e-02, -1.00070037e-01, -6.07785136e-02, -6.74488544e-02, -7.93779641e-02, -8.15459937e-02, -1.01316661e-01, -1.20093964e-01, -1.72097385e-01, -3.83344591e-02, -1.29881710e-01, -6.25215247e-02, -3.05347383e-01, -1.80677816e-01, -4.57133591e-01, -3.61031473e-01, -3.76632303e-01, -4.58490312e-01, -6.01937771e-01, -1.55108832e-02, -1.26475200e-01, 1.94052726e-01, -1.24306999e-01, -4.61604536e-01, -1.75141022e-01, -2.48612106e-01, -4.88433331e-01, -5.11353910e-01, -5.84062874e-01, -4.13909614e-01, -4.72561091e-01, -4.71465498e-01, -4.15359497e-01, -4.13246244e-01, -4.13876206e-01, -3.52494150e-01, -6.70596138e-02, -6.53174147e-02, -3.26970726e-01, -2.09660500e-01, 2.55199336e-02, -9.18402001e-02, -4.67506677e-01, -4.17874418e-02, -1.49762779e-01, -2.28581458e-01, 8.50090832e-02, 2.57902414e-01, -5.41411936e-02, -1.78090602e-01, 5.60919642e-02, 2.74181157e-01, 6.34781346e-02, -6.84411645e-01, 6.85728937e-02, -4.75448459e-01, -3.70903373e-01, -3.47587168e-01, -1.20045274e-01, -2.17735514e-01, -2.55883206e-02, -1.09968215e-01, -1.77222103e-01, 1.95356645e-02, 2.27116328e-02, 5.72079159e-02, 8.34542960e-02, 2.28717491e-01, 1.11212730e-01, -1.46244362e-01, -1.49505049e-01, -2.17205718e-01, -7.53422529e-02, -2.55207904e-03, -1.08046398e-01, -2.01369345e-01, -1.61325395e-01, 1.50214657e-01, 1.35551810e-01, 2.30281368e-01, 9.11860317e-02, 1.11233778e-01, -2.83787530e-02, 1.39015168e-01, 2.81163454e-01, 1.96534142e-01, -2.70159356e-03, -1.11560471e-01, -2.30702460e-01, -5.05883321e-02, -1.42903656e-01, 1.24266297e-01, -1.21369518e-01, -1.05049044e-01, 1.22318625e-01, 9.05516446e-02, 3.00471574e-01, 8.19965750e-02, -3.15255672e-01, -2.66459644e-01, -3.00656974e-01, 
-4.78418134e-02, -8.79379660e-02, -5.77344857e-02, -9.28051174e-02, -1.48252547e-01, -1.22457445e-01, -4.88437377e-02, -5.77978417e-02, -8.11725110e-02, -1.45865753e-01, -9.10456181e-02, -3.08238901e-03, -4.70151827e-02, -6.24247491e-02, -8.10063407e-02, -1.20003879e-01, -7.27061033e-02, -9.28088203e-02, -1.18497238e-01, -1.49097294e-01, -1.38155997e-01, -1.30405664e-01, -2.02108264e-01, -4.28185284e-01, -3.39713991e-01, 2.36602575e-01, -3.54871601e-02, -1.71737939e-01, -3.20777565e-01, -6.35204017e-02, 5.20055711e-01, -4.18567620e-02, 1.23698078e-01, -2.81230628e-01, -1.45361334e-01, -6.06555492e-03, -4.00879323e-01, -2.75031209e-01, -3.39200288e-01, -4.31431741e-01, -2.86583841e-01, -2.48840079e-01, -3.67550492e-01, -3.53437275e-01, -3.25998545e-01, -3.23972702e-01, -3.13482344e-01, 2.26377137e-03, 3.93432565e-03, -2.52779871e-01, 2.47272030e-02, 7.30110928e-02, -3.00672799e-02, -2.45862246e-01, -1.67019680e-01, -8.17371160e-02, 1.75032467e-02, -4.23689336e-02, 7.32844835e-03, -8.94048065e-02, -1.79231524e-01, -9.21907276e-03, -5.16858637e-01, -3.96600932e-01, -9.01184455e-02, -2.72016138e-01, -1.44436002e-01, -4.40858305e-04, -2.00367108e-01, -1.76112521e-02, -1.12643890e-01, -2.69560397e-01, -1.92861393e-01, -2.21591562e-01, -9.00482759e-02, -1.75194174e-01, -1.96943432e-01, -1.13309503e-01, -1.17916577e-01, 2.22117752e-02, -1.54805496e-01, -1.32156536e-01, -7.43436627e-03, 7.86470622e-02, 7.18067735e-02, -4.99363095e-02, 7.94367790e-02, 8.00883248e-02, 2.33594477e-02, -1.82807092e-02, -4.83144261e-02, 4.02368009e-02, -1.26648724e-01, 1.48861945e-01, -8.82765278e-04, -6.19459227e-02, 4.08450663e-02, 1.35584518e-01, 4.74736392e-02, 4.62363064e-02, -1.28565565e-01, -1.39940843e-01, -2.17641354e-01, -8.86474326e-02, -9.46213603e-02, 5.15057743e-02, -1.09531172e-01, 1.80380955e-01, -2.67268538e-01, -1.09237000e-01, -2.45960087e-01, -2.57591605e-01, 
-9.95195433e-02, -2.28045806e-01, 4.39855643e-02, 4.89785671e-02, -1.82210431e-01, -3.36637706e-01, -7.39547014e-02, 2.04320744e-01, 1.74683988e-01, -1.64172184e-02, -5.81488013e-02, -1.16863973e-01, -3.77724990e-02, -7.90810362e-02, -1.29556626e-01, -1.30300105e-01, -1.79118253e-02, -6.53774887e-02, -1.97514415e-01, -2.31366679e-01, -1.81203187e-01, 1.51050556e-02, -2.04365328e-01, -3.06624979e-01, -7.65454024e-02, -2.47074336e-01, -4.28214490e-01, -1.00534946e-01, -1.56995788e-01, -4.54333574e-01, -7.25454092e-02, -2.78452456e-01, -2.41727307e-01, -2.78456211e-02, 2.64227659e-01, -2.24692002e-01, -3.89748752e-01, -4.06743169e-01, -4.63381737e-01, -4.72676724e-01, -3.97726327e-01, -4.29943323e-01, -4.40644860e-01, -3.99764627e-01, -4.11471367e-01, -4.31365252e-01, -2.99527496e-01, -3.14225942e-01, -2.68725365e-01, -2.94778079e-01, -3.17300558e-01, -3.31929088e-01, -3.60222876e-01, -2.58952618e-01, -2.72702456e-01, -3.79099175e-02, -2.69380927e-01, -2.19065741e-01, 4.17971388e-02, 3.62560600e-02, -2.27271527e-01, -1.35526627e-01, -2.36248747e-01, -1.07744522e-01, -4.71649431e-02, -2.45218679e-01, -2.22633198e-01, -1.14846326e-01, 1.62216142e-01, -5.76261580e-02, 3.22187170e-02, -3.95477712e-02, -1.29168734e-01, -1.71181247e-01, -3.32432352e-02, -2.95889616e-01, -1.52622685e-01, -3.02261673e-03, -2.26327684e-02, -1.76754575e-02, 3.02305408e-02, -1.85981333e-01, -1.37421310e-01, -1.22158632e-01, -2.22113699e-01, -1.23375207e-01, -9.52444375e-02, -1.96678653e-01, -1.35089248e-01, -3.25787812e-02, -2.99237762e-02, 7.49941543e-03, 1.50891006e-01, -6.12407997e-02, -8.83188695e-02, 2.16016453e-02, 7.25132450e-02, -3.38530093e-02, -3.88615280e-02, -3.84088643e-02, -2.47685984e-01, 1.04751997e-02, -2.01189369e-01, -3.45449626e-01, -3.87622565e-02, 3.58293280e-02, -1.38972342e-01, 2.53280461e-01, 7.16152310e-01, 4.41129297e-01, 3.75346363e-01, -8.59598815e-02, 
1.29361749e-01, 1.19914427e-01, -8.01376998e-01, 4.52226579e-01, 4.09745008e-01, -3.19328569e-02, 1.26504496e-01, -5.59210964e-03, 2.19424248e-01, 1.95286572e-01, 1.23241264e-02, -1.15624815e-03, -2.38402814e-01, -2.00646952e-01, 2.55976487e-02, 8.20159614e-02, 1.59500971e-01, 9.07947421e-02, 2.04940647e-01, 2.43303448e-01, 1.01714991e-01, -1.14764571e-01, -3.48766208e-01, -2.66003817e-01, -2.59875119e-01, 1.00561187e-01, -2.70026177e-01, -2.98745781e-01, -1.36532068e-01, 2.61891991e-01, 1.60207361e-01, 2.78901517e-01, 1.30543754e-01, -9.14212018e-02, -2.28460521e-01, -1.84796602e-01, -4.56320763e-01, -2.14244634e-01, -1.79075837e-01, -3.85957152e-01, -3.82649779e-01, -4.03927267e-01, -3.05841684e-01, -3.65760297e-01, -3.49401593e-01, -4.24107790e-01, -3.01870048e-01, -3.97811025e-01, -2.08602995e-01, -2.71465421e-01, -8.35193880e-03, -1.41532451e-01, -1.75346971e-01, 4.92422562e-03, 1.12726949e-01, 1.53374493e-01, 2.59961188e-01, -2.60510117e-01, 1.29482165e-01, 8.26571509e-03, -3.08019519e-01, -2.43422017e-01, -1.38475478e-01, -3.15673351e-01, -1.64639711e-01, 6.70571104e-02, -1.54471874e-01, -6.32807165e-02, -2.18336731e-01, -1.31824445e-02, -3.76619250e-01, -2.90647484e-02, -1.09715313e-01, 1.07833281e-01, -7.27044195e-02, -7.75128007e-02, -9.02752727e-02, -1.72705784e-01, -1.03724882e-01, -1.36489555e-01, -1.39321595e-01, -7.45560080e-02, -2.16642335e-01, -9.48053524e-02, 7.24796019e-03, -1.40214562e-01, -1.02308884e-01, -1.42536700e-01, -1.55865476e-01, -8.66455436e-02, 4.09245417e-02, -1.94018245e-01, -2.12933347e-01, -1.83882982e-01, -1.40964817e-02, 1.34263292e-01, 1.44754291e-01, 4.82710004e-02, -1.37476370e-01, 1.90866515e-01, 3.37682247e-01, -1.29959956e-02, -1.50042072e-01, -3.54951173e-01, -1.67743564e-01, -6.05820715e-01, -9.10981059e-01, -1.34100938e+00, 2.19049335e-01, 3.68614078e-01, 1.46417722e-01, -2.73283958e-01, 
-1.76025867e-01, -7.77189136e-02, 4.69972074e-01, -5.77743165e-02, -2.34012511e-02, -3.94625813e-02, -3.55589017e-02, 5.41785583e-02, -4.01787572e-02, 5.52681014e-02, 1.41265050e-01, 1.75515890e-01, 3.08431596e-01, 8.03089235e-03, -9.98305008e-02, -6.55179322e-02, -8.10818523e-02, -7.52406940e-02, -1.44563705e-01, -1.11663908e-01, -9.43914577e-02, -4.43629026e-02, -1.66138783e-01, -3.81675333e-01, 5.67999929e-02, -3.02375019e-01, -3.08645546e-01, -1.47978351e-01, -2.97033966e-01, 1.65985286e-01, -1.99518532e-01, 1.00657441e-01, 8.97087306e-02, -1.11239478e-01, -4.65578288e-01, -4.16317672e-01, -3.89001817e-01, -2.42874935e-01, -3.50541025e-01, -3.80414188e-01, -3.30892533e-01, -3.06092083e-01, -3.38305295e-01, -3.87414873e-01, -3.51847559e-01, -3.68255764e-01, -3.78888220e-01, -3.29575658e-01, -1.99883163e-01, -3.57653171e-01, -1.64802849e-01, -1.47117794e-01, -1.16275191e-01, -1.23387203e-01, 1.30964831e-01, 1.33817554e-01, -1.43061534e-01, -4.75188881e-01, -1.63476631e-01, -1.53339639e-01, -3.40543926e-01, -3.55344981e-01, -2.97239125e-01, -2.04587013e-01, -2.10931018e-01, -3.35997164e-01, -1.00521661e-01, -9.88172591e-02, -1.49365634e-01, -1.05813295e-01, -2.37163514e-01, -2.26778269e-01, -1.33631960e-01, -1.83484778e-01, -1.46347538e-01, -1.67369887e-01, -5.69874495e-02, -6.71892688e-02, -1.81254566e-01, -1.36657611e-01, -1.09483212e-01, -2.37825885e-01, -9.53269675e-02, -2.04786763e-01, -1.93040565e-01, -1.26051843e-01, -3.69428210e-02, -4.59523499e-02, 7.46759921e-02, 6.70599341e-02, -5.65518588e-02, 1.17033340e-01, 5.80185577e-02, 1.57957613e-01, -2.09393669e-02, 3.78055349e-02, 4.89146486e-02, -6.95499964e-03, 2.25117803e-02, -1.27210557e-01, -5.27734682e-02, -5.52336238e-02, -1.00385189e-01, -1.91993624e-01, -4.21756536e-01, -4.30995613e-01, 7.95292854e-02, 1.60557374e-01, -6.05045378e-01, -7.52616644e-01, -4.42915112e-02, -5.03086030e-01, 
-5.52807331e-01, -3.42390448e-01, -2.69360989e-01, -9.14843529e-02, 1.16241217e-01, 1.84919864e-01, 2.11259976e-01, 5.56766212e-01, -4.41627741e-01, -6.53032839e-01, -3.42156649e-01, -2.58751333e-01, -7.83211365e-02, 8.05091113e-04, -9.37099457e-02, -4.07455340e-02, -4.92581353e-02, -2.27939129e-01, -1.56604856e-01, -1.82148725e-01, -1.15738437e-01, -1.07314922e-01, -1.51651621e-01, -3.24393868e-01, -1.76061973e-01, -3.62387627e-01, -3.19782972e-01, -1.80208161e-01, -1.14655204e-01, 1.13922343e-01, -3.08381826e-01, -1.63527489e-01, -4.50569719e-01, -3.57067227e-01, -5.04357100e-01, -4.90473747e-01, -4.04806077e-01, -3.05634260e-01, -4.35564697e-01, -4.01466131e-01, -4.22090709e-01, -3.91242921e-01, -3.75221401e-01, -4.15133923e-01, -5.42030036e-01, -4.06534046e-01, -3.40014994e-01, -2.96686947e-01, -2.09194630e-01, -2.98070312e-01, -2.82664359e-01, -9.72202793e-02, -3.59374881e-02, 1.24330483e-02, 9.61330459e-02, 2.01159880e-01, -5.72962128e-02, -2.14606076e-01, -1.29392743e-03, -2.24584609e-01, -3.15466017e-01, -3.07015628e-02, -1.66414648e-01, -1.47646114e-01, -9.13624987e-02, 4.41848896e-02, -7.24065602e-02, -1.59850083e-02, -8.90953690e-02, -1.91041142e-01, -1.35116398e-01, 8.77514184e-02, -4.47233841e-02, -3.43422920e-01, -4.39719439e-01, -2.35488221e-01, -2.76029885e-01, 2.77574062e-02, -1.08220577e-02, -1.37011692e-01, -2.73001671e-01, -5.97710237e-02, -1.14692822e-01, -1.21237755e-01, -1.00282587e-01, 9.09409672e-03, 4.31915373e-02, 4.65802193e-01, 6.41352832e-02, -1.32349327e-01, 1.75136864e-01, -3.92271727e-02, -4.20321152e-02, -1.97481692e-01, -2.45898545e-01, -2.24298596e-01, -1.79639563e-01, -1.37403637e-01, -4.32043821e-02, 1.92502327e-02, 9.67367887e-02, -5.44327088e-02, -1.77052900e-01, -3.87452304e-01, -1.99789390e-01, -9.68399122e-02, 8.26433599e-02, -1.52943864e-01, -1.71874881e-01, -8.50354880e-02, -4.59109664e-01, 1.75445542e-01, 
-2.02146322e-01, -4.66102690e-01, -1.64959550e-01, -7.19407722e-02, -2.21304417e-01, -2.39376292e-01, -9.77368951e-01, 1.23234481e-01, 1.74297512e-01, -2.04944342e-01, -8.67788345e-02, -5.28870761e-01, 1.07237667e-01, -2.02808112e-01, 6.69034794e-02, -8.30954239e-02, -3.45923938e-02, -2.71067396e-02, -1.63354948e-01, -3.19673270e-01, -3.09347779e-01, -4.34742451e-01, -5.09255290e-01, -7.30400383e-01, -7.63628840e-01, -6.37825608e-01, -7.10153699e-01, -6.26244366e-01, -3.64220649e-01, -4.18017089e-01, -3.78796637e-01, -3.41835886e-01, -7.32128382e-01, -1.05610299e+00, -9.96288121e-01, -9.96992826e-01, -9.14574623e-01, -7.29782104e-01, -7.44862437e-01, -6.43750489e-01, -3.11889231e-01, -5.09776473e-01, -6.74355507e-01, -4.92570043e-01, -4.34909761e-01, -6.19561791e-01, -7.10177541e-01, -6.63295627e-01, -6.17073834e-01, -6.31213903e-01, -5.34309387e-01, -2.22194940e-01, -2.77521200e-02, -6.04806006e-01, 2.23969460e-01, 1.86902687e-01, -1.88800409e-01, -1.03754148e-01, 1.05826691e-01, -5.52855968e-01, -6.41965985e-01, -6.59014821e-01, -6.20934129e-01, -5.74396312e-01, -4.57158387e-01, -4.84970927e-01, -3.42761815e-01, -4.73554313e-01, -3.89330775e-01, -5.31668961e-01, -4.37186331e-01, -5.29600441e-01, -5.76220512e-01, -5.33463597e-01, -4.35083866e-01, -4.57487553e-01, -4.96469796e-01, -5.12630165e-01, -3.96429420e-01, -2.83952147e-01, -4.07857060e-01, -4.45391119e-01, -1.70632437e-01, -7.28413612e-02, -2.06761137e-01, -3.26569676e-01, -3.44484776e-01, -2.52536386e-01, -3.23660880e-01, -1.95210986e-02, -2.70530015e-01, -2.22979620e-01, -4.10451800e-01, -2.14382976e-01, 6.48621470e-04, 7.92341158e-02, 1.35539919e-01, 1.16276741e-02, 9.48387831e-02, 9.40001607e-02, 8.87726992e-02, 1.49226710e-01, -1.39206618e-01, -7.21968174e-01, -5.14695585e-01, -1.57929361e-01, -3.85903537e-01, -5.23222923e-01, -5.43324709e-01, -3.28368306e-01, -2.12809533e-01, -6.34508014e-01, 
